id;nombre;volatil;daño_por_turno;daño_creciente;cura_por_turno;prob_no_actuar;se_cura_al_retirarse;duracion;prob_recuperarse;autodaño;se_convierte_en;modificadores;tipos_inmunes;duracion_max;impide_cambio;bloquea_ataques;aguanta;cura_al_rival;mas_dificil_si_repite;captura_x
burn;Quemado;no;6,25;no;no;0;no;0;0;0;;attack:0,5;fire;0;no;no;no;no;no;1,5
confusion;Confusión;si;0;no;no;33;no;4;33;12,5;;;;5;no;no;no;no;no;1
drowsy;Somnoliento;si;0;no;no;0;no;1;0;0;sleep;;;0;no;no;no;no;no;1
endure;Aguante;si;0;no;no;0;si;1;0;0;;;;0;no;no;si;no;si;1
freeze;Congelado;no;0;no;no;100;no;0;20;0;;;ice;0;no;no;no;no;no;2,5
leech_seed;Drenadoras;si;12,5;no;no;0;si;0;0;0;;;grass;0;no;no;no;si;no;1
Paralisis;Parálisis;no;0;no;no;25;no;0;0;0;;speed:0,5;;0;no;no;no;no;no;1
paralysis;Parálisis;no;0;no;no;25;no;0;0;0;;speed:0,5;electric;0;no;no;no;no;no;1,5
poison;Veneno;no;12,5;no;no;0;no;0;0;0;;;poison|steel;0;no;no;no;no;no;1,5
protect;Protegido;si;0;no;no;0;si;1;0;0;;;;0;no;si;no;no;si;1
sleep;Dormido;no;0;no;no;100;no;3;33;0;;;;0;no;no;no;no;no;2,5
toxic;Tóxico;no;6,25;si;no;0;no;0;0;0;;;poison|steel;0;no;no;no;no;no;1,5
trapped;Atrapado;si;12,5;no;no;0;si;4;0;0;;;;5;si;no;no;no;no;1
