id;nombre;modificadores;inmune_estados;inmune_tipos;cura_al_absorber;estado_por_contacto;prob_contacto;entrada_stat;entrada_etapas;entrada_propio;con_estado_stat;con_estado_mult;poca_vida_tipo;poca_vida_umbral;poca_vida_mult;daño_recibido_tipo;stab;prioridad_estado;impide_bajadas;cura_al_retirarse;cura_ps_al_retirarse;fin_turno_stat;fin_turno_etapas;fin_turno_cura;fin_turno_con_estado;fin_turno_curar_estado;anula_daño_estado;potencia_al_atacar;potencia_al_recibir
adaptability;Adaptable;;;;0;;0;;0;no;;1;;33,33;1;;2;0;no;no;0;;0;0;no;0;no;;
blaze;Mar Llamas;;;;0;;0;;0;no;;1;fire;33,33;1,5;;0;0;no;no;0;;0;0;no;0;no;;
chlorophyll;Clorofila;;;;0;;0;;0;no;;1;;33;1;;0;0;no;no;0;;0;0;no;0;no;;
clear_body;Cuerpo Puro;;;;0;;0;;0;no;;1;;33,33;1;;0;0;si;no;0;;0;0;no;0;no;;
compound_eyes;Ojo Compuesto;;;;0;;0;;0;no;;1;;33;1;;0;0;no;no;0;;0;0;no;0;no;;
cursed_body;Cuerpo Maldito;;;;0;;0;;0;no;;1;;33;1;;0;0;no;no;0;;0;0;no;0;no;;
cute_charm;Gran Encanto;;;;0;;0;;0;no;;1;;33;1;;0;0;no;no;0;;0;0;no;0;no;;
damp;Humedad;;;;0;;0;;0;no;;1;;33;1;;0;0;no;no;0;;0;0;no;0;no;;
early_bird;Madrugar;;;;0;;0;;0;no;;1;;33;1;;0;0;no;no;0;;0;0;no;0;no;;
effect_spore;Efecto Espora;;;;0;;0;;0;no;;1;;33;1;;0;0;no;no;0;;0;0;no;0;no;;
flame_body;Cuerpo Llama;;;;0;burn;30;;0;no;;1;;33,33;1;;0;0;no;no;0;;0;0;no;0;no;;
flash_fire;Absorbe Fuego;;;;0;;0;;0;no;;1;;33;1;;0;0;no;no;0;;0;0;no;0;no;;
fluffy;Peluche;;;;0;;0;;0;no;;1;;33,33;1;;0;0;no;no;0;;0;0;no;0;no;;x0,5 [si mov.contacto]
guts;Agallas;;;;0;;0;;0;no;attack;1,5;;33,33;1;;0;0;no;no;0;;0;0;no;0;no;;
huge_power;Potencia;attack:2;;;0;;0;;0;no;;1;;33,33;1;;0;0;no;no;0;;0;0;no;0;no;;
hustle;Entusiasmo;;;;0;;0;;0;no;;1;;33;1;;0;0;no;no;0;;0;0;no;0;no;;
hyper_cutter;Corte Fuerte;;;;0;;0;;0;no;;1;;33;1;;0;0;no;no;0;;0;0;no;0;no;;
illuminate;Iluminación;;;;0;;0;;0;no;;1;;33;1;;0;0;no;no;0;;0;0;no;0;no;;
immunity;Inmunidad;;poison|toxic;;0;;0;;0;no;;1;;33,33;1;;0;0;no;no;0;;0;0;no;0;no;;
inner_focus;Fuerza Mental;;;;0;;0;;0;no;;1;;33;1;;0;0;no;no;0;;0;0;no;0;no;;
insomnia;Insomnio;;sleep|drowsy;;0;;0;;0;no;;1;;33,33;1;;0;0;no;no;0;;0;0;no;0;no;;
intimidate;Intimidación;;;;0;;0;attack;-1;no;;1;;33,33;1;;0;0;no;no;0;;0;0;no;0;no;;
iron_fist;Puño Férreo;;;;0;;0;;0;no;;1;;33,33;1;;0;0;no;no;0;;0;0;no;0;no;x1,2 [si mov.etiqueta=puño];
keen_eye;Vista Lince;;;;0;;0;;0;no;;1;;33;1;;0;0;no;no;0;;0;0;no;0;no;;
levitate;Levitación;;;ground;0;;0;;0;no;;1;;33,33;1;;0;0;no;no;0;;0;0;no;0;no;;
lightning_rod;Pararrayos;;;;0;;0;;0;no;;1;;33;1;;0;0;no;no;0;;0;0;no;0;no;;
limber;Flexibilidad;;paralysis;;0;;0;;0;no;;1;;33,33;1;;0;0;no;no;0;;0;0;no;0;no;;
magma_armor;Escudo Magma;;freeze;;0;;0;;0;no;;1;;33,33;1;;0;0;no;no;0;;0;0;no;0;no;;
magnet_pull;Imán;;;;0;;0;;0;no;;1;;33;1;;0;0;no;no;0;;0;0;no;0;no;;
marvel_scale;Escama Especial;;;;0;;0;;0;no;defense;1,5;;33,33;1;;0;0;no;no;0;;0;0;no;0;no;;
multiscale;Compensación;;;;0;;0;;0;no;;1;;33,33;1;;0;0;no;no;0;;0;0;no;0;no;;x0,5 [si propio.vida>=100]
natural_cure;Cura Natural;;;;0;;0;;0;no;;1;;33,33;1;;0;0;no;si;0;;0;0;no;0;no;;
oblivious;Despiste;;;;0;;0;;0;no;;1;;33;1;;0;0;no;no;0;;0;0;no;0;no;;
overgrow;Espesura;;;;0;;0;;0;no;;1;grass;33,33;1,5;;0;0;no;no;0;;0;0;no;0;no;;
own_tempo;Ritmo Propio;;confusion;;0;;0;;0;no;;1;;33,33;1;;0;0;no;no;0;;0;0;no;0;no;;
pickup;Recogida;;;;0;;0;;0;no;;1;;33;1;;0;0;no;no;0;;0;0;no;0;no;;
poison_heal;Antídoto;;;;0;;0;;0;no;;1;;33,33;1;;0;0;no;no;0;;0;12,5;si;0;si;;
poison_point;Punto Tóxico;;;;0;poison;30;;0;no;;1;;33,33;1;;0;0;no;no;0;;0;0;no;0;no;;
prankster;Bromista;;;;0;;0;;0;no;;1;;33,33;1;;0;1;no;no;0;;0;0;no;0;no;;
pressure;Presión;;;;0;;0;;0;no;;1;;33;1;;0;0;no;no;0;;0;0;no;0;no;;
quick_feet;Pies Rápidos;;;;0;;0;;0;no;speed;1,5;;33,33;1;;0;0;no;no;0;;0;0;no;0;no;;
regenerator;Regeneración;;;;0;;0;;0;no;;1;;33,33;1;;0;0;no;no;33,33;;0;0;no;0;no;;
rock_head;Cabeza Roca;;;;0;;0;;0;no;;1;;33;1;;0;0;no;no;0;;0;0;no;0;no;;
run_away;Fuga;;;;0;;0;;0;no;;1;;33;1;;0;0;no;no;0;;0;0;no;0;no;;
sand_stream;Chorro Arena;;;;0;;0;;0;no;;1;;33;1;;0;0;no;no;0;;0;0;no;0;no;;
sand_veil;Velo Arena;;;;0;;0;;0;no;;1;;33;1;;0;0;no;no;0;;0;0;no;0;no;;
serene_grace;Dicha;;;;0;;0;;0;no;;1;;33;1;;0;0;no;no;0;;0;0;no;0;no;;
shadow_tag;Sombra Trampa;;;;0;;0;;0;no;;1;;33;1;;0;0;no;no;0;;0;0;no;0;no;;
shed_skin;Mudar;;;;0;;0;;0;no;;1;;33,33;1;;0;0;no;no;0;;0;0;no;33,33;no;;
shell_armor;Caparazón;;;;0;;0;;0;no;;1;;33;1;;0;0;no;no;0;;0;0;no;0;no;;
shield_dust;Polvo Escudo;;;;0;;0;;0;no;;1;;33;1;;0;0;no;no;0;;0;0;no;0;no;;
solar_power;Poder Solar;;;;0;;0;;0;no;;1;;33,33;1;;0;0;no;no;0;;0;0;no;0;no;x1,5 [si mov.categoria=especial & clima=sun];
soundproof;Insonorizar;;;;0;;0;;0;no;;1;;33;1;;0;0;no;no;0;;0;0;no;0;no;;
speed_boost;Impulso;;;;0;;0;;0;no;;1;;33,33;1;;0;0;no;no;0;speed;1;0;no;0;no;;
static;Electricidad Estática;;;;0;paralysis;30;;0;no;;1;;33,33;1;;0;0;no;no;0;;0;0;no;0;no;;
stench;Hedor;;;;0;;0;;0;no;;1;;33;1;;0;0;no;no;0;;0;0;no;0;no;;
strong_jaw;Mandíbula Fuerte;;;;0;;0;;0;no;;1;;33,33;1;;0;0;no;no;0;;0;0;no;0;no;x1,5 [si mov.etiqueta=mordisco];
sturdy;Robustez;;;;0;;0;;0;no;;1;;33;1;;0;0;no;no;0;;0;0;no;0;no;;
suction_cups;Ventosas;;;;0;;0;;0;no;;1;;33;1;;0;0;no;no;0;;0;0;no;0;no;;
swarm;Enjambre;;;;0;;0;;0;no;;1;bug;33,33;1,5;;0;0;no;no;0;;0;0;no;0;no;;
swift_swim;Nado Rápido;;;;0;;0;;0;no;;1;;33;1;;0;0;no;no;0;;0;0;no;0;no;;
synchronize;Sincronía;;;;0;;0;;0;no;;1;;33;1;;0;0;no;no;0;;0;0;no;0;no;;
technician;Experto;;;;0;;0;;0;no;;1;;33,33;1;;0;0;no;no;0;;0;0;no;0;no;x1,5 [si mov.potencia<=60];
thick_fat;Sebo;;;;0;;0;;0;no;;1;;33,33;1;fire:0,5|ice:0,5;0;0;no;no;0;;0;0;no;0;no;;
torrent;Torrente;;;;0;;0;;0;no;;1;water;33,33;1,5;;0;0;no;no;0;;0;0;no;0;no;;
tough_claws;Garra Dura;;;;0;;0;;0;no;;1;;33,33;1;;0;0;no;no;0;;0;0;no;0;no;x1,3 [si mov.contacto];
trace;Calco;;;;0;;0;;0;no;;1;;33;1;;0;0;no;no;0;;0;0;no;0;no;;
vital_spirit;Espíritu Vital;;;;0;;0;;0;no;;1;;33;1;;0;0;no;no;0;;0;0;no;0;no;;
volt_absorb;Absorbe Electricidad;;;electric;25;;0;;0;no;;1;;33,33;1;;0;0;no;no;0;;0;0;no;0;no;;
water_absorb;Absorbe Agua;;;water;25;;0;;0;no;;1;;33,33;1;;0;0;no;no;0;;0;0;no;0;no;;
water_veil;Velo Agua;;burn;;0;;0;;0;no;;1;;33,33;1;;0;0;no;no;0;;0;0;no;0;no;;
