id;nombre;clase;nivel_ia;ia;usa_objetos;mochila;curar_bajo;puede_cambiar;movimientos_auto;dinero_base;equipo;frase_inicio;frase_derrota;frase_victoria
lider_brock_kanto;Brock;Líder de gimnasio;4;experto;si;super_potion:1;25;si;ia;100;geodude@12[tackle/defense_curl/rock_throw] | onix@14[tackle/bind/rock_throw/harden];¡Mi voluntad es firme como una roca!;Te he subestimado. Toma la Medalla Roca.;Te falta entrenamiento.
lider_misty_kanto;Misty;Líder de gimnasio;4;experto;si;super_potion:1;25;si;ia;100;staryu@18[tackle/water_gun/harden/rapid_spin] | starmie@21[tackle/water_gun/bubble_beam/recover]{sitrus_berry};¡Mi política es un ataque total con monstruos de agua!;Eres fuerte. Toma la Medalla Cascada.;¡El agua lo arrasa todo!
lider_surge;Teniente Surge;Líder de gimnasio;4;experto;si;super_potion:2;25;si;ia;100;voltorb@21[tackle/sonic_boom/screech/self_destruct] | pikachu@18[thunder_shock/quick_attack/thunder_wave/growl] | raichu@24[thunderbolt/quick_attack/thunder_wave/double_team];¡En la guerra, lo eléctrico me salvó la vida!;¡Uau! Toma la Medalla Trueno.;¡Electrocutado, chaval!
lider_erika;Erika;Líder de gimnasio;4;experto;si;super_potion:2;25;si;ia;100;victreebel@29[razor_leaf/wrap/poison_powder/sleep_powder] | tangela@24[constrict/vine_whip/absorb/poison_powder] | vileplume@29[petal_dance/mega_drain/sleep_powder/stun_spore];Me encantan las plantas... ¿vienes a combatir?;Oh... toma la Medalla Arcoíris.;Las flores siempre vuelven a crecer.
lider_koga;Koga;Líder de gimnasio;4;experto;si;hyper_potion:2;25;si;ia;100;koffing@37[tackle/smog/sludge/smokescreen] | muk@39[minimize/sludge/acid_armor/toxic] | koffing@37[tackle/smog/sludge/smokescreen] | weezing@43[sludge/smokescreen/toxic/self_destruct];¡Un ninja no teme al veneno!;Has demostrado tu valía. Toma la Medalla Alma.;El veneno siempre gana a la larga.
lider_sabrina;Sabrina;Líder de gimnasio;4;experto;si;hyper_potion:2;25;si;ia;100;kadabra@38[psybeam/recover/future_sight/psychic] | mr_mime@37[confusion/barrier/light_screen/psybeam] | venomoth@38[psybeam/stun_spore/leech_life/supersonic] | alakazam@43[psybeam/recover/psychic/reflect];Ya sabía que vendrías...;No lo había previsto. Toma la Medalla Pantano.;Te lo dije: lo había visto.
lider_blaine;Blaine;Líder de gimnasio;4;experto;si;hyper_potion:2;25;si;ia;100;growlithe@42[bite/roar/take_down/flamethrower] | ponyta@40[stomp/fire_spin/take_down/agility] | rapidash@42[stomp/fire_spin/take_down/agility] | arcanine@47[fire_blast/take_down/roar/extreme_speed];¡Ja! ¡Te voy a quemar hasta las cenizas!;¡Me he quemado yo! Toma la Medalla Volcán.;¡Fuego, fuego y más fuego!
lider_giovanni;Giovanni;Líder de gimnasio;4;experto;si;hyper_potion:2|full_heal:1;25;si;ia;100;rhyhorn@45[take_down/rock_slide/scary_face/earthquake] | dugtrio@42[dig/slash/earthquake/sand_attack] | nidoqueen@44[body_slam/double_kick/earthquake/thunderbolt] | nidoking@45[thrash/double_kick/earthquake/ice_beam] | rhyhorn@50[take_down/rock_slide/earthquake/horn_drill];Así que has llegado hasta aquí...;Ja... toma la Medalla Tierra.;El Team Rocket no perdona.
alto_mando_lorelei;Lorelei;Alto Mando;5;experto;si;full_restore:2;25;si;ia;100;dewgong@54[aurora_beam/rest/take_down/ice_beam] | cloyster@53[clamp/supersonic/aurora_beam/spike_cannon] | slowbro@54[amnesia/surf/psychic/withdraw] | jynx@56[double_slap/lovely_kiss/body_slam/ice_punch] | lapras@56[body_slam/confuse_ray/hydro_pump/blizzard]{sitrus_berry};Nadie puede superar mis monstruos de hielo.;Qué frío... has ganado.;Congelado, como esperaba.
alto_mando_bruno;Bruno;Alto Mando;5;experto;si;full_restore:2;25;si;ia;100;onix@53[rock_slide/screech/slam/earthquake] | hitmonchan@55[ice_punch/thunder_punch/fire_punch/mega_punch] | hitmonlee@55[high_jump_kick/mega_kick/rolling_kick/meditate] | onix@56[rock_slide/screech/slam/earthquake] | machamp@58[cross_chop/leer/focus_energy/submission]{sitrus_berry};¡Pongamos a prueba nuestros músculos!;¡Uf! Has ganado.;¡La fuerza lo es todo!
alto_mando_agatha;Agatha;Alto Mando;5;experto;si;full_restore:2;25;si;ia;100;gengar@56[confuse_ray/night_shade/hypnosis/dream_eater] | golbat@56[bite/confuse_ray/wing_attack/haze] | haunter@55[confuse_ray/night_shade/hypnosis/dream_eater] | arbok@58[bite/glare/acid/wrap] | gengar@60[confuse_ray/night_shade/hypnosis/dream_eater]{sitrus_berry};Los fantasmas no perdonan, jovencito.;Bah... ganas tú.;Jijiji...
alto_mando_lance;Lance;Alto Mando;5;experto;si;full_restore:2;25;si;ia;100;gyarados@56[hydro_pump/dragon_rage/hyper_beam/bite] | dragonair@54[agility/slam/dragon_rage/hyper_beam] | dragonair@54[thunder_wave/slam/dragon_rage/hyper_beam] | aerodactyl@58[supersonic/bite/take_down/hyper_beam] | dragonite@60[barrier/slam/agility/hyper_beam]{sitrus_berry};¡Los dragones son invencibles!;Increíble... eres el mejor.;Los dragones jamás caen.
campeon_azul;Azul;Campeón;6;experto;si;full_restore:3|full_heal:1;25;si;ia;150;pidgeot@61[hurricane/heat_wave/roost/u_turn]{life_orb}~timid#31 | alakazam@59[psychic/focus_blast/shadow_ball/recover]{life_orb}~timid#31 | rhydon@61[earthquake/stone_edge/megahorn/swords_dance]{eviolite}~adamant#31 | exeggutor@61[leaf_storm/psychic/sleep_powder/giga_drain]{leftovers}~modest#31 | gyarados@63[dragon_dance/waterfall/earthquake/ice_fang]{lum_berry}~jolly#31 | charizard@65[flamethrower/air_slash/dragon_pulse/focus_blast]{life_orb}~timid#31;¡Por fin! ¡Soy el campeón y no pienso perder contra ti!;¡¿Cómo?! ¡Mi reinado ha terminado!;¡Ja! ¡Soy el mejor del mundo!
rival_azul_bosque;Azul;Rival;2;listo;si;potion:2;25;no;ia;35;pidgeotto@17 | abra@16 | rattata@15 | squirtle@18;¡Eh! ¿Aún sigues por aquí?;¡Bah! Ha sido suerte.;¡Soy mucho mejor que tú!
rival_azul_silph;Azul;Rival;3;listo;si;hyper_potion:2|full_heal:1;25;no;ia;35;pidgeot@37 | growlithe@35 | exeggcute@38 | alakazam@35 | wartortle@40{oran_berry};¡Tú otra vez! ¡Aparta!;¡Grr! ¡Vete a salvar Silph si quieres!;¡Ja! ¡A ver si entrenas más!
rocket_monte_moon;Soldado Rocket;Team Rocket;3;listo;si;;25;no;ia;30;rattata@13 | zubat@13;¡Estos fósiles son del Team Rocket!;¡Maldición!;¡No te metas con el Team Rocket!
rocket_escondite;Soldado Rocket;Team Rocket;3;listo;si;super_potion:1;25;no;ia;30;drowzee@21 | machop@21 | koffing@23;¡Intruso!;¡Ay! ¡Se lo diré al jefe!;¡Fuera de aquí!
rocket_silph;Soldado Rocket;Team Rocket;3;listo;si;super_potion:1;25;no;ia;30;golbat@33 | arbok@33 | raticate@33;¡Silph S.A. es nuestra!;¡No puede ser!;¡Larga vida al Team Rocket!
joven_ben;Ben;Joven;1;novato;no;;25;no;ia;16;rattata@9 | ekans@9;¡Oye! ¡Tus monstruos parecen débiles!;¡Vaya! ¡Eres fuerte!;¡Te lo dije!
chica_lola;Lola;Chica;1;novato;no;;25;no;ia;15;pidgey@9 | nidoran_f@9;¡Me has mirado! ¡Eso es un reto!;¡Ay, qué rabia!;¡Toma ya!
cazabichos_dani;Dani;Cazabichos;1;novato;no;;25;no;ia;12;weedle@7 | kakuna@7 | caterpie@8;¡Los bichos son lo mejor!;¡Mis bichos...!;¡Bichos al poder!
montanero_marcos;Marcos;Montañero;2;listo;si;;25;no;ia;36;geodude@10 | geodude@10 | onix@11;¡Las montañas me han hecho fuerte!;¡Uf! Me has tumbado.;¡Duro como la roca!
pescador_ned;Ned;Pescador;2;listo;si;;25;no;ia;35;magikarp@17 | tentacool@17 | goldeen@17;¡Pican, pican!;Se me ha escapado...;¡Menuda pesca!
ornitologo_pablo;Pablo;Ornitólogo;2;listo;si;potion:1;25;no;ia;25;spearow@20 | doduo@22 | fearow@24;¡Mis pájaros vuelan más alto!;¡Plumas por todas partes!;¡A volar!
motorista_rudi;Rudi;Motorista;2;listo;si;;25;no;ia;20;koffing@28 | grimer@28 | weezing@30;¡Quítate de en medio!;¡Mi moto no arranca!;¡A toda pastilla!
cientifico_luis;Luis;Científico;2;listo;si;super_potion:1;25;no;ia;48;magnemite@30 | voltorb@30 | electrode@32;Mis cálculos son perfectos.;Error de cálculo...;Lo que decían mis datos.
medium_irene;Irene;Médium;2;listo;si;;25;no;ia;30;gastly@24 | gastly@24 | haunter@26;Los espíritus me hablan...;Los espíritus se han ido...;Jijiji...
karateka_hiro;Hiro;Karateka;2;listo;si;;25;no;ia;25;machop@31 | mankey@31 | primeape@34;¡Hiaaa!;¡Mi cinturón negro...!;¡Kiai!
domador_toni;Toni;Domador;2;listo;si;super_potion:1;25;no;ia;40;arbok@40 | tauros@42;¡Mis fieras están hambrientas!;¡Ay! ¡Me han mordido!;¡Buen chico!
guay_sonia;Sonia;Entrenadora guay;3;listo;si;hyper_potion:1;25;no;ia;35;persian@42 | ninetales@42 | rapidash@44;Solo entreno para la Liga.;Tienes lo que hay que tener.;Aún no estás listo para la Liga.
guay_nacho;Nacho;Entrenador guay;3;listo;si;hyper_potion:1;25;no;ia;35;nidoking@43 | kingler@43 | electabuzz@45;La Calle Victoria es solo para los mejores.;¡Ups! Me has ganado.;Vuelve cuando seas más fuerte.
lider_pegaso;Pegaso;Líder de gimnasio;4;experto;si;potion:1;25;si;ia;100;pidgey@7[tackle/mud_slap] | pidgeotto@9[tackle/mud_slap/gust];¡Los monstruos pájaro son los mejores!;Vale, toma la Medalla Céfiro.;¡Te he dejado sin viento!
lider_anton;Antón;Líder de gimnasio;4;experto;si;potion:1;25;si;ia;100;metapod@14[tackle/string_shot/harden] | kakuna@14[poison_sting/string_shot/harden] | scyther@16[quick_attack/leer/fury_cutter];¡Los bichos son fascinantes!;Eres bueno. Toma la Medalla Colmena.;¡Los bichos también saben ganar!
lider_blanca;Blanca;Líder de gimnasio;4;experto;si;super_potion:1;25;si;ia;100;clefairy@18[double_slap/mimic/encore/metronome] | miltank@20[rollout/attract/stomp/milk_drink];¡A todo el mundo le encantan mis monstruos monos!;Buaaa... ¡toma la Medalla Planicie!;¡Mi Miltank es imparable!
lider_morti;Morti;Líder de gimnasio;4;experto;si;super_potion:2;25;si;ia;100;gastly@21[lick/spite/mean_look/curse] | haunter@21[hypnosis/mimic/curse/night_shade] | gengar@25[hypnosis/shadow_ball/mean_look/dream_eater] | haunter@23[spite/mean_look/mimic/night_shade];Veo cosas que los demás no ven...;No lo vi venir. Toma la Medalla Niebla.;El más allá me acompaña.
lider_anibal;Aníbal;Líder de gimnasio;4;experto;si;super_potion:2;25;si;ia;100;primeape@27[leer/rage/karate_chop/fury_swipes] | poliwrath@30[hypnosis/mind_reader/surf/dynamic_punch];¡Entreno bajo la cascada todos los días!;¡Uf! Toma la Medalla Tormenta.;¡Wahahaha!
lider_yasmina;Yasmina;Líder de gimnasio;4;experto;si;super_potion:2;25;si;ia;100;magnemite@30[thunderbolt/supersonic/sonic_boom/thunder_wave] | magnemite@30[thunderbolt/supersonic/sonic_boom/thunder_wave] | steelix@35[screech/sunny_day/rock_throw/iron_tail]{metal_coat};Mis monstruos de acero son muy duros...;Muy bien... toma la Medalla Mineral.;El acero no se dobla.
lider_fredo;Fredo;Líder de gimnasio;4;experto;si;hyper_potion:2;25;si;ia;100;seel@27[headbutt/icy_wind/aurora_beam/rest] | dewgong@29[headbutt/icy_wind/aurora_beam/rest] | piloswine@31[icy_wind/fury_attack/mist/blizzard];He vivido muchos inviernos...;Admito tu fuerza. Toma la Medalla Glaciar.;El frío lo congela todo.
lider_debora;Débora;Líder de gimnasio;4;experto;si;hyper_potion:2;25;si;ia;100;dragonair@37[thunder_wave/surf/slam/dragon_breath] | dragonair@37[thunder_wave/thunderbolt/slam/dragon_breath] | dragonair@37[thunder_wave/ice_beam/slam/dragon_breath] | kingdra@40[smokescreen/surf/hyper_beam/dragon_breath]{dragon_scale};Soy la mejor domadora de dragones del mundo.;... No lo acepto. Pero toma la Medalla Dragón.;¡Los dragones son invencibles!
alto_mando_mento;Mento;Alto Mando;5;experto;si;full_restore:2;25;si;ia;100;xatu@40[quick_attack/future_sight/confuse_ray/psychic] | jynx@41[double_slap/lovely_kiss/ice_punch/psychic] | exeggutor@41[reflect/leech_seed/egg_bomb/psychic] | slowbro@41[curse/amnesia/body_slam/psychic] | xatu@42[quick_attack/future_sight/confuse_ray/psychic]{sitrus_berry};Mi mente es mi arma.;No puede ser... has ganado.;Mi poder psíquico es superior.
alto_mando_koga;Koga;Alto Mando;5;experto;si;full_restore:2;25;si;ia;100;ariados@40[double_team/spider_web/baton_pass/giga_drain] | venomoth@41[supersonic/gust/psychic/toxic] | forretress@43[protect/swift/explosion/spikes] | muk@42[minimize/acid_armor/sludge_bomb/toxic] | crobat@44[double_team/quick_attack/wing_attack/toxic]{sitrus_berry};¡Fwahahaha! ¡Te enseñaré el arte ninja!;Has superado mis técnicas.;¡El ninja siempre gana!
alto_mando_bruno_johto;Bruno;Alto Mando;5;experto;si;full_restore:2;25;si;ia;100;hitmontop@42[pursuit/quick_attack/dig/detect] | hitmonlee@42[swagger/double_kick/high_jump_kick/foresight] | hitmonchan@42[thunder_punch/ice_punch/fire_punch/mach_punch] | onix@43[bind/earthquake/sandstorm/rock_slide] | machamp@46[rock_slide/foresight/vital_throw/cross_chop]{sitrus_berry};¡Soy Bruno del Alto Mando!;¡Mi fuerza no ha bastado!;¡Hooah!
alto_mando_karen;Karen;Alto Mando;5;experto;si;full_restore:2;25;si;ia;100;umbreon@42[sand_attack/confuse_ray/feint_attack/mean_look] | vileplume@42[stun_spore/acid/moonlight/petal_dance] | gengar@45[lick/spite/curse/destiny_bond] | murkrow@44[quick_attack/whirlwind/pursuit/feint_attack] | houndoom@47[roar/pursuit/flamethrower/crunch]{sitrus_berry};Los fuertes usan a sus favoritos.;Bien hecho. Me gusta tu estilo.;Así se gana.
campeon_lance;Lance;Campeón;6;experto;si;full_restore:3|full_heal:1;25;si;ia;150;gyarados@44[dragon_dance/waterfall/earthquake/ice_fang]{leftovers}~adamant#31 | dragonite@47[dragon_dance/outrage/earthquake/extreme_speed]{lum_berry}~adamant#31 | dragonite@47[thunder_wave/dragon_claw/fire_punch/roost]{leftovers}~careful#31 | aerodactyl@46[stone_edge/earthquake/aqua_tail/roost]{focus_sash}~jolly#31 | charizard@46[flamethrower/air_slash/dragon_pulse/focus_blast]{choice_specs}~timid#31 | dragonite@50[outrage/fire_punch/extreme_speed/earthquake]{choice_band}~adamant#31;Te estaba esperando. ¡Soy Lance, el Campeón!;Ya no soy el Campeón... enhorabuena.;Aún no estás a la altura.
entrenador_rojo;Rojo;Entrenador Pokémon;7;experto;si;full_restore:3|max_revive:1;25;si;ia;200;pikachu@81[thunderbolt/grass_knot/volt_switch/quick_attack]{life_orb}~timid#31 | espeon@73[psychic/shadow_ball/calm_mind/morning_sun]{leftovers}~timid#31 | snorlax@75[curse/body_slam/rest/sleep_talk]{leftovers}~careful#31 | venusaur@77[giga_drain/sludge_bomb/sleep_powder/synthesis]{black_sludge}~bold#31 | charizard@77[flamethrower/air_slash/focus_blast/roost]{life_orb}~timid#31 | blastoise@77[scald/ice_beam/rapid_spin/roar]{leftovers}~bold#31;...;...!;...
rival_plata_1;Plata;Rival;2;listo;si;potion:1;25;no;ia;35;croconaw@18 | gastly@12 | zubat@14;¡Tú otra vez! Voy a ser el más fuerte.;Hmpf. Solo es un combate.;Débil. Como pensaba.
rival_plata_2;Plata;Rival;3;listo;si;super_potion:2;25;no;ia;35;golbat@30 | magnemite@28 | haunter@30 | sneasel@32 | feraligatr@34{mystic_water};Ya no soy el de antes.;¿Por qué pierdo...?;La fuerza lo es todo.
rocket_pozo;Soldado Rocket;Team Rocket;3;listo;si;;25;no;ia;30;rattata@9 | zubat@9 | ekans@11;¡Las colas de Slowpoke se venden muy bien!;¡Ay! ¡Nos han pillado!;¡Fuera de aquí, mocoso!
rocket_radio;Soldado Rocket;Team Rocket;3;listo;si;super_potion:1;25;no;ia;30;koffing@24 | raticate@24 | golbat@26;¡La Torre Radio es nuestra!;¡No puede ser!;¡El Team Rocket ha vuelto!
joven_joaquin_johto;Joaquín;Joven;1;novato;no;;25;no;ia;16;rattata@4;¡Mi Rattata está entre el 1% de los mejores!;¡Mi Rattata...!;¡Te lo dije!
campista_pedro;Pedro;Campista;1;novato;no;;25;no;ia;20;sentret@9 | hoppip@10;¡La naturaleza es mi entrenamiento!;¡Me voy a acampar!;¡Viva el campo!
dominguera_lisa;Lisa;Dominguera;1;novato;no;;25;no;ia;20;marill@12 | snubbull@12;¡Qué día más bonito para combatir!;¡Ohh, qué pena!;¡Qué bien lo he pasado!
pokemaniaco_gus;Gus;Pokémaníaco;2;listo;si;;25;no;ia;50;slowpoke@18 | lickitung@20 | phanpy@20;¡Tengo monstruos rarísimos!;¡Mis monstruos raros...!;¡Colecciono victorias!
esquiadora_nuria;Nuria;Esquiadora;2;listo;si;super_potion:1;25;no;ia;32;swinub@26 | jynx@28 | delibird@28;¡Me encanta la nieve!;¡Me he congelado!;¡Deslízate conmigo!
guay_abel;Abel;Entrenador guay;3;listo;si;hyper_potion:1;25;no;ia;35;heracross@38 | skarmory@38 | ampharos@40;Los mejores entrenadores pasan por aquí.;¡Qué nivel!;Aún te queda camino.
guay_alma;Alma;Entrenadora guay;3;listo;si;hyper_potion:1;25;no;ia;35;girafarig@40 | quagsire@40 | kingdra@42;¿Crees que puedes con la Calle Victoria?;Impresionante.;Vuelve cuando seas más fuerte.
lider_petra;Petra;Líder de gimnasio;4;experto;si;potion:2;25;si;ia;100;geodude@12[tackle/defense_curl/rock_throw/rock_tomb] | geodude@12[tackle/defense_curl/rock_throw/rock_tomb] | nosepass@15[tackle/harden/rock_tomb/block]{oran_berry};¡Soy Petra, líder del Gimnasio Férrica! ¿Me enseñas lo que has aprendido?;Vaya... Toma la Medalla Piedra.;¡Aún te queda mucho por estudiar!
lider_marcial;Marcial;Líder de gimnasio;4;experto;si;potion:2;25;si;ia;100;machop@16[karate_chop/low_kick/seismic_toss/bulk_up] | meditite@16[focus_punch/light_screen/reflect/bulk_up] | makuhita@19[arm_thrust/vital_throw/reversal/bulk_up]{sitrus_berry};¡Las olas me han hecho fuerte! ¿Aguantarás mi oleaje?;¡Uau! Me has arrastrado. Toma la Medalla Puño.;¡Surfeando la victoria!
lider_erico;Erico;Líder de gimnasio;4;experto;si;super_potion:2;25;si;ia;100;voltorb@20[rollout/spark/self_destruct/shock_wave] | electrike@20[shock_wave/leer/quick_attack/howl] | magneton@22[supersonic/shock_wave/thunder_wave/sonic_boom] | manectric@24[quick_attack/howl/shock_wave/thunder_wave]{sitrus_berry};¡Wahahahah! ¡Voy a electrizarte!;¡Wahahah! Me has cargado de alegría. Toma la Medalla Dinamo.;¡Qué chispa!
lider_candela;Candela;Líder de gimnasio;4;experto;si;super_potion:2;25;si;ia;100;numel@24[overheat/take_down/magnitude/sunny_day] | slugma@24[overheat/smog/light_screen/sunny_day] | camerupt@26[overheat/tackle/sunny_day/attract] | torkoal@29[overheat/sunny_day/body_slam/attract];¡Te voy a enseñar lo que es el fuego de verdad!;Uf... me he pasado de calor. Toma la Medalla Calor.;¡Ardiendo!
lider_norman;Norman;Líder de gimnasio;4;experto;si;hyper_potion:2;25;si;ia;100;spinda@27[teeter_dance/facade/encore/psybeam] | vigoroth@27[slash/facade/encore/feint_attack] | linoone@29[slash/belly_drum/facade/headbutt] | slaking@31[counter/yawn/facade/feint_attack]{sitrus_berry};Como padre y como líder, daré lo mejor de mí.;Has crecido mucho. Toma la Medalla Equilibrio.;Aún no es el momento.
lider_alana;Alana;Líder de gimnasio;4;experto;si;hyper_potion:2;25;si;ia;100;swablu@29[perish_song/mirror_move/safeguard/aerial_ace] | tropius@29[sunny_day/aerial_ace/solar_beam/synthesis] | pelipper@30[water_gun/supersonic/protect/aerial_ace] | skarmory@31[sand_attack/fury_attack/steel_wing/aerial_ace] | altaria@33[earthquake/dragon_dance/dragon_breath/aerial_ace]{sitrus_berry};Mis Pokémon pájaro y yo surcamos el cielo juntos.;Nunca había visto a nadie volar tan alto. Toma la Medalla Pluma.;El cielo es nuestro.
lider_vito_leti;Vito y Leti;Líder de gimnasio;4;experto;si;hyper_potion:2;25;si;ia;100;claydol@41 | xatu@41 | lunatone@42 | solrock@42{sitrus_berry};¡Juntos somos invencibles!;¡Qué conexión la tuya con tus Pokémon! Toma la Medalla Mente.;¡Lo sabíamos!
lider_galan;Galán;Líder de gimnasio;4;experto;si;hyper_potion:3;25;si;ia;100;luvdisc@41 | whiscash@41 | sealeo@43 | crawdaunt@43 | kingdra@46{sitrus_berry};Déjame enseñarte la elegancia del agua.;Tu técnica es exquisita. Toma la Medalla Lluvia.;Pura elegancia.
alto_mando_sixto;Sixto;Alto Mando;5;experto;si;full_restore:2;25;si;ia;100;mightyena@46 | shiftry@48 | cacturne@46 | crawdaunt@48 | absol@49{sitrus_berry};¡Me gusta tu mirada! Vamos a divertirnos.;¡Ja! Me has ganado limpiamente.;¡Así se juega!
alto_mando_fatima;Fátima;Alto Mando;5;experto;si;full_restore:2;25;si;ia;100;dusclops@48 | banette@49 | sableye@50 | banette@49 | dusclops@51{sitrus_berry};Los espíritus de este lugar me dan fuerza...;Tu corazón es más fuerte que mis fantasmas.;Jijiji...
alto_mando_nivea;Nívea;Alto Mando;5;experto;si;full_restore:2;25;si;ia;100;sealeo@50 | glalie@50 | sealeo@52 | glalie@52 | walrein@53{sitrus_berry};Vine a Hoenn a buscar retos ardientes...;Por fin, un entrenador de sangre caliente.;Qué frío tan decepcionante.
alto_mando_dracon;Dracón;Alto Mando;5;experto;si;full_restore:2;25;si;ia;100;shelgon@52 | altaria@54 | flygon@53 | flygon@53 | salamence@55{sitrus_berry};Para ganar a los dragones necesitas algo más que fuerza.;Tienes lo que hace falta.;Los dragones no perdonan.
campeon_plubio;Plubio;Campeón;6;experto;si;full_restore:3|full_heal:1;25;si;ia;150;wailord@57[water_spout/hydro_pump/ice_beam/surf]{choice_specs}~modest#31 | tentacruel@55[scald/sludge_bomb/rapid_spin/toxic_spikes]{black_sludge}~timid#31 | ludicolo@56[rain_dance/hydro_pump/giga_drain/ice_beam]{life_orb}~modest#31 | whiscash@56[dragon_dance/earthquake/waterfall/stone_edge]{lum_berry}~adamant#31 | gyarados@56[dragon_dance/waterfall/earthquake/bounce]{leftovers}~adamant#31 | milotic@58[scald/recover/ice_beam/haze]{leftovers}~bold#31;Soy Plubio, el Campeón. Muéstrame la belleza de tu combate.;Eres el nuevo Campeón de Hoenn.;Aún te falta elegancia.
rival_aura;Aura;Rival;2;listo;si;potion:2;25;no;ia;35;wingull@18 | lombre@18 | combusken@20;¡Vamos a ver cuánto has mejorado!;¡Jo! Te has hecho muy fuerte.;¡Te gané!
rival_blasco;Blasco;Rival;4;experto;si;full_restore:1|hyper_potion:2;25;si;ia;50;altaria@44 | delcatty@43 | roselia@44 | magneton@41 | gardevoir@45;He venido a demostrar lo fuerte que me he hecho.;Sigues siendo mi meta.;¡Lo he conseguido!
magma_soldado;Soldado Magma;Team Magma;3;listo;si;;25;no;ia;30;poochyena@17 | numel@17;¡El Team Magma ampliará la tierra!;¡Grrr!;¡Viva el Team Magma!
aqua_soldado;Soldado Aqua;Team Aqua;3;listo;si;;25;no;ia;30;carvanha@17 | poochyena@17;¡El Team Aqua ampliará el mar!;¡Glub!;¡Viva el Team Aqua!
jefe_magno;Magno;Jefe del Team Magma;4;experto;si;super_potion:2;25;si;ia;100;mightyena@37 | crobat@38 | camerupt@39{sitrus_berry};La humanidad necesita más tierra. ¡Aparta!;Hmm... quizá me equivoqué.;Nada detendrá mis planes.
jefe_aquiles;Aquiles;Jefe del Team Aqua;4;experto;si;super_potion:2;25;si;ia;100;mightyena@41 | crobat@41 | sharpedo@43{sitrus_berry};¡Todo empezó en el mar y al mar volverá!;¡Grr! Eres más fuerte de lo que pensaba.;¡Ja, ja! ¡El mar es mío!
joven_calvin;Calvin;Joven;1;novato;no;;25;no;ia;16;zigzagoon@5;¡Eh, tú! ¡Combate!;¡Uy! Qué rápido.;¡Toma ya!
cazabichos_ricardo;Ricardo;Cazabichos;1;novato;no;;25;no;ia;12;wurmple@4 | wurmple@4;¡Mis bichos pican!;¡Mis Wurmple!;¡Bichos al poder!
dominguera_luisa;Luisa;Dominguera;1;novato;no;;25;no;ia;20;marill@13 | skitty@13;¡Qué buen día para un combate!;¡Ay, qué pena!;¡Qué divertido!
pescador_elias;Elías;Pescador;2;listo;si;;25;no;ia;35;magikarp@24 | tentacool@24 | wailmer@26;¡Algo ha picado!;Se me escapó...;¡Buena pesca!
karateka_takao;Takao;Karateka;2;listo;si;;25;no;ia;25;machop@24 | makuhita@24;¡Hiaaa!;¡Mi técnica...!;¡Kiai!
pokefan_isabel;Isabel;Pokéfan;2;listo;si;potion:1;25;no;ia;30;plusle@26 | minun@26 | skitty@27;¡Qué monos son mis Pokémon!;¡Pobrecitos!;¡Adorables y fuertes!
guay_hector;Héctor;Entrenador guay;3;listo;si;hyper_potion:1;25;no;ia;35;breloom@42 | manectric@42 | swellow@43;La Calle Victoria es para los mejores.;¡Buen combate!;Entrena más.
guay_sara;Sara;Entrenadora guay;3;listo;si;hyper_potion:1;25;no;ia;35;gardevoir@42 | medicham@42 | camerupt@43;¿Lista para la Liga? ¡Demuéstralo!;¡Eres buena!;Aún no.
lider_roco;Roco;Líder de gimnasio;4;experto;si;potion:2;25;si;ia;100;geodude@12[stealth_rock/rock_throw/tackle/defense_curl] | onix@12[stealth_rock/rock_throw/screech/bind] | cranidos@14[headbutt/pursuit/leer/rock_throw]{oran_berry};¡Soy Roco, líder del Gimnasio Pirita! ¡Te enterraré bajo las rocas!;Me has pillado. Toma la Medalla Carbón.;¡Duros como la roca!
lider_gardenia;Gardenia;Líder de gimnasio;4;experto;si;super_potion:2;25;si;ia;100;cherubi@20 | turtwig@20 | roserade@22{sitrus_berry};¡Mis Pokémon planta son lo más!;¡Qué fuerte eres! Toma la Medalla Bosque.;¡Las flores ganan!
lider_fantina;Fantina;Líder de gimnasio;4;experto;si;super_potion:2;25;si;ia;100;duskull@24 | haunter@24 | mismagius@26{sitrus_berry};¡Bienvenido a mi escenario de fantasmas!;Magnifique... Toma la Medalla Reliquia.;¡Los fantasmas bailan!
lider_brega;Brega;Líder de gimnasio;4;experto;si;super_potion:2;25;si;ia;100;meditite@28 | machoke@29 | lucario@32{sitrus_berry};No suelo perder... pero da lo mejor de ti.;Has sido mejor. Toma la Medalla Adoquín.;Debo entrenar aún más... aunque gané.
lider_mananti;Mananti;Líder de gimnasio;4;experto;si;hyper_potion:2;25;si;ia;100;gyarados@33 | quagsire@34 | floatzel@37{sitrus_berry};¡Soy Mananti! ¡Mi oleaje te arrastrará!;¡Bwahahaha! Toma la Medalla Ciénaga.;¡Arrastrado por la marea!
lider_acero;Acero;Líder de gimnasio;4;experto;si;hyper_potion:2;25;si;ia;100;magneton@37 | steelix@38 | bastiodon@41{sitrus_berry};¡Mis Pokémon de acero son invencibles!;Mi hijo tenía razón... Toma la Medalla Mina.;¡El acero no se dobla!
lider_inverna;Inverna;Líder de gimnasio;4;experto;si;hyper_potion:2;25;si;ia;100;sneasel@40 | piloswine@40 | abomasnow@42 | froslass@44{sitrus_berry};¡Concentración total! ¡Vamos!;¡Qué calor me has hecho pasar! Toma la Medalla Carámbano.;¡Congelado!
lider_lectro;Lectro;Líder de gimnasio;4;experto;si;full_restore:1|hyper_potion:2;25;si;ia;100;jolteon@46 | raichu@46 | luxray@48 | electivire@50{sitrus_berry};Por fin alguien que merece la pena.;Esto sí es un combate. Toma la Medalla Faro.;Otro más...
alto_mando_alecran;Alecrán;Alto Mando;5;experto;si;full_restore:2;25;si;ia;100;dustox@49 | heracross@51 | vespiquen@50 | beautifly@49 | drapion@53{sitrus_berry};Los Pokémon bicho son bellos y fuertes.;Has superado a mis bichos.;Te han picado.
alto_mando_gaia;Gaia;Alto Mando;5;experto;si;full_restore:2;25;si;ia;100;whiscash@50 | gliscor@53 | hippowdon@52 | golem@52 | rhyperior@55{sitrus_berry};Jojojo, ¿me enseñas de qué eres capaz?;Qué joven tan fuerte.;La tierra siempre gana.
alto_mando_fausto;Fausto;Alto Mando;5;experto;si;full_restore:2;25;si;ia;100;houndoom@52 | flareon@55 | rapidash@53 | infernape@55 | magmortar@57{sitrus_berry};¡Enciende tu espíritu de lucha!;¡Ardes de verdad!;¡Quemado!
alto_mando_delos;Delos;Alto Mando;5;experto;si;full_restore:2;25;si;ia;100;mr_mime@53 | girafarig@53 | medicham@54 | alakazam@56 | bronzong@57{sitrus_berry};Perdona, estaba leyendo. Empecemos.;Qué final tan inesperado.;Tal y como lo había leído.
campeona_cintia;Cintia;Campeón;6;experto;si;full_restore:3|full_heal:1;25;si;ia;150;spiritomb@58[shadow_sneak/sucker_punch/will_o_wisp/pain_split]{leftovers}~careful#31 | roserade@58[giga_drain/sludge_bomb/shadow_ball/toxic_spikes]{black_sludge}~timid#31 | togekiss@60[air_slash/aura_sphere/nasty_plot/roost]{leftovers}~timid#31 | lucario@60[nasty_plot/aura_sphere/flash_cannon/vacuum_wave]{life_orb}~timid#31 | milotic@58[scald/recover/ice_beam/dragon_tail]{leftovers}~bold#31 | garchomp@62[swords_dance/earthquake/dragon_claw/stone_edge]{yache_berry}~jolly#31;Soy Cintia, la Campeona. Te lo daré todo.;Ha sido un combate precioso. Eres el nuevo Campeón.;Aún puedes mejorar.
rival_israel;Israel;Rival;2;listo;si;potion:2;25;no;ia;35;starly@7 | chimchar@9;¡Te pongo una multa si pierdes! ¡Combate!;¡¿Qué?! ¡Te multo por ganar!;¡Ja! ¡Soy el mejor!
rival_israel_liga;Israel;Rival;4;experto;si;full_restore:1|hyper_potion:2;25;si;ia;50;staraptor@48 | floatzel@49 | roserade@49 | snorlax@51 | heracross@50 | empoleon@53;¡Esta vez sí que te gano!;Aún me queda camino... ¡pero te alcanzaré!;¡Sí! ¡Por fin!
galactico_soldado;Soldado Galáctico;Team Galáctico;3;listo;si;;25;no;ia;30;glameow@18 | stunky@18 | zubat@18;¡El Team Galáctico creará un mundo nuevo!;¡Qué vergüenza!;¡Por el Team Galáctico!
comandante_saturno;Saturno;Comandante Galáctico;4;experto;si;super_potion:2;25;si;ia;60;kadabra@35 | bronzor@35 | toxicroak@37;No te interpongas en nuestros planes.;Interesante...;Era de esperar.
jefe_helio;Helio;Jefe del Team Galáctico;4;experto;si;full_restore:1|hyper_potion:2;25;si;ia;100;sneasel@44 | crobat@46 | gyarados@46 | honchkrow@47 | houndoom@45{sitrus_berry};El mundo necesita un nuevo comienzo. No me detendrás.;... Así que el espíritu humano es fuerte.;Tu voluntad no basta.
joven_tristan;Tristán;Joven;1;novato;no;;25;no;ia;16;starly@5 | bidoof@5;¡Oye, combate conmigo!;¡Ay! ¡Qué fuerte eres!;¡Gané!
cazabichos_bruno_s;Bruno;Cazabichos;1;novato;no;;25;no;ia;12;kricketot@6 | wurmple@6;¡He cazado muchos bichos!;¡Mis bichos!;¡Bichos, bichos!
campista_jaime;Jaime;Campista;1;novato;no;;25;no;ia;20;shinx@11 | budew@11;¡Me encanta la acampada!;¡Uf!;¡Viva el campo!
montanero_alvaro;Álvaro;Montañero;2;listo;si;;25;no;ia;36;geodude@20 | onix@20 | machop@21;¡Las cuevas son mi casa!;¡Uf!;¡Duro como la roca!
pescador_mateo;Mateo;Pescador;2;listo;si;;25;no;ia;35;magikarp@22 | finneon@22 | gyarados@24;¡Mira lo que he pescado!;¡Se escapó!;¡Qué pesca!
guay_rodrigo;Rodrigo;Entrenador guay;3;listo;si;hyper_potion:1;25;no;ia;35;luxray@46 | staraptor@46 | gastrodon@47;La Calle Victoria es el último reto.;¡Impresionante!;Aún no estás listo.
guay_elena;Elena;Entrenadora guay;3;listo;si;hyper_potion:1;25;no;ia;35;lopunny@46 | roserade@46 | togekiss@47;¿Crees que puedes con la Liga?;Increíble.;Vuelve más fuerte.
lider_cheren;Cheren;Líder de gimnasio;4;experto;si;potion:2;25;si;ia;100;patrat@11[tackle/leer/bite/work_up] | lillipup@13[tackle/leer/bite/work_up]{oran_berry};Soy Cheren, el líder del Gimnasio Aspertia. ¡Veamos qué has aprendido!;Has entendido lo que significa ser fuerte. Toma la Medalla Base.;Vuelve cuando lo tengas claro.
lider_hiedra;Hiedra;Líder de gimnasio;4;experto;si;potion:2;25;si;ia;100;koffing@16[smog/assurance/poison_gas/venoshock] | whirlipede@18[poison_tail/pursuit/protect/venoshock]{sitrus_berry};¡Yeah! ¡Soy Hiedra! ¡Vamos a darle caña a este combate!;¡Qué pasada! Toma la Medalla Toxina.;¡Así suena el veneno!
lider_camus;Camus;Líder de gimnasio;4;experto;si;super_potion:2;25;si;ia;100;swadloon@22[struggle_bug/razor_leaf/protect] | dwebble@22[struggle_bug/smack_down/sand_attack] | leavanny@24[struggle_bug/razor_leaf/string_shot]{sitrus_berry};¡Mis Pokémon bicho son obras de arte!;Tu estilo me inspira. Toma la Medalla Élitro.;¡Arte en estado puro!
lider_camila;Camila;Líder de gimnasio;4;experto;si;super_potion:2;25;si;ia;100;emolga@28[volt_switch/aerial_ace/double_team/quick_attack] | flaaffy@28[volt_switch/cotton_spore/take_down] | zebstrika@30[volt_switch/flame_charge/quick_attack]{sitrus_berry};¡Bienvenido a mi pasarela eléctrica!;Eres una estrella. Toma la Medalla Voltio.;¡Electrizante!
lider_yakon;Yakón;Líder de gimnasio;4;experto;si;super_potion:2;25;si;ia;100;krokorok@31[bulldoze/crunch/torment] | sandslash@31[bulldoze/rock_tomb/slash] | excadrill@33[bulldoze/rock_slide/metal_claw/hone_claws]{sitrus_berry};¡Vaya, vaya! ¿Otro que quiere mi medalla? ¡Demuéstralo!;Me has ganado bien. Toma la Medalla Temblor.;¡Directo a la mina!
lider_gerania;Gerania;Líder de gimnasio;4;experto;si;hyper_potion:2;25;si;ia;100;swoobat@37[heart_stamp/air_slash/amnesia] | skarmory@37[steel_wing/air_cutter/fury_attack] | swanna@39[air_slash/bubble_beam/aqua_ring/roost]{sitrus_berry};¡Despeguemos! ¡El cielo es mi terreno!;Has volado más alto que yo. Toma la Medalla Jet.;¡Aterrizaje perfecto!
lider_lirio;Lirio;Líder de gimnasio;4;experto;si;hyper_potion:2;25;si;ia;100;druddigon@46[dragon_tail/revenge/night_slash/retaliate] | flygon@46[dragon_tail/earthquake/rock_slide/fire_punch] | haxorus@48[dragon_tail/dragon_dance/assurance/x_scissor]{sitrus_berry};Esta ciudad mira al pasado y al futuro. ¡Muéstrame tu fuerza!;Tienes espíritu de dragón. Toma la Medalla Leyenda.;Aún no es tu momento.
lider_ciprian;Ciprián;Líder de gimnasio;4;experto;si;full_restore:1|hyper_potion:2;25;si;ia;100;carracosta@49[crunch/razor_shell/brine/shell_smash] | wailord@49[water_pulse/rest/heavy_slam/brine] | jellicent@51[scald/hex/brine/recover]{sitrus_berry};¡Uooo! ¡Te voy a arrastrar con mis olas!;¡Eres imparable como el mar! Toma la Medalla Ola.;¡Olas y más olas!
alto_mando_anis;Anís;Alto Mando;5;experto;si;full_restore:2;25;si;ia;100;cofagrigus@56 | drifblim@56 | golurk@56 | chandelure@58{sitrus_berry};Mis fantasmas escriben historias... ¿cuál será la tuya?;Qué final tan conmovedor.;Una historia de terror.
alto_mando_aza;Aza;Alto Mando;5;experto;si;full_restore:2;25;si;ia;100;liepard@56 | scrafty@56 | krookodile@56 | bisharp@58{sitrus_berry};Apostemos. Mi lema: ganar es lo único que importa.;He perdido la apuesta.;La casa siempre gana.
alto_mando_catleya;Catleya;Alto Mando;5;experto;si;full_restore:2;25;si;ia;100;musharna@56 | sigilyph@56 | reuniclus@56 | gothitelle@58{sitrus_berry};Me has despertado... espero que merezca la pena.;Qué combate tan elegante.;Vuelve a dormir.
alto_mando_lotto;Lotto;Alto Mando;5;experto;si;full_restore:2;25;si;ia;100;throh@56 | sawk@56 | mienshao@56 | conkeldurr@58{sitrus_berry};¡Mi cuerpo y mi espíritu están en guardia!;Admirable técnica.;Sigue entrenando.
campeona_iris;Iris;Campeón;6;experto;si;full_restore:3|full_heal:1;25;si;ia;150;hydreigon@57[draco_meteor/dark_pulse/flamethrower/focus_blast]{life_orb}~modest#31 | druddigon@57[dragon_claw/sucker_punch/stealth_rock/earthquake]{rocky_helmet}~adamant#31 | aggron@57[iron_head/stone_edge/earthquake/rock_polish]{leftovers}~adamant#31 | archeops@57[acrobatics/stone_edge/earthquake/u_turn]{focus_sash}~jolly#31 | lapras@57[hydro_pump/ice_beam/thunderbolt/ice_shard]{leftovers}~modest#31 | haxorus@59%h[dragon_dance/outrage/earthquake/poison_jab]{lum_berry}~jolly#31;¡Soy Iris, la Campeona! ¡Mis Pokémon y yo lo daremos todo!;¡Eres increíble! Ahora el Campeón eres tú.;¡Hay que ser más fuerte que un dragón!
rival_matis;Matís;Rival;2;listo;si;potion:2;25;no;ia;35;oshawott@5;¡Vamos a ver quién es más fuerte!;¡Otra vez! ¡La próxima gano!;¡Toma ya!
rival_matis_liga;Matís;Rival;5;experto;si;full_restore:1|hyper_potion:2;25;si;ia;60;unfezant@55 | simipour@55 | bouffalant@55 | eelektross@55 | serperior@57;¡He entrenado día y noche para esto!;Ahora sé lo que me falta.;¡Por fin!
plasma_soldado;Soldado Plasma;Team Plasma;3;listo;si;;25;no;ia;30;watchog@26 | scraggy@26 | koffing@27;¡Liberaremos a los Pokémon!;¡Imposible!;¡Por el Team Plasma!
acromo;Acromo;Científico del Team Plasma;4;experto;si;hyper_potion:2;25;si;ia;80;magneton@50 | metang@50 | beheeyem@50 | magnezone@52 | klinklang@52{sitrus_berry};Quiero ver hasta dónde llega el poder de los Pokémon.;Fascinante... de verdad.;Los datos no mienten.
ghechis;Ghechis;Jefe del Team Plasma;5;experto;si;full_restore:2;25;si;ia;100;cofagrigus@50 | bouffalant@50 | seismitoad@50 | bisharp@50 | eelektross@50 | hydreigon@52;¡Nadie puede detener al Team Plasma! ¡Nadie!;¡Mi plan perfecto... destruido!;¡Arrodíllate!
joven_ruben;Rubén;Joven;1;novato;no;;25;no;ia;16;patrat@5 | purrloin@5;¡Eh, tú! ¡Combate!;¡Qué rápido!;¡Gané!
chica_nadia;Nadia;Chica;1;novato;no;;25;no;ia;16;pidove@6 | lillipup@6;¡Mis Pokémon son monísimos!;¡Jo!;¡Bien!
guay_victor;Víctor;Entrenador guay;3;listo;si;hyper_potion:1;25;no;ia;35;excadrill@52 | zoroark@52 | chandelure@53;La Calle Victoria es el último reto antes de la Liga.;¡Impresionante!;Aún no estás listo.
benga;Benga;Maestro de la Torre Negra;7;experto;si;full_restore:3|full_heal:2;25;si;ia;200;volcarona@70[quiver_dance/fiery_dance/bug_buzz/giga_drain]{lum_berry}~timid#31 | hydreigon@70[draco_meteor/dark_pulse/flamethrower/u_turn]{choice_specs}~timid#31 | excadrill@70[swords_dance/earthquake/iron_head/rock_slide]{focus_sash}~jolly#31 | chandelure@70[calm_mind/shadow_ball/fire_blast/energy_ball]{life_orb}~timid#31 | conkeldurr@70[drain_punch/mach_punch/ice_punch/knock_off]{assault_vest}~adamant#31 | haxorus@70[dragon_dance/outrage/earthquake/poison_jab]{lum_berry}~jolly#31;Soy Benga. Aquí arriba no hay piedad: sé todo lo que tu equipo sabe hacer.;Increíble... Ni sabiéndolo todo pude contigo.;Te lo dije: aquí no hay piedad.
lider_violeta;Violeta;Líder de gimnasio;4;experto;si;potion:2;25;si;ia;100;surskit@10[quick_attack/bubble/water_sport] | vivillon@12%h[tackle/harden/infestation]{oran_berry};¡Soy Violeta! ¡Voy a capturar tu derrota con mi cámara!;¡Qué foto tan buena! Toma la Medalla Insecto.;¡Clic! ¡Foto de victoria!
lider_lino;Lino;Líder de gimnasio;4;experto;si;potion:2;25;si;ia;100;amaura@25[thunder_wave/rock_tomb/aurora_beam/take_down] | tyrunt@25[rock_tomb/bite/roar/stomp]{sitrus_berry};Escalar es superar tus límites. ¡Veamos los tuyos!;Has llegado a la cima. Toma la Medalla Muro.;Aún no has llegado arriba.
lider_corelia;Corelia;Líder de gimnasio;4;experto;si;super_potion:2;25;si;ia;100;mienfoo@29[power_up_punch/fake_out/detect] | machoke@28[power_up_punch/leer/revenge] | hawlucha@32[power_up_punch/flying_press/hone_claws]{sitrus_berry};¡Corelia al ataque! ¡Mis puños van en serio!;¡Guau! Toma la Medalla Lid.;¡Directo al KO!
lider_amaro;Amaro;Líder de gimnasio;4;experto;si;super_potion:2;25;si;ia;100;jumpluff@30[leech_seed/acrobatics/sleep_powder] | weepinbell@31[grass_knot/acid/poison_powder] | gogoat@34[grass_knot/take_down/leech_seed]{sitrus_berry};Las plantas crecen despacio, pero con raíces fuertes.;Tu equipo ha florecido. Toma la Medalla Planta.;Paciencia, joven.
lider_lem;Lem;Líder de gimnasio;4;experto;si;hyper_potion:2;25;si;ia;100;emolga@35[volt_switch/aerial_ace/quick_attack] | magneton@35[electric_terrain/mirror_shot/thunderbolt] | heliolisk@37[electric_terrain/thunderbolt/quick_attack/grass_knot]{sitrus_berry};¡La ciencia es el futuro! ¡Te lo demostraré con mis inventos!;¡Tu estrategia es más brillante que mis inventos! Toma la Medalla Voltio.;¡Éxito del experimento!
lider_valeria;Valeria;Líder de gimnasio;4;experto;si;hyper_potion:2;25;si;ia;100;mawile@38%h[iron_head/play_rough/crunch/fake_tears] | mr_mime@39[psychic/reflect/light_screen/dazzling_gleam] | sylveon@42%h[draining_kiss/swift/charm/misty_terrain]{sitrus_berry};Los Pokémon Hada son delicados... pero no te confíes.;Qué bello combate. Toma la Medalla Hada.;Tan bonito como mortal.
lider_astra;Ástrid;Líder de gimnasio;4;experto;si;hyper_potion:2;25;si;ia;100;sigilyph@44[psychic/air_slash/reflect/light_screen] | slowking@45[psychic/yawn/power_gem/calm_mind] | meowstic@48%h[psychic/shadow_ball/fake_out/calm_mind]{sitrus_berry};Las estrellas ya me dijeron el resultado.;Las estrellas se equivocaron. Toma la Medalla Psique.;Tal como predijeron.
lider_edel;Édel;Líder de gimnasio;4;experto;si;full_restore:1|hyper_potion:2;25;si;ia;100;abomasnow@56[ice_shard/ice_beam/energy_ball/giga_drain] | cryogonal@55[ice_beam/reflect/confuse_ray/rapid_spin] | avalugg@59[avalanche/crunch/gyro_ball/curse]{sitrus_berry};¡Jo, jo! ¡Veamos si aguantas el frío!;¡Qué calor me has hecho pasar! Toma la Medalla Iceberg.;¡Congelado hasta los huesos!
alto_mando_malva;Malva;Alto Mando;5;experto;si;full_restore:2;25;si;ia;100;pyroar@63%h | torkoal@63 | chandelure@63 | talonflame@65{sitrus_berry};Qué fastidio... acabemos rápido.;Hmph. Suerte, nada más.;Te lo advertí.
alto_mando_narciso;Narciso;Alto Mando;5;experto;si;full_restore:2;25;si;ia;100;clawitzer@63 | gyarados@63 | starmie@63 | barbaracle@65{sitrus_berry};Un combate es como un plato: hay que cuidar cada ingrediente.;Exquisito.;Te ha faltado sal.
alto_mando_tileo;Tileo;Alto Mando;5;experto;si;full_restore:2;25;si;ia;100;klefki@63 | probopass@63 | scizor@63 | aegislash@65{sitrus_berry};¡En guardia! ¡Soy el caballero Tileo!;Una derrota honorable.;¡Por el honor!
alto_mando_drasina;Drásina;Alto Mando;5;experto;si;full_restore:2;25;si;ia;100;dragalge@63 | druddigon@63 | altaria@63 | noivern@65{sitrus_berry};¡Oh, qué ilusión! ¡Juguemos!;Qué fuerte eres, de verdad.;¡Los dragones mandan!
campeona_dianta;Dianta;Campeón;6;experto;si;full_restore:3|full_heal:1;25;si;ia;150;hawlucha@64[swords_dance/high_jump_kick/acrobatics/roost]{black_belt}~jolly#31 | tyrantrum@65[dragon_dance/head_smash/earthquake/dragon_claw]{lum_berry}~jolly#31 | aurorus@65[thunderbolt/blizzard/ancient_power/freeze_dry]{assault_vest}~modest#31 | gourgeist@65[will_o_wisp/leech_seed/seed_bomb/shadow_sneak]{leftovers}~impish#31 | goodra@66[draco_meteor/fire_blast/thunderbolt/sludge_bomb]{assault_vest}~modest#31 | gardevoir@68%h[moonblast/psychic/thunderbolt/calm_mind]{leftovers}~timid#31;Soy Dianta, la Campeona. Veamos la belleza de tu combate.;Ha sido precioso. Eres el nuevo Campeón de Kalos.;Todavía brillas poco.
rival_serena;Serena;Rival;2;listo;si;potion:2;25;no;ia;35;fennekin@5%h;¡Veamos qué tal lo hacemos!;¡Eres buenísimo!;¡He ganado!
rival_serena_liga;Serena;Rival;5;experto;si;full_restore:1|hyper_potion:2;25;si;ia;60;meowstic@57%h | absol@57 | jolteon@57 | delphox@59%h;Por fin estamos a la par. ¡Combate!;Siempre vas un paso por delante.;¡Esta vez sí!
flare_recluta;Recluta Flare;Team Flare;3;listo;si;;25;no;ia;30;houndour@28 | croagunk@28 | scraggy@29;¡El Team Flare hará un mundo bello!;¡Qué feo!;¡Qué elegancia!
jefe_lysson;Lysson;Jefe del Team Flare;5;experto;si;full_restore:2;25;si;ia;100;mienshao@49 | honchkrow@49 | pyroar@51%m | gyarados@51;Un mundo bello necesita menos gente. No me detendrás.;Qué... ¿Así acaba mi sueño?;El futuro es nuestro.
joven_lucas_k;Lucas;Joven;1;novato;no;;25;no;ia;16;fletchling@5 | bunnelby@6;¡Mira mis Pokémon nuevos!;¡Ay!;¡Sí!
dominguera_ana;Ana;Dominguera;1;novato;no;;25;no;ia;20;skiddo@10 | pancham@10;¡Qué buen día para combatir!;¡Uf!;¡Viva!
guay_elisa;Elisa;Entrenadora guay;3;listo;si;hyper_potion:1;25;no;ia;35;goodra@58 | talonflame@58 | aegislash@58;Solo los mejores llegan hasta aquí.;¡Impresionante!;Vuelve más fuerte.
castellana_dana;Dana;Castellana del Palacio Batalla;7;experto;si;full_restore:3|full_heal:2;25;si;ia;200;aegislash@50[kings_shield/shadow_ball/iron_head/toxic]{leftovers}~bold#31 | talonflame@50[brave_bird/flare_blitz/swords_dance/roost]{sharp_beak}~jolly#31 | goodra@50[draco_meteor/fire_blast/sludge_bomb/thunderbolt]{assault_vest}~modest#31 | gardevoir@50%h[moonblast/psychic/shadow_ball/calm_mind]{leftovers}~timid#31 | garchomp@50[swords_dance/earthquake/dragon_claw/stone_edge]{life_orb}~jolly#31 | greninja@50[hydro_pump/dark_pulse/ice_beam/u_turn]{choice_specs}~timid#31;Bienvenido al Palacio. Aquí conozco cada movimiento de tu equipo antes de que lo uses.;Oh... Ni conociéndote entero pude ganar.;Lo sabía todo de ti. Todo.
maestra_torre_ann;Ana María;Maestra de la Torre;6;experto;si;full_restore:2;25;si;ia;150;metagross@60[meteor_mash/zen_headbutt/earthquake/bullet_punch]{choice_band}~adamant#31 | salamence@60[dragon_dance/outrage/earthquake/fire_fang]{lum_berry}~jolly#31 | rotom@60[thunderbolt/shadow_ball/volt_switch/trick]{choice_scarf}~timid#31 | ferrothorn@60[spikes/leech_seed/gyro_ball/power_whip]{leftovers}~relaxed#31 | azumarill@60[aqua_jet/play_rough/waterfall/superpower]{choice_band}~adamant#31 | tyranitar@60[dragon_dance/stone_edge/crunch/earthquake]{lum_berry}~jolly#31;Juego a lo que haces antes de que lo hagas. ¿Preparado?;Me has leído tú a mí.;Predecible.
as_frente_arena;Rocío;As del Frente;6;experto;si;full_restore:2|full_heal:1;25;si;ia;150;tyranitar@50[stealth_rock/stone_edge/crunch/pursuit]{chople_berry}~adamant#31 | excadrill@50[swords_dance/earthquake/iron_head/rapid_spin]{life_orb}~adamant#31 | garchomp@50[swords_dance/earthquake/dragon_claw/fire_fang]{focus_sash}~jolly#31 | skarmory@50[spikes/roost/brave_bird/whirlwind]{rocky_helmet}~impish#31 | rotom@50[thunderbolt/shadow_ball/volt_switch/will_o_wisp]{leftovers}~timid#31 | conkeldurr@50[drain_punch/mach_punch/ice_punch/knock_off]{assault_vest}~adamant#31;Arena y trampas. ¿Aguantarás mi estrategia?;Has leído mi estrategia de principio a fin.;La estrategia siempre gana.
as_frente_ofensivo;Leo;As del Frente;6;experto;si;full_restore:2|full_heal:1;25;si;ia;150;weavile@50[swords_dance/knock_off/ice_shard/low_kick]{life_orb}~jolly#31 | gengar@50[shadow_ball/sludge_bomb/focus_blast/thunderbolt]{choice_specs}~timid#31 | dragonite@50[dragon_dance/outrage/earthquake/extreme_speed]{lum_berry}~adamant#31 | lucario@50[swords_dance/close_combat/extreme_speed/bullet_punch]{life_orb}~adamant#31 | starmie@50[hydro_pump/ice_beam/thunderbolt/rapid_spin]{life_orb}~timid#31 | breloom@50[spore/bullet_seed/mach_punch/rock_tomb]{focus_sash}~jolly#31;Hiperofensivo. ¿Aguantarás mi estrategia?;Has leído mi estrategia de principio a fin.;La estrategia siempre gana.
as_frente_espacio_raro;Crono;As del Frente;6;experto;si;full_restore:2|full_heal:1;25;si;ia;150;bronzong@50[trick_room/gyro_ball/earthquake/stealth_rock]{leftovers}~relaxed#31 | reuniclus@50[trick_room/psychic/focus_blast/shadow_ball]{life_orb}~quiet#31 | conkeldurr@50[drain_punch/mach_punch/ice_punch/knock_off]{assault_vest}~brave#31 | rhyperior@50[earthquake/stone_edge/megahorn/ice_punch]{life_orb}~brave#31 | snorlax@50[body_slam/crunch/earthquake/self_destruct]{choice_band}~brave#31 | cofagrigus@50[trick_room/shadow_ball/will_o_wisp/nasty_plot]{leftovers}~quiet#31;Espacio Raro. ¿Aguantarás mi estrategia?;Has leído mi estrategia de principio a fin.;La estrategia siempre gana.
as_frente_resistente;Petra;As del Frente;6;experto;si;full_restore:2|full_heal:1;25;si;ia;150;chansey@50[soft_boiled/seismic_toss/toxic/stealth_rock]{eviolite}~bold#31 | skarmory@50[spikes/roost/brave_bird/whirlwind]{rocky_helmet}~impish#31 | gliscor@50[earthquake/toxic/protect/roost]{leftovers}~impish#31 | slowbro@50[scald/slack_off/psyshock/thunder_wave]{leftovers}~bold#31 | sableye@50[will_o_wisp/recover/knock_off/foul_play]{leftovers}~careful#31 | umbreon@50[wish/protect/foul_play/toxic]{leftovers}~calm#31;Muralla. ¿Aguantarás mi estrategia?;Has leído mi estrategia de principio a fin.;La estrategia siempre gana.
prueba_nivel_1;Novato (nivel 1);Laboratorio de IA;1;novato;si;;25;si;ia;0;garchomp@50 | metagross@50 | gyarados@50 | gengar@50 | scizor@50 | togekiss@50;Soy la IA de nivel 1: mismo equipo que todos, distinta cabeza.;Anotado en el laboratorio.;La cabeza también cuenta.
prueba_nivel_2;Aficionado (nivel 2);Laboratorio de IA;2;novato;si;;25;si;ia;0;garchomp@50 | metagross@50 | gyarados@50 | gengar@50 | scizor@50 | togekiss@50;Soy la IA de nivel 2: mismo equipo que todos, distinta cabeza.;Anotado en el laboratorio.;La cabeza también cuenta.
prueba_nivel_3;Veterano (nivel 3);Laboratorio de IA;3;listo;si;;25;si;ia;0;garchomp@50 | metagross@50 | gyarados@50 | gengar@50 | scizor@50 | togekiss@50;Soy la IA de nivel 3: mismo equipo que todos, distinta cabeza.;Anotado en el laboratorio.;La cabeza también cuenta.
prueba_nivel_4;Élite (nivel 4);Laboratorio de IA;4;experto;si;;25;si;ia;0;garchomp@50 | metagross@50 | gyarados@50 | gengar@50 | scizor@50 | togekiss@50;Soy la IA de nivel 4: mismo equipo que todos, distinta cabeza.;Anotado en el laboratorio.;La cabeza también cuenta.
prueba_nivel_5;Campeón (nivel 5);Laboratorio de IA;5;experto;si;;25;si;ia;0;garchomp@50 | metagross@50 | gyarados@50 | gengar@50 | scizor@50 | togekiss@50;Soy la IA de nivel 5: mismo equipo que todos, distinta cabeza.;Anotado en el laboratorio.;La cabeza también cuenta.
prueba_nivel_6;Maestro (nivel 6);Laboratorio de IA;6;experto;si;;25;si;ia;0;garchomp@50 | metagross@50 | gyarados@50 | gengar@50 | scizor@50 | togekiss@50;Soy la IA de nivel 6: mismo equipo que todos, distinta cabeza.;Anotado en el laboratorio.;La cabeza también cuenta.
prueba_nivel_7;Injusto (nivel 7);Laboratorio de IA;7;experto;si;;25;si;ia;0;garchomp@50 | metagross@50 | gyarados@50 | gengar@50 | scizor@50 | togekiss@50;Soy la IA de nivel 7: mismo equipo que todos, distinta cabeza.;Anotado en el laboratorio.;La cabeza también cuenta.
especialista_normal;Nora;Especialista Normal;3;listo;si;super_potion:2;25;si;ia;48;staraptor@42 | ambipom@43 | unfezant@44 | bouffalant@46;¡Solo confío en el tipo Normal! ¿Tienes con qué contrarrestarlo?;Me ganaste con cabeza: el tipo Normal no lo es todo.;¡El tipo Normal nunca falla!
especialista_fire;Ígor;Especialista Fuego;3;listo;si;super_potion:2;25;si;ia;48;heatmor@42 | darmanitan@43 | simisear@44 | talonflame@46;¡Solo confío en el tipo Fuego! ¿Tienes con qué contrarrestarlo?;Me ganaste con cabeza: el tipo Fuego no lo es todo.;¡El tipo Fuego nunca falla!
especialista_water;Marina;Especialista Agua;3;listo;si;super_potion:2;25;si;ia;48;gorebyss@42 | huntail@43 | relicanth@44 | jellicent@46;¡Solo confío en el tipo Agua! ¿Tienes con qué contrarrestarlo?;Me ganaste con cabeza: el tipo Agua no lo es todo.;¡El tipo Agua nunca falla!
especialista_electric;Volta;Especialista Eléctrico;3;listo;si;super_potion:2;25;si;ia;48;raichu@42 | heliolisk@43 | electrode@44 | manectric@46;¡Solo confío en el tipo Eléctrico! ¿Tienes con qué contrarrestarlo?;Me ganaste con cabeza: el tipo Eléctrico no lo es todo.;¡El tipo Eléctrico nunca falla!
especialista_grass;Flora;Especialista Planta;3;listo;si;super_potion:2;25;si;ia;48;ferrothorn@42 | bellossom@43 | lilligant@44 | shiftry@46;¡Solo confío en el tipo Planta! ¿Tienes con qué contrarrestarlo?;Me ganaste con cabeza: el tipo Planta no lo es todo.;¡El tipo Planta nunca falla!
especialista_ice;Nieves;Especialista Hielo;3;listo;si;super_potion:2;25;si;ia;48;beartic@42 | cryogonal@43 | froslass@44 | glalie@46;¡Solo confío en el tipo Hielo! ¿Tienes con qué contrarrestarlo?;Me ganaste con cabeza: el tipo Hielo no lo es todo.;¡El tipo Hielo nunca falla!
especialista_fighting;Bruno;Especialista Lucha;3;listo;si;super_potion:2;25;si;ia;48;pangoro@42 | hariyama@43 | hawlucha@44 | conkeldurr@46;¡Solo confío en el tipo Lucha! ¿Tienes con qué contrarrestarlo?;Me ganaste con cabeza: el tipo Lucha no lo es todo.;¡El tipo Lucha nunca falla!
especialista_poison;Toxo;Especialista Veneno;3;listo;si;super_potion:2;25;si;ia;48;toxicroak@42 | weezing@43 | skuntank@44 | garbodor@46;¡Solo confío en el tipo Veneno! ¿Tienes con qué contrarrestarlo?;Me ganaste con cabeza: el tipo Veneno no lo es todo.;¡El tipo Veneno nunca falla!
especialista_ground;Tierra;Especialista Tierra;3;listo;si;super_potion:2;25;si;ia;48;stunfisk@42 | claydol@43 | donphan@44 | excadrill@46;¡Solo confío en el tipo Tierra! ¿Tienes con qué contrarrestarlo?;Me ganaste con cabeza: el tipo Tierra no lo es todo.;¡El tipo Tierra nunca falla!
especialista_flying;Céfiro;Especialista Volador;3;listo;si;super_potion:2;25;si;ia;48;altaria@42 | sigilyph@43 | pidgeot@44 | vespiquen@46;¡Solo confío en el tipo Volador! ¿Tienes con qué contrarrestarlo?;Me ganaste con cabeza: el tipo Volador no lo es todo.;¡El tipo Volador nunca falla!
especialista_psychic;Psique;Especialista Psíquico;3;listo;si;super_potion:2;25;si;ia;48;beheeyem@42 | hypno@43 | musharna@44 | gothitelle@46;¡Solo confío en el tipo Psíquico! ¿Tienes con qué contrarrestarlo?;Me ganaste con cabeza: el tipo Psíquico no lo es todo.;¡El tipo Psíquico nunca falla!
especialista_bug;Ada;Especialista Bicho;3;listo;si;super_potion:2;25;si;ia;48;scolipede@42 | durant@43 | accelgor@44 | crustle@46;¡Solo confío en el tipo Bicho! ¿Tienes con qué contrarrestarlo?;Me ganaste con cabeza: el tipo Bicho no lo es todo.;¡El tipo Bicho nunca falla!
especialista_rock;Roca;Especialista Roca;3;listo;si;super_potion:2;25;si;ia;48;armaldo@42 | bastiodon@43 | cradily@44 | golem@46;¡Solo confío en el tipo Roca! ¿Tienes con qué contrarrestarlo?;Me ganaste con cabeza: el tipo Roca no lo es todo.;¡El tipo Roca nunca falla!
especialista_ghost;Umbra;Especialista Fantasma;3;listo;si;super_potion:2;25;si;ia;48;spiritomb@42 | cofagrigus@43 | gourgeist@44 | mismagius@46;¡Solo confío en el tipo Fantasma! ¿Tienes con qué contrarrestarlo?;Me ganaste con cabeza: el tipo Fantasma no lo es todo.;¡El tipo Fantasma nunca falla!
especialista_dragon;Draco;Especialista Dragón;3;listo;si;super_potion:2;25;si;ia;48;druddigon@42 | altaria@43 | tyrantrum@44 | kingdra@46;¡Solo confío en el tipo Dragón! ¿Tienes con qué contrarrestarlo?;Me ganaste con cabeza: el tipo Dragón no lo es todo.;¡El tipo Dragón nunca falla!
especialista_dark;Noa;Especialista Siniestro;3;listo;si;super_potion:2;25;si;ia;48;malamar@42 | scrafty@43 | houndoom@44 | absol@46;¡Solo confío en el tipo Siniestro! ¿Tienes con qué contrarrestarlo?;Me ganaste con cabeza: el tipo Siniestro no lo es todo.;¡El tipo Siniestro nunca falla!
especialista_steel;Acero;Especialista Acero;3;listo;si;super_potion:2;25;si;ia;48;bronzong@42 | klefki@43 | skarmory@44 | steelix@46;¡Solo confío en el tipo Acero! ¿Tienes con qué contrarrestarlo?;Me ganaste con cabeza: el tipo Acero no lo es todo.;¡El tipo Acero nunca falla!
especialista_fairy;Hada;Especialista Hada;3;listo;si;super_potion:2;25;si;ia;48;clefable@42 | slurpuff@43 | aromatisse@44 | granbull@46;¡Solo confío en el tipo Hada! ¿Tienes con qué contrarrestarlo?;Me ganaste con cabeza: el tipo Hada no lo es todo.;¡El tipo Hada nunca falla!
