id;nombre;tipo;categoria;potencia;precision;pp;prioridad;objetivo;golpes;critico;dos_turnos;contacto;daño_especial;respeta_inmunidad;potencia_mod;formula_potencia;requisitos;stat_ataque;stat_defensa;ataca_con_rival;etiquetas;efectos;efecto_z;tipo_clima;animacion
pound;Destructor;normal;fisico;40;100;35;0;rival;1;0;no;si;;no;;;;;;no;;;;;
karate_chop;Golpe Kárate;fighting;fisico;50;100;25;0;rival;1;1;no;si;;no;;;;;;no;;;;;
double_slap;Doble Bofetón;normal;fisico;15;85;10;0;rival;2-5;0;no;si;;no;;;;;;no;;;;;
comet_punch;Puño Cometa;normal;fisico;18;85;15;0;rival;2-5;0;no;si;;no;;;;;;no;puño;;;;
mega_punch;Megapuño;normal;fisico;80;85;20;0;rival;1;0;no;si;;no;;;;;;no;puño;;;;
pay_day;Día de Pago;normal;fisico;40;100;20;0;rival;1;0;no;no;;no;;;;;;no;;;;;
fire_punch;Puño Fuego;fire;fisico;75;100;15;0;rival;1;0;no;si;;no;;;;;;no;puño;estado:burn@10;;;
ice_punch;Puño Hielo;ice;fisico;75;100;15;0;rival;1;0;no;si;;no;;;;;;no;puño;estado:freeze@10;;;
thunder_punch;Puño Trueno;electric;fisico;75;100;15;0;rival;1;0;no;si;;no;;;;;;no;puño;estado:paralysis@10;;;
scratch;Arañazo;normal;fisico;40;100;35;0;rival;1;0;no;si;;no;;;;;;no;;;;;
vice_grip;Agarre;normal;fisico;55;100;30;0;rival;1;0;no;si;;no;;;;;;no;;;;;
guillotine;Guillotina;normal;fisico;0;30;5;0;rival;1;0;no;si;ko;no;;;;;;no;;;;;
razor_wind;Viento Cortante;normal;especial;80;100;10;0;rivales;1;1;carga;no;;no;;;;;;no;corte;;;;
swords_dance;Danza Espada;normal;estado;0;nunca;20;0;propio;1;0;no;no;;no;;;;;;no;danza;stat_propio:attack:+2;reiniciar_etapas;;
cut;Corte;normal;fisico;50;95;30;0;rival;1;0;no;si;;no;;;;;;no;corte;;;;
gust;Tornado;flying;especial;40;100;35;0;rival;1;0;no;no;;no;;;;;;no;;;;;
wing_attack;Ataque Ala;flying;fisico;60;100;35;0;rival;1;0;no;si;;no;;;;;;no;;;;;
whirlwind;Remolino;normal;estado;0;nunca;20;-6;rival;1;0;no;no;;no;;;;;;no;;forzar_cambio;;;
fly;Vuelo;flying;fisico;90;95;15;0;rival;1;0;carga;si;;no;;;;;;no;semiinvulnerable;;;;
bind;Atadura;normal;fisico;15;85;20;0;rival;1;0;no;si;;no;;;;;;no;;estado:trapped;;;
slam;Atizar;normal;fisico;80;75;20;0;rival;1;0;no;si;;no;;;;;;no;;;;;
vine_whip;Látigo Cepa;grass;fisico;45;100;25;0;rival;1;0;no;si;;no;;;;;;no;;;;;
stomp;Pisotón;normal;fisico;65;100;20;0;rival;1;0;no;si;;no;;;;;;no;;amedrentar@30;;;
double_kick;Doble Patada;fighting;fisico;30;100;30;0;rival;2;0;no;si;;no;;;;;;no;;;;;
mega_kick;Megapatada;normal;fisico;120;75;5;0;rival;1;0;no;si;;no;;;;;;no;;;;;
jump_kick;Patada Salto;fighting;fisico;100;95;10;0;rival;1;0;no;si;;no;;;;;;no;retroceso;;;;
rolling_kick;Patada Giro;fighting;fisico;60;85;15;0;rival;1;0;no;si;;no;;;;;;no;;amedrentar@30;;;
sand_attack;Ataque Arena;ground;estado;0;100;15;0;rival;1;0;no;no;;no;;;;;;no;;stat:accuracy:-1;;;
headbutt;Golpe Cabeza;normal;fisico;70;100;15;0;rival;1;0;no;si;;no;;;;;;no;;amedrentar@30;;;
horn_attack;Cornada;normal;fisico;65;100;25;0;rival;1;0;no;si;;no;;;;;;no;;;;;
fury_attack;Ataque Furia;normal;fisico;15;85;20;0;rival;2-5;0;no;si;;no;;;;;;no;;;;;
horn_drill;Perforador;normal;fisico;0;30;5;0;rival;1;0;no;si;ko;no;;;;;;no;;;;;
tackle;Placaje;normal;fisico;50;100;35;0;rival;1;0;no;si;;no;;;;;;no;;;;;
body_slam;Golpe Cuerpo;normal;fisico;85;100;15;0;rival;1;0;no;si;;no;;;;;;no;;estado:paralysis@30;;;
wrap;Constricción;normal;fisico;15;90;20;0;rival;1;0;no;si;;no;;;;;;no;;estado:trapped;;;
take_down;Derribo;normal;fisico;90;85;20;0;rival;1;0;no;si;;no;;;;;;no;retroceso;retroceso:25;;;
thrash;Saña;normal;fisico;120;100;10;0;rival;1;0;no;si;;no;;;;;;no;;desenfreno:3:confusion;;;
double_edge;Doble Filo;normal;fisico;120;100;15;0;rival;1;0;no;si;;no;;;;;;no;retroceso;retroceso:33;;;
tail_whip;Agitacola;normal;estado;0;100;30;0;rivales;1;0;no;no;;no;;;;;;no;;stat:defense:-1;stat_propio:attack:+1;;
poison_sting;Picotazo Veneno;poison;fisico;15;100;35;0;rival;1;0;no;no;;no;;;;;;no;;estado:poison@30;;;
twineedle;Doble Ataque;bug;fisico;25;100;20;0;rival;2;0;no;no;;no;;;;;;no;;estado:poison@20;;;
pin_missile;Pin Misil;bug;fisico;25;95;20;0;rival;2-5;0;no;no;;no;;;;;;no;;;;;
leer;Malicioso;normal;estado;0;100;30;0;rivales;1;0;no;no;;no;;;;;;no;;stat:defense:-1;stat_propio:attack:+1;;
bite;Mordisco;dark;fisico;60;100;25;0;rival;1;0;no;si;;no;;;;;;no;mordisco;amedrentar@30;;;
growl;Gruñido;normal;estado;0;100;40;0;rivales;1;0;no;no;;no;;;;;;no;sonido;stat:attack:-1;stat_propio:defense:+1;;
roar;Rugido;normal;estado;0;nunca;20;-6;rival;1;0;no;no;;no;;;;;;no;sonido;forzar_cambio;;;
sing;Canto;normal;estado;0;55;15;0;rival;1;0;no;no;;no;;;;;;no;sonido;estado:sleep;;;
supersonic;Supersónico;normal;estado;0;55;20;0;rival;1;0;no;no;;no;;;;;;no;sonido;estado:confusion;;;
sonic_boom;Bomba Sónica;normal;especial;0;90;20;0;rival;1;0;no;no;fijo:20;no;;;;;;no;;;;;
disable;Anulación;normal;estado;0;100;20;0;rival;1;0;no;no;;no;;;;;;no;;anular:4;;;
acid;Ácido;poison;especial;40;100;30;0;rivales;1;0;no;no;;no;;;;;;no;;stat:sp_defense:-1@10;;;
ember;Ascuas;fire;especial;40;100;25;0;rival;1;0;no;no;;no;;;;;;no;;estado:burn@10;;;
flamethrower;Lanzallamas;fire;especial;90;100;15;0;rival;1;0;no;no;;no;;;;;;no;;estado:burn@10;;;
mist;Neblina;ice;estado;0;nunca;30;0;propio;1;0;no;no;;no;;;;;;no;;lado:mist;;;
water_gun;Pistola Agua;water;especial;40;100;25;0;rival;1;0;no;no;;no;;;;;;no;;;;;
hydro_pump;Hidrobomba;water;especial;110;80;5;0;rival;1;0;no;no;;no;;;;;;no;;;;;
surf;Surf;water;especial;90;100;15;0;todos;1;0;no;no;;no;;;;;;no;;;;;
ice_beam;Rayo Hielo;ice;especial;90;100;10;0;rival;1;0;no;no;;no;;;;;;no;;estado:freeze@10;;;
blizzard;Ventisca;ice;especial;110;70;5;0;rivales;1;0;no;no;;no;;;;;;no;;estado:freeze@10;;;
psybeam;Psicorrayo;psychic;especial;65;100;20;0;rival;1;0;no;no;;no;;;;;;no;;estado:confusion@10;;;
bubble_beam;Rayo Burbuja;water;especial;65;100;20;0;rival;1;0;no;no;;no;;;;;;no;;stat:speed:-1@10;;;
aurora_beam;Rayo Aurora;ice;especial;65;100;20;0;rival;1;0;no;no;;no;;;;;;no;;stat:attack:-1@10;;;
hyper_beam;Hiperrayo;normal;especial;150;90;5;0;rival;1;0;recarga;no;;no;;;;;;no;;;;;
peck;Picotazo;flying;fisico;35;100;35;0;rival;1;0;no;si;;no;;;;;;no;;;;;
drill_peck;Pico Taladro;flying;fisico;80;100;20;0;rival;1;0;no;si;;no;;;;;;no;;;;;
submission;Sumisión;fighting;fisico;80;80;20;0;rival;1;0;no;si;;no;;;;;;no;retroceso;retroceso:25;;;
low_kick;Patada Baja;fighting;fisico;1;100;20;0;rival;1;0;no;si;;no;;20+20*paso(peso_rival,10)+20*paso(peso_rival,25)+20*paso(peso_rival,50)+20*paso(peso_rival,100)+20*paso(peso_rival,200);;;;no;;;;;
counter;Contraataque;fighting;fisico;0;100;20;-5;rival;1;0;no;si;devolver_fisico;no;;;;;;no;no_metronomo;;;;
seismic_toss;Sísmico;fighting;fisico;0;100;20;0;rival;1;0;no;si;nivel;no;;;;;;no;;;;;
strength;Fuerza;normal;fisico;80;100;15;0;rival;1;0;no;si;;no;;;;;;no;;;;;
absorb;Absorber;grass;especial;20;100;25;0;rival;1;0;no;no;;no;;;;;;no;;drenar:50;;;
mega_drain;Megaagotar;grass;especial;40;100;15;0;rival;1;0;no;no;;no;;;;;;no;;drenar:50;;;
leech_seed;Drenadoras;grass;estado;0;90;10;0;rival;1;0;no;no;;no;;;;;;no;;estado:leech_seed;reiniciar_etapas;;
growth;Desarrollo;normal;estado;0;nunca;20;0;propio;1;0;no;no;;no;;;;;;no;;stat_propio:attack:+1|stat_propio:sp_attack:+1;stat_propio:sp_attack:+1;;
razor_leaf;Hoja Afilada;grass;fisico;55;95;25;0;rivales;1;1;no;no;;no;;;;;;no;corte;;;;
solar_beam;Rayo Solar;grass;especial;120;100;10;0;rival;1;0;carga;no;;no;x0,5 [si clima=rain] | x0,5 [si clima=hail] | x0,5 [si clima=sandstorm];;;;;no;;;;;
poison_powder;Polvo Veneno;poison;estado;0;75;35;0;rival;1;0;no;no;;no;;;;;;no;polvo;estado:poison;;;
stun_spore;Paralizador;grass;estado;0;75;30;0;rival;1;0;no;no;;no;;;;;;no;polvo;estado:paralysis;;;
sleep_powder;Somnífero;grass;estado;0;75;15;0;rival;1;0;no;no;;no;;;;;;no;polvo;estado:sleep;stat_propio:sp_defense:+1;;
petal_dance;Danza Pétalo;grass;especial;120;100;10;0;rival;1;0;no;si;;no;;;;;;no;danza;desenfreno:3:confusion;;;
string_shot;Disparo Demora;bug;estado;0;95;40;0;rivales;1;0;no;no;;no;;;;;;no;;stat:speed:-2;;;
dragon_rage;Furia Dragón;dragon;especial;0;100;10;0;rival;1;0;no;no;fijo:40;no;;;;;;no;;;;;
fire_spin;Giro Fuego;fire;especial;35;85;15;0;rival;1;0;no;no;;no;;;;;;no;;estado:trapped;;;
thunder_shock;Impactrueno;electric;especial;40;100;30;0;rival;1;0;no;no;;no;;;;;;no;;estado:paralysis@10;;;
thunderbolt;Rayo;electric;especial;90;100;15;0;rival;1;0;no;no;;no;;;;;;no;;estado:paralysis@10;;;
thunder_wave;Onda Trueno;electric;estado;0;100;20;0;rival;1;0;no;no;;si;;;;;;no;;estado:paralysis;stat_propio:sp_defense:+1;;
thunder;Trueno;electric;especial;110;70;10;0;rival;1;0;no;no;;no;;;;;;no;;estado:paralysis@30;;;
rock_throw;Lanzarrocas;rock;fisico;50;90;15;0;rival;1;0;no;no;;no;;;;;;no;;;;;
earthquake;Terremoto;ground;fisico;100;100;10;0;todos;1;0;no;no;;no;;;;;;no;;;;;
fissure;Fisura;ground;fisico;0;30;5;0;rival;1;0;no;no;ko;no;;;;;;no;;;;;
dig;Excavar;ground;fisico;80;100;10;0;rival;1;0;carga;si;;no;;;;;;no;semiinvulnerable;;;;
toxic;Tóxico;poison;estado;0;90;10;0;rival;1;0;no;no;;no;;;;;;no;;estado:toxic;stat_propio:defense:+1;;
confusion;Confusión;psychic;especial;50;100;25;0;rival;1;0;no;no;;no;;;;;;no;;estado:confusion@10;;;
psychic;Psíquico;psychic;especial;90;100;10;0;rival;1;0;no;no;;no;;;;;;no;;stat:sp_defense:-1@10;;;
hypnosis;Hipnosis;psychic;estado;0;60;20;0;rival;1;0;no;no;;no;;;;;;no;;estado:sleep;;;
meditate;Meditación;psychic;estado;0;nunca;40;0;propio;1;0;no;no;;no;;;;;;no;;stat_propio:attack:+1;;;
agility;Agilidad;psychic;estado;0;nunca;30;0;propio;1;0;no;no;;no;;;;;;no;;stat_propio:speed:+2;reiniciar_etapas;;
quick_attack;Ataque Rápido;normal;fisico;40;100;30;1;rival;1;0;no;si;;no;;;;;;no;;;;;
rage;Furia;normal;fisico;20;100;20;0;rival;1;0;no;si;;no;;;;;;no;;furia;;;
teleport;Teletransporte;psychic;estado;0;nunca;20;0;propio;1;0;no;no;;no;;;;;;no;;teletransporte;;;
night_shade;Tinieblas;ghost;especial;0;100;15;0;rival;1;0;no;no;nivel;no;;;;;;no;;;;;
mimic;Mimético;normal;estado;0;nunca;10;0;rival;1;0;no;no;;no;;;;;;no;no_metronomo;mimetico;;;
screech;Chirrido;normal;estado;0;85;40;0;rival;1;0;no;no;;no;;;;;;no;sonido;stat:defense:-2;;;
double_team;Doble Equipo;normal;estado;0;nunca;15;0;propio;1;0;no;no;;no;;;;;;no;;stat_propio:evasion:+1;;;
recover;Recuperación;normal;estado;0;nunca;5;0;propio;1;0;no;no;;no;;;;;;no;;curar:50;reiniciar_etapas;;
harden;Fortaleza;normal;estado;0;nunca;30;0;propio;1;0;no;no;;no;;;;;;no;;stat_propio:defense:+1;;;
minimize;Reducción;normal;estado;0;nunca;10;0;propio;1;0;no;no;;no;;;;;;no;;stat_propio:evasion:+2;;;
smokescreen;Pantalla de Humo;normal;estado;0;100;20;0;rival;1;0;no;no;;no;;;;;;no;;stat:accuracy:-1;;;
confuse_ray;Rayo Confuso;ghost;estado;0;100;10;0;rival;1;0;no;no;;no;;;;;;no;;estado:confusion;;;
withdraw;Refugio;water;estado;0;nunca;40;0;propio;1;0;no;no;;no;;;;;;no;;stat_propio:defense:+1;;;
defense_curl;Rizo Defensa;normal;estado;0;nunca;40;0;propio;1;0;no;no;;no;;;;;;no;;stat_propio:defense:+1;;;
barrier;Barrera;psychic;estado;0;nunca;20;0;propio;1;0;no;no;;no;;;;;;no;;stat_propio:defense:+2;;;
light_screen;Pantalla de Luz;psychic;estado;0;nunca;30;0;propio;1;0;no;no;;no;;;;;;no;;lado:light_screen;stat_propio:sp_defense:+1;;
haze;Niebla;ice;estado;0;nunca;30;0;todos;1;0;no;no;;no;;;;;;no;;reiniciar_etapas|reiniciar_etapas_rival;curar:100;;
reflect;Reflejo;psychic;estado;0;nunca;20;0;propio;1;0;no;no;;no;;;;;;no;;lado:reflect;stat_propio:defense:+1;;
focus_energy;Foco Energía;normal;estado;0;nunca;30;0;propio;1;0;no;no;;no;;;;;;no;;foco;;;
bide;Venganza;normal;fisico;0;nunca;10;1;propio;1;0;no;si;venganza;no;;;;;;no;;;;;
metronome;Metrónomo;normal;estado;0;nunca;10;0;propio;1;0;no;no;;no;;;;;;no;no_metronomo;metronomo;;;
mirror_move;Espejo;flying;estado;0;nunca;20;0;rival;1;0;no;no;;no;;;;;;no;;espejo;;;
self_destruct;Autodestrucción;normal;fisico;200;100;5;0;todos;1;0;no;no;;no;;;;;;no;explosion;debilitarse;;;
egg_bomb;Bomba Huevo;normal;fisico;100;75;10;0;rival;1;0;no;no;;no;;;;;;no;bomba;;;;
lick;Lengüetazo;ghost;fisico;30;100;30;0;rival;1;0;no;si;;no;;;;;;no;;estado:paralysis@30;;;
smog;Polución;poison;especial;30;70;20;0;rival;1;0;no;no;;no;;;;;;no;;estado:poison@40;;;
sludge;Residuos;poison;especial;65;100;20;0;rival;1;0;no;no;;no;;;;;;no;;estado:poison@30;;;
bone_club;Hueso Palo;ground;fisico;65;85;20;0;rival;1;0;no;no;;no;;;;;;no;;amedrentar@10;;;
fire_blast;Llamarada;fire;especial;110;85;5;0;rival;1;0;no;no;;no;;;;;;no;;estado:burn@10;;;
waterfall;Cascada;water;fisico;80;100;15;0;rival;1;0;no;si;;no;;;;;;no;;amedrentar@20;;;
clamp;Tenaza;water;fisico;35;85;15;0;rival;1;0;no;si;;no;;;;;;no;;estado:trapped;;;
swift;Meteoros;normal;especial;60;nunca;20;0;rivales;1;0;no;no;;no;;;;;;no;;;;;
skull_bash;Cabezazo;normal;fisico;130;100;10;0;rival;1;0;carga;si;;no;;;;;;no;;;;;
spike_cannon;Clavo Cañón;normal;fisico;20;100;15;0;rival;2-5;0;no;no;;no;;;;;;no;;;;;
constrict;Restricción;normal;fisico;10;100;35;0;rival;1;0;no;si;;no;;;;;;no;;stat:speed:-1@10;;;
amnesia;Amnesia;psychic;estado;0;nunca;20;0;propio;1;0;no;no;;no;;;;;;no;;stat_propio:sp_defense:+2;reiniciar_etapas;;
kinesis;Kinético;psychic;estado;0;80;15;0;rival;1;0;no;no;;no;;;;;;no;;stat:accuracy:-1;;;
soft_boiled;Ovocuración;normal;estado;0;nunca;5;0;propio;1;0;no;no;;no;;;;;;no;;curar:50;reiniciar_etapas;;
high_jump_kick;Patada Salto Alta;fighting;fisico;130;90;10;0;rival;1;0;no;si;;no;;;;;;no;retroceso;;;;
glare;Deslumbrar;normal;estado;0;100;30;0;rival;1;0;no;no;;no;;;;;;no;;estado:paralysis;;;
dream_eater;Comesueños;psychic;especial;100;100;15;0;rival;1;0;no;no;;no;;;rival.estado=sleep;;;no;;drenar:50;;;
poison_gas;Gas Venenoso;poison;estado;0;90;40;0;rivales;1;0;no;no;;no;;;;;;no;;estado:poison;;;
barrage;Bombardeo;normal;fisico;15;85;20;0;rival;2-5;0;no;no;;no;;;;;;no;bomba;;;;
leech_life;Chupavidas;bug;fisico;20;100;15;0;rival;1;0;no;si;;no;;;;;;no;;drenar:50;;;
lovely_kiss;Beso Amoroso;normal;estado;0;75;10;0;rival;1;0;no;no;;no;;;;;;no;;estado:sleep;;;
sky_attack;Ataque Aéreo;flying;fisico;140;90;5;0;rival;1;1;carga;no;;no;;;;;;no;;amedrentar@30;;;
transform;Transformación;normal;estado;0;nunca;10;0;rival;1;0;no;no;;no;;;;;;no;no_metronomo;transformarse;;;
bubble;Burbuja;water;especial;40;100;30;0;rivales;1;0;no;no;;no;;;;;;no;;stat:speed:-1@10;;;
dizzy_punch;Puño Mareo;normal;fisico;70;100;10;0;rival;1;0;no;si;;no;;;;;;no;puño;estado:confusion@20;;;
spore;Espora;grass;estado;0;100;15;0;rival;1;0;no;no;;no;;;;;;no;polvo;estado:sleep;stat_propio:sp_defense:+1;;
flash;Destello;normal;estado;0;100;20;0;rival;1;0;no;no;;no;;;;;;no;;stat:accuracy:-1;;;
psywave;Psicoonda;psychic;especial;0;100;15;0;rival;1;0;no;no;nivel;no;;;;;;no;;;;;
splash;Salpicadura;normal;estado;0;nunca;40;0;propio;1;0;no;no;;no;;;;;;no;;;stat_propio:attack:+3;;
acid_armor;Armadura Ácida;poison;estado;0;nunca;20;0;propio;1;0;no;no;;no;;;;;;no;;stat_propio:defense:+2;;;
crabhammer;Martillazo;water;fisico;100;90;10;0;rival;1;1;no;si;;no;;;;;;no;;;;;
explosion;Explosión;normal;fisico;250;100;5;0;todos;1;0;no;no;;no;;;;;;no;explosion;debilitarse;;;
fury_swipes;Golpes Furia;normal;fisico;18;80;15;0;rival;2-5;0;no;si;;no;;;;;;no;;;;;
bonemerang;Huesomerang;ground;fisico;50;90;10;0;rival;2;0;no;no;;no;;;;;;no;;;;;
rest;Descanso;psychic;estado;0;nunca;5;0;propio;1;0;no;no;;no;;;;;;no;;curar_estado|curar:100|estado_propio:sleep;reiniciar_etapas;;
rock_slide;Avalancha;rock;fisico;75;90;10;0;rivales;1;0;no;no;;no;;;;;;no;;amedrentar@30;;;
hyper_fang;Hipercolmillo;normal;fisico;80;90;15;0;rival;1;0;no;si;;no;;;;;;no;mordisco;amedrentar@10;;;
sharpen;Afilar;normal;estado;0;nunca;30;0;propio;1;0;no;no;;no;;;;;;no;;stat_propio:attack:+1;;;
conversion;Conversión;normal;estado;0;nunca;30;0;propio;1;0;no;no;;no;;;;;;no;;cambiar_tipo;stat_propio:attack:+1 | stat_propio:defense:+1 | stat_propio:sp_attack:+1 | stat_propio:sp_defense:+1 | stat_propio:speed:+1;;
tri_attack;Triataque;normal;especial;80;100;10;0;rival;1;0;no;no;;no;;;;;;no;;estado:burn@6,67|estado:paralysis@6,67|estado:freeze@6,67;;;
super_fang;Superdiente;normal;fisico;0;90;10;0;rival;1;0;no;si;mitad;no;;;;;;no;;;;;
slash;Cuchillada;normal;fisico;70;100;20;0;rival;1;1;no;si;;no;;;;;;no;corte;;;;
substitute;Sustituto;normal;estado;0;nunca;10;0;propio;1;0;no;no;;no;;;;;;no;;sustituto;reiniciar_etapas;;
sketch;Esquema;normal;estado;0;nunca;1;0;rival;1;0;no;no;;no;;;;;;no;no_metronomo;mimetico;;;
triple_kick;Triple Patada;fighting;fisico;10;90;10;0;rival;3;0;no;si;;no;;;;;;no;;;;;
thief;Ladrón;dark;fisico;60;100;25;0;rival;1;0;no;si;;no;;;;;;no;no_metronomo;robar_objeto;;;
spider_web;Telaraña;bug;estado;0;nunca;10;0;rival;1;0;no;no;;no;;;;;;no;;estado:cant_escape;;;
mind_reader;Telépata;normal;estado;0;nunca;5;0;rival;1;0;no;no;;no;;;;;;no;;estado_propio:lock_on;;;
nightmare;Pesadilla;ghost;estado;0;100;15;0;rival;1;0;no;no;;no;;;rival.estado=sleep;;;no;;estado:nightmare;;;
flame_wheel;Rueda Fuego;fire;fisico;60;100;25;0;rival;1;0;no;si;;no;;;;;;no;;estado:burn@10;;;
snore;Ronquido;normal;especial;50;100;15;0;rival;1;0;no;no;;no;;;propio.estado=sleep;;;no;sonido|dormido;amedrentar@30;;;
curse;Maldición;ghost;estado;0;nunca;10;0;rival;1;0;no;no;;no;;;;;;no;;retroceso_ps:50 [si propio.tipo=ghost]|estado:curse [si propio.tipo=ghost]|stat_propio:attack:+1 [si !propio.tipo=ghost]|stat_propio:defense:+1 [si !propio.tipo=ghost]|stat_propio:speed:-1 [si !propio.tipo=ghost];;;
flail;Azote;normal;fisico;1;100;15;0;rival;1;0;no;si;;no;;20+20*paso(-vida,-68.75)+40*paso(-vida,-35.42)+20*paso(-vida,-20.83)+50*paso(-vida,-10.42)+50*paso(-vida,-4.17);;;;no;;;;;
conversion_2;Conversión 2;normal;estado;0;nunca;30;0;rival;1;0;no;no;;no;;;;;;no;;;;;
aeroblast;Aerochorro;flying;especial;100;95;5;0;rival;1;1;no;no;;no;;;;;;no;;;;;
cotton_spore;Esporagodón;grass;estado;0;100;40;0;rivales;1;0;no;no;;no;;;;;;no;polvo;stat:speed:-2;;;
reversal;Inversión;fighting;fisico;1;100;15;0;rival;1;0;no;si;;no;;20+20*paso(-vida,-68.75)+40*paso(-vida,-35.42)+20*paso(-vida,-20.83)+50*paso(-vida,-10.42)+50*paso(-vida,-4.17);;;;no;;;;;
spite;Rencor;ghost;estado;0;100;10;0;rival;1;0;no;no;;no;;;;;;no;;;;;
powder_snow;Nieve Polvo;ice;especial;40;100;25;0;rivales;1;0;no;no;;no;;;;;;no;;estado:freeze@10;;;
protect;Protección;normal;estado;0;nunca;10;4;propio;1;0;no;no;;no;;;;;;no;no_metronomo;estado_propio:protect;reiniciar_etapas;;
mach_punch;Ultrapuño;fighting;fisico;40;100;30;1;rival;1;0;no;si;;no;;;;;;no;puño;;;;
scary_face;Cara Susto;normal;estado;0;100;10;0;rival;1;0;no;no;;no;;;;;;no;;stat:speed:-2;;;
feint_attack;Finta;dark;fisico;60;nunca;20;0;rival;1;0;no;si;;no;;;;;;no;;;;;
sweet_kiss;Beso Dulce;fairy;estado;0;75;10;0;rival;1;0;no;no;;no;;;;;;no;;estado:confusion;;;
belly_drum;Tambor;normal;estado;0;nunca;10;0;propio;1;0;no;no;;no;;;;;;no;;retroceso_ps:50|stat_propio:attack:+6;curar:100;;
sludge_bomb;Bomba Lodo;poison;especial;90;100;10;0;rival;1;0;no;no;;no;;;;;;no;bomba;estado:poison@30;;;
mud_slap;Bofetón Lodo;ground;especial;20;100;10;0;rival;1;0;no;no;;no;;;;;;no;;stat:accuracy:-1;;;
octazooka;Pulpocañón;water;especial;65;85;10;0;rival;1;0;no;no;;no;;;;;;no;bomba;stat:accuracy:-1@50;;;
spikes;Púas;ground;estado;0;nunca;20;0;rivales;1;0;no;no;;no;;;;;;no;;trampa:spikes;stat_propio:defense:+1;;
zap_cannon;Electrocañón;electric;especial;120;50;5;0;rival;1;0;no;no;;no;;;;;;no;bomba;estado:paralysis;;;
foresight;Profecía;normal;estado;0;nunca;40;0;rival;1;0;no;no;;no;;;;;;no;;estado:identified;;;
destiny_bond;Mismo Destino;ghost;estado;0;nunca;5;0;propio;1;0;no;no;;no;;;;;;no;no_metronomo;estado_propio:destiny_bond;;;
perish_song;Canto Mortal;normal;estado;0;nunca;5;0;todos;1;0;no;no;;no;;;;;;no;sonido;estado:perish_song|estado_propio:perish_song;;;
icy_wind;Viento Hielo;ice;especial;55;95;15;0;rivales;1;0;no;no;;no;;;;;;no;;stat:speed:-1;;;
detect;Detección;fighting;estado;0;nunca;5;4;propio;1;0;no;no;;no;;;;;;no;no_metronomo;estado_propio:protect;reiniciar_etapas;;
bone_rush;Ataque Óseo;ground;fisico;25;90;10;0;rival;2-5;0;no;no;;no;;;;;;no;;;;;
lock_on;Fijar Blanco;normal;estado;0;nunca;5;0;rival;1;0;no;no;;no;;;;;;no;;estado_propio:lock_on;;;
outrage;Enfado;dragon;fisico;120;100;10;0;rival;1;0;no;si;;no;;;;;;no;;desenfreno:3:confusion;;;
sandstorm;Tormenta de Arena;rock;estado;0;nunca;10;0;todos;1;0;no;no;;no;;;;;;no;;clima:sandstorm;;;
giga_drain;Gigadrenado;grass;especial;75;100;10;0;rival;1;0;no;no;;no;;;;;;no;;drenar:50;;;
endure;Aguante;normal;estado;0;nunca;10;4;propio;1;0;no;no;;no;;;;;;no;no_metronomo;estado_propio:endure;;;
charm;Encanto;fairy;estado;0;100;20;0;rival;1;0;no;no;;no;;;;;;no;;stat:attack:-2;;;
rollout;Rodar;rock;fisico;30;90;20;0;rival;1;0;no;si;;no;;30*pow(2,min(seguidos,4));;;;no;;;;;
false_swipe;Falso Tortazo;normal;fisico;40;100;40;0;rival;1;0;no;si;;no;;;;;;no;;;;;
swagger;Fanfarronear;normal;estado;0;90;15;0;rival;1;0;no;no;;no;;;;;;no;;estado:confusion|stat:attack:+2;;;
milk_drink;Batido;normal;estado;0;nunca;5;0;propio;1;0;no;no;;no;;;;;;no;;curar:50;;;
spark;Chispa;electric;fisico;65;100;20;0;rival;1;0;no;si;;no;;;;;;no;;estado:paralysis@30;;;
fury_cutter;Corte Furia;bug;fisico;40;95;20;0;rival;1;0;no;si;;no;;10*pow(2,min(seguidos,4));;;;no;corte;;;;
steel_wing;Ala de Acero;steel;fisico;70;90;25;0;rival;1;0;no;si;;no;;;;;;no;;stat_propio:defense:+1@10;;;
mean_look;Mal de Ojo;normal;estado;0;nunca;5;0;rival;1;0;no;no;;no;;;;;;no;;estado:cant_escape;;;
attract;Atracción;normal;estado;0;100;15;0;rival;1;0;no;no;;no;;;;;;no;;estado:infatuation;;;
sleep_talk;Sonámbulo;normal;estado;0;nunca;10;0;propio;1;0;no;no;;no;;;propio.estado=sleep;;;no;dormido|no_sonambulo|no_metronomo;sonambulo;;;
heal_bell;Cascabel Cura;normal;estado;0;nunca;5;0;todos;1;0;no;no;;no;;;;;;no;sonido;curar_equipo;curar:100;;
return;Retribución;normal;fisico;1;100;20;0;rival;1;0;no;si;;no;;amistad*10/25;;;;no;;;;;
present;Presente;normal;fisico;40;90;15;0;rival;1;0;no;no;;no;;;;;;no;;;;;
frustration;Frustración;normal;fisico;1;100;20;0;rival;1;0;no;si;;no;;(255-amistad)*10/25;;;;no;;;;;
safeguard;Velo Sagrado;normal;estado;0;nunca;25;0;propio;1;0;no;no;;no;;;;;;no;;lado:safeguard;;;
pain_split;Divide Dolor;normal;estado;0;nunca;20;0;rival;1;0;no;no;;no;;;;;;no;;dividir_dolor;;;
sacred_fire;Fuego Sagrado;fire;fisico;100;95;5;0;rival;1;0;no;no;;no;;;;;;no;;estado:burn@50;;;
magnitude;Magnitud;ground;fisico;1;100;30;0;todos;1;0;no;no;;no;;10+20*paso(azar,5)+20*paso(azar,15)+20*paso(azar,35)+20*paso(azar,65)+20*paso(azar,85)+40*paso(azar,95);;;;no;;;;;
dynamic_punch;Puño Dinámico;fighting;fisico;100;50;5;0;rival;1;0;no;si;;no;;;;;;no;puño;estado:confusion;;;
megahorn;Megacuerno;bug;fisico;120;85;10;0;rival;1;0;no;si;;no;;;;;;no;;;;;
dragon_breath;Dragoaliento;dragon;especial;60;100;20;0;rival;1;0;no;no;;no;;;;;;no;;estado:paralysis@30;;;
baton_pass;Relevo;normal;estado;0;nunca;40;0;propio;1;0;no;no;;no;;;;;;no;;relevo;;;
encore;Otra Vez;normal;estado;0;100;5;0;rival;1;0;no;no;;no;;;;;;no;;otra_vez:3;stat_propio:speed:+1;;
pursuit;Persecución;dark;fisico;40;100;20;0;rival;1;0;no;si;;no;;;;;;no;;;;;
rapid_spin;Giro Rápido;normal;fisico;20;100;40;0;rival;1;0;no;si;;no;;;;;;no;;quitar_trampas;;;
sweet_scent;Dulce Aroma;normal;estado;0;100;20;0;rivales;1;0;no;no;;no;;;;;;no;;stat:evasion:-2;;;
iron_tail;Cola Férrea;steel;fisico;100;75;15;0;rival;1;0;no;si;;no;;;;;;no;;stat:defense:-1@30;;;
metal_claw;Garra Metal;steel;fisico;50;95;35;0;rival;1;0;no;si;;no;;;;;;no;;stat_propio:attack:+1@10;;;
vital_throw;Llave Vital;fighting;fisico;70;nunca;10;-1;rival;1;0;no;si;;no;;;;;;no;;;;;
morning_sun;Sol Matinal;normal;estado;0;nunca;5;0;propio;1;0;no;no;;no;;;;;;no;;curar:50;reiniciar_etapas;;
synthesis;Fotosíntesis;grass;estado;0;nunca;5;0;propio;1;0;no;no;;no;;;;;;no;;curar:50;reiniciar_etapas;;
moonlight;Luz Lunar;fairy;estado;0;nunca;5;0;propio;1;0;no;no;;no;;;;;;no;;curar:50;reiniciar_etapas;;
hidden_power;Poder Oculto;normal;especial;60;100;15;0;rival;1;0;no;no;;no;;;;;;no;;;;;
cross_chop;Tajo Cruzado;fighting;fisico;100;80;5;0;rival;1;1;no;si;;no;;;;;;no;;;;;
twister;Ciclón;dragon;especial;40;100;20;0;rivales;1;0;no;no;;no;;;;;;no;;amedrentar@20;;;
rain_dance;Danza Lluvia;water;estado;0;nunca;5;0;todos;1;0;no;no;;no;;;;;;no;;clima:rain;;;
sunny_day;Día Soleado;fire;estado;0;nunca;5;0;todos;1;0;no;no;;no;;;;;;no;;clima:sun;;;
crunch;Triturar;dark;fisico;80;100;15;0;rival;1;0;no;si;;no;;;;;;no;mordisco;stat:defense:-1@20;;;
mirror_coat;Manto Espejo;psychic;especial;0;100;20;-5;rival;1;0;no;no;devolver_especial;no;;;;;;no;no_metronomo;;;;
psych_up;Autosugestión;normal;estado;0;nunca;10;0;rival;1;0;no;no;;no;;;;;;no;;copiar_etapas;;;
extreme_speed;Velocidad Extrema;normal;fisico;80;100;5;2;rival;1;0;no;si;;no;;;;;;no;;;;;
ancient_power;Poder Pasado;rock;especial;60;100;5;0;rival;1;0;no;no;;no;;;;;;no;;stat_propio:attack:+1@10|stat_propio:defense:+1@10|stat_propio:sp_attack:+1@10|stat_propio:sp_defense:+1@10|stat_propio:speed:+1@10;;;
shadow_ball;Bola Sombra;ghost;especial;80;100;15;0;rival;1;0;no;no;;no;;;;;;no;bomba;stat:sp_defense:-1@20;;;
future_sight;Premonición;psychic;especial;120;100;10;0;rival;1;0;no;no;;no;;;;;;no;;premonicion:3;;;
rock_smash;Golpe Roca;fighting;fisico;40;100;15;0;rival;1;0;no;si;;no;;;;;;no;;stat:defense:-1@50;;;
whirlpool;Torbellino;water;especial;35;85;15;0;rival;1;0;no;no;;no;;;;;;no;;estado:trapped;;;
beat_up;Paliza;dark;fisico;10;100;10;0;rival;6;0;no;no;;no;;;;;;no;;;;;
fake_out;Sorpresa;normal;fisico;40;100;10;3;rival;1;0;no;si;;no;;;propio.turnos_campo<1;;;no;;amedrentar;;;
uproar;Alboroto;normal;especial;90;100;10;0;rival;1;0;no;no;;no;;;;;;no;sonido;desenfreno:3;;;
stockpile;Reserva;normal;estado;0;nunca;20;0;propio;1;0;no;no;;no;;;;;;no;;reserva|stat_propio:defense:+1|stat_propio:sp_defense:+1;;;
spit_up;Escupir;normal;especial;1;100;10;0;rival;1;0;no;no;;no;;100*reserva;propio.reserva>0;;;no;;usar_reserva;;;
swallow;Tragar;normal;estado;0;nunca;10;0;propio;1;0;no;no;;no;;;propio.reserva>0;;;no;;usar_reserva:curar;;;
heat_wave;Onda Ígnea;fire;especial;95;90;10;0;rivales;1;0;no;no;;no;;;;;;no;;estado:burn@10;;;
hail;Granizo;ice;estado;0;nunca;10;0;todos;1;0;no;no;;no;;;;;;no;;clima:hail;;;
torment;Tormento;dark;estado;0;100;15;0;rival;1;0;no;no;;no;;;;;;no;;estado:torment;;;
flatter;Camelo;dark;estado;0;100;15;0;rival;1;0;no;no;;no;;;;;;no;;estado:confusion|stat:sp_attack:+1;;;
will_o_wisp;Fuego Fatuo;fire;estado;0;85;15;0;rival;1;0;no;no;;no;;;;;;no;;estado:burn;stat_propio:attack:+1;;
memento;Legado;dark;estado;0;100;10;0;rival;1;0;no;no;;no;;;;;;no;;stat:attack:-2|stat:sp_attack:-2|debilitarse;;;
facade;Fachada;normal;fisico;70;100;20;0;rival;1;0;no;si;;no;x2 [si propio.estado];;;;;no;;;;;
focus_punch;Puño Certero;fighting;fisico;150;100;20;-3;rival;1;0;no;si;;no;;;!propio.dañado;;;no;puño|no_metronomo;;;;
smelling_salts;Estímulo;normal;fisico;70;100;10;0;rival;1;0;no;si;;no;x2 [si rival.estado=paralysis];;;;;no;;curar_estado_rival:paralysis [si rival.estado=paralysis];;;
follow_me;Señuelo;normal;estado;0;nunca;20;2;propio;1;0;no;no;;no;;;;;;no;no_metronomo;;;;
nature_power;Adaptación;normal;estado;0;nunca;20;0;rival;1;0;no;no;;no;;;;;;no;;usar:tri_attack;;;
charge;Carga;electric;estado;0;nunca;20;0;propio;1;0;no;no;;no;;;;;;no;;estado_propio:charge|stat_propio:sp_defense:+1;;;
taunt;Mofa;dark;estado;0;100;20;0;rival;1;0;no;no;;no;;;;;;no;;estado:taunt;stat_propio:attack:+1;;
helping_hand;Refuerzo;normal;estado;0;nunca;20;5;aliado;1;0;no;no;;no;;;;;;no;no_metronomo;;;;
trick;Truco;psychic;estado;0;100;10;0;rival;1;0;no;no;;no;;;;;;no;no_metronomo;cambiar_objetos;;;
role_play;Imitación;psychic;estado;0;nunca;10;0;rival;1;0;no;no;;no;;;;;;no;;copiar_habilidad;;;
wish;Deseo;normal;estado;0;nunca;10;0;propio;1;0;no;no;;no;;;;;;no;;deseo:2:50;stat_propio:sp_defense:+1;;
assist;Ayuda;normal;estado;0;nunca;20;0;propio;1;0;no;no;;no;;;;;;no;no_metronomo;ayuda;;;
ingrain;Arraigo;grass;estado;0;nunca;20;0;propio;1;0;no;no;;no;;;;;;no;;estado_propio:ingrain;;;
superpower;Fuerza Bruta;fighting;fisico;120;100;5;0;rival;1;0;no;si;;no;;;;;;no;;stat_propio:attack:-1|stat_propio:defense:-1;;;
magic_coat;Capa Mágica;psychic;estado;0;nunca;15;4;propio;1;0;no;no;;no;;;;;;no;;estado_propio:magic_coat;;;
recycle;Reciclaje;normal;estado;0;nunca;10;0;propio;1;0;no;no;;no;;;;;;no;;reciclar;;;
revenge;Desquite;fighting;fisico;60;100;10;-4;rival;1;0;no;si;;no;x2 [si propio.dañado];;;;;no;;;;;
brick_break;Demolición;fighting;fisico;75;100;15;0;rival;1;0;no;si;;no;;;;;;no;;quitar_lado;;;
yawn;Bostezo;normal;estado;0;nunca;10;0;rival;1;0;no;no;;no;;;;;;no;;estado:drowsy;;;
knock_off;Desarme;dark;fisico;65;100;20;0;rival;1;0;no;si;;no;;;;;;no;;quitar_objeto;;;
endeavor;Esfuerzo;normal;fisico;0;100;5;0;rival;1;0;no;si;esfuerzo;no;;;;;;no;;;;;
eruption;Estallido;fire;especial;150;100;5;0;rivales;1;0;no;no;;no;;max(1,150*vida/100);;;;no;;;;;
skill_swap;Intercambio;psychic;estado;0;nunca;10;0;rival;1;0;no;no;;no;;;;;;no;;cambiar_habilidades;;;
imprison;Sellar;psychic;estado;0;nunca;10;0;propio;1;0;no;no;;no;;;;;;no;;estado_propio:imprison;;;
refresh;Alivio;normal;estado;0;nunca;20;0;propio;1;0;no;no;;no;;;;;;no;;curar_estado;;;
grudge;Rabia;ghost;estado;0;nunca;5;0;propio;1;0;no;no;;no;;;;;;no;;estado_propio:grudge;;;
snatch;Robo;dark;estado;0;nunca;10;4;propio;1;0;no;no;;no;;;;;;no;no_metronomo;estado_propio:snatch;;;
secret_power;Daño Secreto;normal;fisico;70;100;20;0;rival;1;0;no;no;;no;;;;;;no;;estado:paralysis@30;;;
dive;Buceo;water;fisico;80;100;10;0;rival;1;0;carga;si;;no;;;;;;no;semiinvulnerable;;;;
arm_thrust;Empujón;fighting;fisico;15;100;20;0;rival;2-5;0;no;si;;no;;;;;;no;;;;;
camouflage;Camuflaje;normal;estado;0;nunca;20;0;propio;1;0;no;no;;no;;;;;;no;;cambiar_tipo:normal;;;
tail_glow;Luminicola;bug;estado;0;nunca;20;0;propio;1;0;no;no;;no;;;;;;no;;stat_propio:sp_attack:+3;;;
luster_purge;Resplandor;psychic;especial;95;100;5;0;rival;1;0;no;no;;no;;;;;;no;;stat:sp_defense:-1@50;;;
mist_ball;Bola Neblina;psychic;especial;70;100;5;0;rival;1;0;no;no;;no;;;;;;no;bomba;stat:sp_attack:-1@50;;;
feather_dance;Danza Pluma;flying;estado;0;100;15;0;rival;1;0;no;no;;no;;;;;;no;danza;stat:attack:-2;;;
teeter_dance;Danza Caos;normal;estado;0;100;20;0;todos;1;0;no;no;;no;;;;;;no;danza;estado:confusion;;;
blaze_kick;Patada Ígnea;fire;fisico;85;90;10;0;rival;1;1;no;si;;no;;;;;;no;;estado:burn@10;;;
mud_sport;Chapoteo Lodo;ground;estado;0;nunca;15;0;todos;1;0;no;no;;no;;;;;;no;;lado:mud_sport;;;
ice_ball;Bola Hielo;ice;fisico;30;90;20;0;rival;1;0;no;si;;no;;30*pow(2,min(seguidos,4));;;;no;bomba;;;;
needle_arm;Brazo Pincho;grass;fisico;60;100;15;0;rival;1;0;no;si;;no;;;;;;no;;amedrentar@30;;;
slack_off;Relajo;normal;estado;0;nunca;5;0;propio;1;0;no;no;;no;;;;;;no;;curar:50;reiniciar_etapas;;
hyper_voice;Vozarrón;normal;especial;90;100;10;0;rivales;1;0;no;no;;no;;;;;;no;sonido;;;;
poison_fang;Colmillo Veneno;poison;fisico;50;100;15;0;rival;1;0;no;si;;no;;;;;;no;mordisco;estado:poison@50;;;
crush_claw;Garra Brutal;normal;fisico;75;95;10;0;rival;1;0;no;si;;no;;;;;;no;;stat:defense:-1@50;;;
blast_burn;Anillo Ígneo;fire;especial;150;90;5;0;rival;1;0;recarga;no;;no;;;;;;no;;;;;
hydro_cannon;Hidrocañón;water;especial;150;90;5;0;rival;1;0;recarga;no;;no;;;;;;no;;;;;
meteor_mash;Puño Meteoro;steel;fisico;90;90;10;0;rival;1;0;no;si;;no;;;;;;no;puño;stat_propio:attack:+1@20;;;
astonish;Impresionar;ghost;fisico;30;100;15;0;rival;1;0;no;si;;no;;;;;;no;;amedrentar@30;;;
weather_ball;Meteorobola;normal;especial;50;100;10;0;rival;1;0;no;no;;no;x2 [si clima=rain] | x2 [si clima=sun] | x2 [si clima=hail] | x2 [si clima=sandstorm];;;;;no;bomba;;;rain:water|sun:fire|hail:ice|sandstorm:rock;
aromatherapy;Aromaterapia;grass;estado;0;nunca;5;0;todos;1;0;no;no;;no;;;;;;no;;curar_equipo;curar:100;;
fake_tears;Llanto Falso;dark;estado;0;100;20;0;rival;1;0;no;no;;no;;;;;;no;;stat:sp_defense:-2;;;
air_cutter;Aire Afilado;flying;especial;60;95;25;0;rivales;1;1;no;no;;no;;;;;;no;corte;;;;
overheat;Sofoco;fire;especial;130;90;5;0;rival;1;0;no;no;;no;;;;;;no;;stat_propio:sp_attack:-2;;;
odor_sleuth;Rastreo;normal;estado;0;nunca;40;0;rival;1;0;no;no;;no;;;;;;no;;estado:identified;;;
rock_tomb;Tumba Rocas;rock;fisico;60;95;15;0;rival;1;0;no;no;;no;;;;;;no;;stat:speed:-1;;;
silver_wind;Viento Plata;bug;especial;60;100;5;0;rival;1;0;no;no;;no;;;;;;no;;stat_propio:attack:+1@10|stat_propio:defense:+1@10|stat_propio:sp_attack:+1@10|stat_propio:sp_defense:+1@10|stat_propio:speed:+1@10;;;
metal_sound;Eco Metálico;steel;estado;0;85;40;0;rival;1;0;no;no;;no;;;;;;no;sonido;stat:sp_defense:-2;;;
grass_whistle;Silbato;grass;estado;0;55;15;0;rival;1;0;no;no;;no;;;;;;no;sonido;estado:sleep;;;
tickle;Cosquillas;normal;estado;0;100;20;0;rival;1;0;no;no;;no;;;;;;no;;stat:attack:-1|stat:defense:-1;;;
cosmic_power;Masa Cósmica;psychic;estado;0;nunca;20;0;propio;1;0;no;no;;no;;;;;;no;;stat_propio:defense:+1|stat_propio:sp_defense:+1;;;
water_spout;Salpicar;water;especial;150;100;5;0;rivales;1;0;no;no;;no;;max(1,150*vida/100);;;;no;;;;;
signal_beam;Rayo Señal;bug;especial;75;100;15;0;rival;1;0;no;no;;no;;;;;;no;;estado:confusion@10;;;
shadow_punch;Puño Sombra;ghost;fisico;60;nunca;20;0;rival;1;0;no;si;;no;;;;;;no;puño;;;;
extrasensory;Paranormal;psychic;especial;80;100;20;0;rival;1;0;no;no;;no;;;;;;no;;amedrentar@10;;;
sky_uppercut;Gancho Alto;fighting;fisico;85;90;15;0;rival;1;0;no;si;;no;;;;;;no;puño;;;;
sand_tomb;Bucle Arena;ground;fisico;35;85;15;0;rival;1;0;no;no;;no;;;;;;no;;estado:trapped;;;
sheer_cold;Frío Polar;ice;especial;0;30;5;0;rival;1;0;no;no;ko;no;;;;;;no;;;;;
muddy_water;Agua Lodosa;water;especial;90;85;10;0;rivales;1;0;no;no;;no;;;;;;no;;stat:accuracy:-1@30;;;
bullet_seed;Semilladora;grass;fisico;25;100;30;0;rival;2-5;0;no;no;;no;;;;;;no;bomba;;;;
aerial_ace;Golpe Aéreo;flying;fisico;60;nunca;20;0;rival;1;0;no;si;;no;;;;;;no;corte;;;;
icicle_spear;Carámbano;ice;fisico;25;100;30;0;rival;2-5;0;no;no;;no;;;;;;no;;;;;
iron_defense;Defensa Férrea;steel;estado;0;nunca;15;0;propio;1;0;no;no;;no;;;;;;no;;stat_propio:defense:+2;reiniciar_etapas;;
block;Bloqueo;normal;estado;0;nunca;5;0;rival;1;0;no;no;;no;;;;;;no;;estado:cant_escape;;;
howl;Aullido;normal;estado;0;nunca;40;0;todos;1;0;no;no;;no;;;;;;no;sonido;stat:attack:+1;;;
dragon_claw;Garra Dragón;dragon;fisico;80;100;15;0;rival;1;0;no;si;;no;;;;;;no;;;;;
frenzy_plant;Planta Feroz;grass;especial;150;90;5;0;rival;1;0;recarga;no;;no;;;;;;no;;;;;
bulk_up;Corpulencia;fighting;estado;0;nunca;20;0;propio;1;0;no;no;;no;;;;;;no;;stat_propio:attack:+1|stat_propio:defense:+1;stat_propio:attack:+1;;
bounce;Bote;flying;fisico;85;85;5;0;rival;1;0;carga;si;;no;;;;;;no;semiinvulnerable;estado:paralysis@30;;;
mud_shot;Disparo Lodo;ground;especial;55;95;15;0;rival;1;0;no;no;;no;;;;;;no;;stat:speed:-1;;;
poison_tail;Cola Veneno;poison;fisico;50;100;25;0;rival;1;1;no;si;;no;;;;;;no;;estado:poison@10;;;
covet;Antojo;normal;fisico;60;100;25;0;rival;1;0;no;si;;no;;;;;;no;no_metronomo;robar_objeto;;;
volt_tackle;Placaje Eléctrico;electric;fisico;120;100;15;0;rival;1;0;no;si;;no;;;;;;no;retroceso;estado:paralysis@10|retroceso:33;;;
magical_leaf;Hoja Mágica;grass;especial;60;nunca;20;0;rival;1;0;no;no;;no;;;;;;no;;;;;
water_sport;Hidrochorro;water;estado;0;nunca;15;0;todos;1;0;no;no;;no;;;;;;no;;lado:water_sport;;;
calm_mind;Paz Mental;psychic;estado;0;nunca;20;0;propio;1;0;no;no;;no;;;;;;no;;stat_propio:sp_attack:+1|stat_propio:sp_defense:+1;reiniciar_etapas;;
leaf_blade;Hoja Aguda;grass;fisico;90;100;15;0;rival;1;1;no;si;;no;;;;;;no;corte;;;;
dragon_dance;Danza Dragón;dragon;estado;0;nunca;20;0;propio;1;0;no;no;;no;;;;;;no;danza;stat_propio:attack:+1|stat_propio:speed:+1;reiniciar_etapas;;
rock_blast;Pedrada;rock;fisico;25;90;10;0;rival;2-5;0;no;no;;no;;;;;;no;bomba;;;;
shock_wave;Onda Voltio;electric;especial;60;nunca;20;0;rival;1;0;no;no;;no;;;;;;no;;;;;
water_pulse;Hidropulso;water;especial;60;100;20;0;rival;1;0;no;no;;no;;;;;;no;pulso;estado:confusion@20;;;
doom_desire;Deseo Oculto;steel;especial;140;100;5;0;rival;1;0;no;no;;no;;;;;;no;;premonicion:3;;;
psycho_boost;Psicoataque;psychic;especial;140;90;5;0;rival;1;0;no;no;;no;;;;;;no;;stat_propio:sp_attack:-2;;;
roost;Respiro;flying;estado;0;nunca;5;0;propio;1;0;no;no;;no;;;;;;no;;curar:50|estado_propio:roost;reiniciar_etapas;;
gravity;Gravedad;psychic;estado;0;nunca;5;0;todos;1;0;no;no;;no;;;;;;no;;lado:gravity;;;
miracle_eye;Gran Ojo;psychic;estado;0;nunca;40;0;rival;1;0;no;no;;no;;;;;;no;;estado:miracle_eye;;;
wake_up_slap;Espabila;fighting;fisico;70;100;10;0;rival;1;0;no;si;;no;x2 [si rival.estado=sleep];;;;;no;;curar_estado_rival:sleep [si rival.estado=sleep];;;
hammer_arm;Machada;fighting;fisico;100;90;10;0;rival;1;0;no;si;;no;;;;;;no;puño;stat_propio:speed:-1;;;
gyro_ball;Giro Bola;steel;fisico;1;100;5;0;rival;1;0;no;si;;no;;min(150,1+25*velocidad_rival/max(1,velocidad));;;;no;bomba;;;;
healing_wish;Deseo Cura;psychic;estado;0;nunca;10;0;propio;1;0;no;no;;no;;;;;;no;;deseo_cura|debilitarse;;;
brine;Salmuera;water;especial;65;100;10;0;rival;1;0;no;no;;no;x2 [si rival.vida<=50];;;;;no;;;;;
natural_gift;Don Natural;normal;fisico;60;100;15;0;rival;1;0;no;no;;no;;;;;;no;;;;;
feint;Amago;normal;fisico;30;100;10;2;rival;1;0;no;no;;no;;;;;;no;rompe_proteccion|no_metronomo;;;;
pluck;Picoteo;flying;fisico;60;100;20;0;rival;1;0;no;si;;no;;;;;;no;;comer_baya;;;
tailwind;Viento Afín;flying;estado;0;nunca;15;0;propio;1;0;no;no;;no;;;;;;no;;lado:tailwind;foco:2;;
acupressure;Acupresión;normal;estado;0;nunca;30;0;propio;1;0;no;no;;no;;;;;;no;;stat_al_azar:2;;;
metal_burst;Represión Metal;steel;fisico;0;100;10;0;rival;1;0;no;no;devolver:150;no;;;;;;no;;;;;
u_turn;Ida y Vuelta;bug;fisico;70;100;20;0;rival;1;0;no;si;;no;;;;;;no;;cambio_propio;;;
close_combat;A Bocajarro;fighting;fisico;120;100;5;0;rival;1;0;no;si;;no;;;;;;no;;stat_propio:defense:-1|stat_propio:sp_defense:-1;;;
payback;Vendetta;dark;fisico;50;100;10;0;rival;1;0;no;si;;no;x2 [si rival.ya_actuo];;;;;no;;;;;
assurance;Buena Baza;dark;fisico;60;100;10;0;rival;1;0;no;si;;no;x2 [si rival.dañado];;;;;no;;;;;
embargo;Embargo;dark;estado;0;100;15;0;rival;1;0;no;no;;no;;;;;;no;;estado:embargo;;;
fling;Lanzamiento;dark;fisico;40;100;10;0;rival;1;0;no;no;;no;;;;;;no;;;;;
psycho_shift;Psicocambio;psychic;estado;0;100;10;0;rival;1;0;no;no;;no;;;;;;no;;pasar_estado;;;
trump_card;As Oculto;normal;especial;1;nunca;5;0;rival;1;0;no;si;;no;;40+10*paso(-pp,-3)+10*paso(-pp,-2)+20*paso(-pp,-1)+120*paso(-pp,0);;;;no;;;;;
heal_block;Anticura;psychic;estado;0;100;15;0;rivales;1;0;no;no;;no;;;;;;no;;estado:heal_block;;;
wring_out;Estrujón;normal;especial;1;100;5;0;rival;1;0;no;si;;no;;1+120*vida_rival/100;;;;no;;;;;
power_trick;Truco Fuerza;psychic;estado;0;nunca;10;0;propio;1;0;no;no;;no;;;;;;no;;cambiar_stats:attack,defense;;;
gastro_acid;Bilis;poison;estado;0;100;10;0;rival;1;0;no;no;;no;;;;;;no;;estado:gastro_acid;;;
lucky_chant;Conjuro;normal;estado;0;nunca;30;0;propio;1;0;no;no;;no;;;;;;no;;lado:lucky_chant;;;
me_first;Yo Primero;normal;estado;0;nunca;20;0;rival;1;0;no;no;;no;;;;;;no;no_metronomo;yo_primero;;;
copycat;Copión;normal;estado;0;nunca;20;0;propio;1;0;no;no;;no;;;;;;no;no_metronomo;espejo;;;
power_swap;Cambiafuerza;psychic;estado;0;nunca;10;0;rival;1;0;no;no;;no;;;;;;no;;intercambiar_etapas:attack,sp_attack;;;
guard_swap;Cambiadefensa;psychic;estado;0;nunca;10;0;rival;1;0;no;no;;no;;;;;;no;;intercambiar_etapas:defense,sp_defense;;;
punishment;Castigo;dark;fisico;1;100;5;0;rival;1;0;no;si;;no;;min(200,60+20*subidas_rival);;;;no;;;;;
last_resort;Última Baza;normal;fisico;140;100;5;0;rival;1;0;no;si;;no;;;propio.uso_todos;;;no;;;;;
worry_seed;Abatidoras;grass;estado;0;100;10;0;rival;1;0;no;no;;no;;;;;;no;;poner_habilidad:insomnia;;;
sucker_punch;Golpe Bajo;dark;fisico;80;100;5;1;rival;1;0;no;si;;no;;;rival.va_a_atacar & !rival.ya_actuo;;;no;;;;;
toxic_spikes;Púas Tóxicas;poison;estado;0;nunca;20;0;rivales;1;0;no;no;;no;;;;;;no;;trampa:toxic_spikes;stat_propio:defense:+1;;
heart_swap;Cambiaalmas;psychic;estado;0;nunca;10;0;rival;1;0;no;no;;no;;;;;;no;;intercambiar_etapas;;;
aqua_ring;Acua Aro;water;estado;0;nunca;20;0;propio;1;0;no;no;;no;;;;;;no;;estado_propio:aqua_ring;;;
magnet_rise;Levitón;electric;estado;0;nunca;10;0;propio;1;0;no;no;;no;;;;;;no;;estado_propio:magnet_rise;;;
flare_blitz;Envite Ígneo;fire;fisico;120;100;15;0;rival;1;0;no;si;;no;;;;;;no;retroceso;estado:burn@10|retroceso:33;;;
force_palm;Palmeo;fighting;fisico;60;100;10;0;rival;1;0;no;si;;no;;;;;;no;;estado:paralysis@30;;;
aura_sphere;Esfera Aural;fighting;especial;80;nunca;20;0;rival;1;0;no;no;;no;;;;;;no;pulso|bomba;;;;
rock_polish;Pulimento;rock;estado;0;nunca;20;0;propio;1;0;no;no;;no;;;;;;no;;stat_propio:speed:+2;reiniciar_etapas;;
poison_jab;Puya Nociva;poison;fisico;80;100;20;0;rival;1;0;no;si;;no;;;;;;no;;estado:poison@30;;;
dark_pulse;Pulso Umbrío;dark;especial;80;100;15;0;rival;1;0;no;no;;no;;;;;;no;pulso;amedrentar@20;;;
night_slash;Tajo Umbrío;dark;fisico;70;100;15;0;rival;1;1;no;si;;no;;;;;;no;corte;;;;
aqua_tail;Acua Cola;water;fisico;90;90;10;0;rival;1;0;no;si;;no;;;;;;no;;;;;
seed_bomb;Bomba Germen;grass;fisico;80;100;15;0;rival;1;0;no;no;;no;;;;;;no;bomba;;;;
air_slash;Tajo Aéreo;flying;especial;75;95;15;0;rival;1;0;no;no;;no;;;;;;no;corte;amedrentar@30;;;
x_scissor;Tijera X;bug;fisico;80;100;15;0;rival;1;0;no;si;;no;;;;;;no;corte;;;;
bug_buzz;Zumbido;bug;especial;90;100;10;0;rival;1;0;no;no;;no;;;;;;no;sonido;stat:sp_defense:-1@10;;;
dragon_pulse;Pulso Dragón;dragon;especial;85;100;10;0;rival;1;0;no;no;;no;;;;;;no;pulso;;;;
dragon_rush;Carga Dragón;dragon;fisico;100;75;10;0;rival;1;0;no;si;;no;;;;;;no;;amedrentar@20;;;
power_gem;Joya de Luz;rock;especial;80;100;20;0;rival;1;0;no;no;;no;;;;;;no;;;;;
drain_punch;Puño Drenaje;fighting;fisico;75;100;10;0;rival;1;0;no;si;;no;;;;;;no;puño;drenar:50;;;
vacuum_wave;Onda Vacío;fighting;especial;40;100;30;1;rival;1;0;no;no;;no;;;;;;no;;;;;
focus_blast;Onda Certera;fighting;especial;120;70;5;0;rival;1;0;no;no;;no;;;;;;no;bomba;stat:sp_defense:-1@10;;;
energy_ball;Energibola;grass;especial;90;100;10;0;rival;1;0;no;no;;no;;;;;;no;bomba;stat:sp_defense:-1@10;;;
brave_bird;Pájaro Osado;flying;fisico;120;100;15;0;rival;1;0;no;si;;no;;;;;;no;retroceso;retroceso:33;;;
earth_power;Tierra Viva;ground;especial;90;100;10;0;rival;1;0;no;no;;no;;;;;;no;;stat:sp_defense:-1@10;;;
switcheroo;Trapicheo;dark;estado;0;100;10;0;rival;1;0;no;no;;no;;;;;;no;no_metronomo;cambiar_objetos;;;
giga_impact;Gigaimpacto;normal;fisico;150;90;5;0;rival;1;0;recarga;si;;no;;;;;;no;;;;;
nasty_plot;Maquinación;dark;estado;0;nunca;20;0;propio;1;0;no;no;;no;;;;;;no;;stat_propio:sp_attack:+2;reiniciar_etapas;;
bullet_punch;Puño Bala;steel;fisico;40;100;30;1;rival;1;0;no;si;;no;;;;;;no;puño;;;;
avalanche;Alud;ice;fisico;60;100;10;-4;rival;1;0;no;si;;no;x2 [si propio.dañado];;;;;no;;;;;
ice_shard;Esquirla Helada;ice;fisico;40;100;30;1;rival;1;0;no;no;;no;;;;;;no;;;;;
shadow_claw;Garra Umbría;ghost;fisico;70;100;15;0;rival;1;1;no;si;;no;;;;;;no;;;;;
thunder_fang;Colmillo Rayo;electric;fisico;65;95;15;0;rival;1;0;no;si;;no;;;;;;no;mordisco;estado:paralysis@10|amedrentar@10;;;
ice_fang;Colmillo Hielo;ice;fisico;65;95;15;0;rival;1;0;no;si;;no;;;;;;no;mordisco;estado:freeze@10|amedrentar@10;;;
fire_fang;Colmillo Ígneo;fire;fisico;65;95;15;0;rival;1;0;no;si;;no;;;;;;no;mordisco;estado:burn@10|amedrentar@10;;;
shadow_sneak;Sombra Vil;ghost;fisico;40;100;30;1;rival;1;0;no;si;;no;;;;;;no;;;;;
mud_bomb;Bomba Fango;ground;especial;65;85;10;0;rival;1;0;no;no;;no;;;;;;no;bomba;stat:accuracy:-1@30;;;
psycho_cut;Psicocorte;psychic;fisico;70;100;20;0;rival;1;1;no;no;;no;;;;;;no;corte;;;;
zen_headbutt;Cabezazo Zen;psychic;fisico;80;90;15;0;rival;1;0;no;si;;no;;;;;;no;;amedrentar@20;;;
mirror_shot;Disparo Espejo;steel;especial;65;85;10;0;rival;1;0;no;no;;no;;;;;;no;;stat:accuracy:-1@30;;;
flash_cannon;Cañón Resplandor;steel;especial;80;100;10;0;rival;1;0;no;no;;no;;;;;;no;;stat:sp_defense:-1@10;;;
rock_climb;Treparrocas;normal;fisico;90;85;20;0;rival;1;0;no;si;;no;;;;;;no;;estado:confusion@20;;;
defog;Despejar;flying;estado;0;nunca;15;0;rival;1;0;no;no;;no;;;;;;no;;stat:evasion:-1|quitar_trampas_rival|quitar_lado:reflect:light_screen:safeguard:mist;stat_propio:accuracy:+1;;
trick_room;Espacio Raro;psychic;estado;0;nunca;5;-7;todos;1;0;no;no;;no;;;;;;no;;lado:trick_room;stat_propio:accuracy:+1;;
draco_meteor;Cometa Draco;dragon;especial;130;90;5;0;rival;1;0;no;no;;no;;;;;;no;;stat_propio:sp_attack:-2;;;
discharge;Chispazo;electric;especial;80;100;15;0;todos;1;0;no;no;;no;;;;;;no;;estado:paralysis@30;;;
lava_plume;Humareda;fire;especial;80;100;15;0;todos;1;0;no;no;;no;;;;;;no;;estado:burn@30;;;
leaf_storm;Lluevehojas;grass;especial;130;90;5;0;rival;1;0;no;no;;no;;;;;;no;;stat_propio:sp_attack:-2;;;
power_whip;Latigazo;grass;fisico;120;85;10;0;rival;1;0;no;si;;no;;;;;;no;;;;;
rock_wrecker;Romperrocas;rock;fisico;150;90;5;0;rival;1;0;recarga;no;;no;;;;;;no;bomba;;;;
cross_poison;Veneno X;poison;fisico;70;100;20;0;rival;1;1;no;si;;no;;;;;;no;corte;estado:poison@10;;;
gunk_shot;Lanzamugre;poison;fisico;120;80;5;0;rival;1;0;no;no;;no;;;;;;no;;estado:poison@30;;;
iron_head;Cabeza de Hierro;steel;fisico;80;100;15;0;rival;1;0;no;si;;no;;;;;;no;;amedrentar@30;;;
magnet_bomb;Bomba Imán;steel;fisico;60;nunca;20;0;rival;1;0;no;no;;no;;;;;;no;bomba;;;;
stone_edge;Roca Afilada;rock;fisico;100;80;5;0;rival;1;1;no;no;;no;;;;;;no;;;;;
captivate;Seducción;normal;estado;0;100;20;0;rivales;1;0;no;no;;no;;;;;;no;;stat:sp_attack:-2;;;
stealth_rock;Trampa Rocas;rock;estado;0;nunca;20;0;rivales;1;0;no;no;;no;;;;;;no;;trampa:stealth_rock;stat_propio:defense:+1;;
grass_knot;Hierba Lazo;grass;especial;1;100;20;0;rival;1;0;no;si;;no;;20+20*paso(peso_rival,10)+20*paso(peso_rival,25)+20*paso(peso_rival,50)+20*paso(peso_rival,100)+20*paso(peso_rival,200);;;;no;;;;;
chatter;Cháchara;flying;especial;65;100;20;0;rival;1;0;no;no;;no;;;;;;no;sonido|no_metronomo;estado:confusion;;;
judgment;Sentencia;normal;especial;100;100;10;0;rival;1;0;no;no;;no;;;;;;no;;;;;
bug_bite;Picadura;bug;fisico;60;100;20;0;rival;1;0;no;si;;no;;;;;;no;;comer_baya;;;
charge_beam;Rayo Carga;electric;especial;50;90;10;0;rival;1;0;no;no;;no;;;;;;no;;stat_propio:sp_attack:+1@70;;;
wood_hammer;Mazazo;grass;fisico;120;100;15;0;rival;1;0;no;si;;no;;;;;;no;retroceso;retroceso:33;;;
aqua_jet;Acua Jet;water;fisico;40;100;20;1;rival;1;0;no;si;;no;;;;;;no;;;;;
attack_order;Al Ataque;bug;fisico;90;100;15;0;rival;1;1;no;no;;no;;;;;;no;;;;;
defend_order;A Defender;bug;estado;0;nunca;10;0;propio;1;0;no;no;;no;;;;;;no;;stat_propio:defense:+1|stat_propio:sp_defense:+1;;;
heal_order;Auxilio;bug;estado;0;nunca;10;0;propio;1;0;no;no;;no;;;;;;no;;curar:50;;;
head_smash;Testarazo;rock;fisico;150;80;5;0;rival;1;0;no;si;;no;;;;;;no;retroceso;retroceso:50;;;
double_hit;Doble Golpe;normal;fisico;35;90;10;0;rival;2;0;no;si;;no;;;;;;no;;;;;
roar_of_time;Distorsión;dragon;especial;150;90;5;0;rival;1;0;recarga;no;;no;;;;;;no;;;;;
spacial_rend;Corte Vacío;dragon;especial;100;95;5;0;rival;1;1;no;no;;no;;;;;;no;;;;;
lunar_dance;Danza Lunar;psychic;estado;0;nunca;10;0;propio;1;0;no;no;;no;;;;;;no;danza;deseo_cura|debilitarse;;;
crush_grip;Agarrón;normal;fisico;1;100;5;0;rival;1;0;no;si;;no;;1+120*vida_rival/100;;;;no;;;;;
magma_storm;Lluvia Ígnea;fire;especial;100;75;5;0;rival;1;0;no;no;;no;;;;;;no;;estado:trapped;;;
dark_void;Brecha Negra;dark;estado;0;80;10;0;rivales;1;0;no;no;;no;;;;;;no;;estado:sleep;;;
seed_flare;Fulgor Semilla;grass;especial;120;85;5;0;rival;1;0;no;no;;no;;;;;;no;;stat:sp_defense:-2@40;;;
ominous_wind;Viento Aciago;ghost;especial;60;100;5;0;rival;1;0;no;no;;no;;;;;;no;;stat_propio:attack:+1@10|stat_propio:defense:+1@10|stat_propio:sp_attack:+1@10|stat_propio:sp_defense:+1@10|stat_propio:speed:+1@10;;;
shadow_force;Golpe Umbrío;ghost;fisico;120;100;5;0;rival;1;0;carga;si;;no;;;;;;no;semiinvulnerable|rompe_proteccion;;;;
hone_claws;Afilagarras;dark;estado;0;nunca;15;0;propio;1;0;no;no;;no;;;;;;no;;stat_propio:attack:+1|stat_propio:accuracy:+1;stat_propio:attack:+1;;
wide_guard;Vasta Guardia;rock;estado;0;nunca;10;3;propio;1;0;no;no;;no;;;;;;no;no_metronomo;;;;
guard_split;Isoguardia;psychic;estado;0;nunca;10;0;rival;1;0;no;no;;no;;;;;;no;;;;;
power_split;Isofuerza;psychic;estado;0;nunca;10;0;rival;1;0;no;no;;no;;;;;;no;;;;;
wonder_room;Zona Extraña;psychic;estado;0;nunca;10;0;todos;1;0;no;no;;no;;;;;;no;;lado:wonder_room;;;
psyshock;Psicocarga;psychic;especial;80;100;10;0;rival;1;0;no;no;;no;;;;;defense;no;;;;;
venoshock;Carga Tóxica;poison;especial;65;100;10;0;rival;1;0;no;no;;no;x2 [si rival.estado=poison] | x2 [si rival.estado=toxic];;;;;no;;;;;
autotomize;Aligerar;steel;estado;0;nunca;15;0;propio;1;0;no;no;;no;;;;;;no;;stat_propio:speed:+2;;;
rage_powder;Polvo Ira;bug;estado;0;nunca;20;2;propio;1;0;no;no;;no;;;;;;no;polvo|no_metronomo;;;;
telekinesis;Telequinesis;psychic;estado;0;nunca;15;0;rival;1;0;no;no;;no;;;;;;no;;;;;
magic_room;Zona Mágica;psychic;estado;0;nunca;10;0;todos;1;0;no;no;;no;;;;;;no;;lado:magic_room;;;
smack_down;Antiaéreo;rock;fisico;50;100;15;0;rival;1;0;no;no;;no;;;;;;no;;estado:smacked_down;;;
storm_throw;Llave Corsé;fighting;fisico;60;100;10;0;rival;1;6;no;si;;no;;;;;;no;;;;;
flame_burst;Pirotecnia;fire;especial;70;100;15;0;rival;1;0;no;no;;no;;;;;;no;;;;;
sludge_wave;Onda Tóxica;poison;especial;95;100;10;0;todos;1;0;no;no;;no;;;;;;no;;estado:poison@10;;;
quiver_dance;Danza Aleteo;bug;estado;0;nunca;20;0;propio;1;0;no;no;;no;;;;;;no;danza;stat_propio:sp_attack:+1|stat_propio:sp_defense:+1|stat_propio:speed:+1;reiniciar_etapas;;
heavy_slam;Cuerpo Pesado;steel;fisico;1;100;10;0;rival;1;0;no;si;;no;;40+20*paso(peso/max(0.1,peso_rival),2)+20*paso(peso/max(0.1,peso_rival),3)+20*paso(peso/max(0.1,peso_rival),4)+20*paso(peso/max(0.1,peso_rival),5);;;;no;;;;;
synchronoise;Sincrorruido;psychic;especial;120;100;10;0;todos;1;0;no;no;;no;;;;;;no;;;;;
electro_ball;Bola Voltio;electric;especial;1;100;10;0;rival;1;0;no;no;;no;;40+20*paso(velocidad/max(1,velocidad_rival),1)+20*paso(velocidad/max(1,velocidad_rival),2)+40*paso(velocidad/max(1,velocidad_rival),3)+30*paso(velocidad/max(1,velocidad_rival),4);;;;no;bomba;;;;
soak;Empapar;water;estado;0;100;20;0;rival;1;0;no;no;;no;;;;;;no;;cambiar_tipo_rival:water;stat_propio:sp_attack:+1;;
flame_charge;Nitrocarga;fire;fisico;50;100;20;0;rival;1;0;no;si;;no;;;;;;no;;stat_propio:speed:+1;;;
coil;Enrosque;poison;estado;0;nunca;20;0;propio;1;0;no;no;;no;;;;;;no;;stat_propio:attack:+1|stat_propio:defense:+1|stat_propio:accuracy:+1;reiniciar_etapas;;
low_sweep;Puntapié;fighting;fisico;65;100;20;0;rival;1;0;no;si;;no;;;;;;no;;stat:speed:-1;;;
acid_spray;Bomba Ácida;poison;especial;40;100;20;0;rival;1;0;no;no;;no;;;;;;no;bomba;stat:sp_defense:-2;;;
foul_play;Juego Sucio;dark;fisico;95;100;15;0;rival;1;0;no;si;;no;;;;attack;;si;;;;;
simple_beam;Onda Simple;normal;estado;0;100;15;0;rival;1;0;no;no;;no;;;;;;no;;poner_habilidad:simple;;;
entrainment;Danza Amiga;normal;estado;0;100;15;0;rival;1;0;no;no;;no;;;;;;no;;dar_habilidad;;;
after_you;Cede Paso;normal;estado;0;nunca;15;0;rival;1;0;no;no;;no;;;;;;no;no_metronomo;;;;
round;Canon;normal;especial;60;100;15;0;rival;1;0;no;no;;no;;;;;;no;sonido;;;;
echoed_voice;Eco Voz;normal;especial;40;100;15;0;rival;1;0;no;no;;no;;40*(1+min(seguidos,4));;;;no;sonido;;;;
chip_away;Guardia Baja;normal;fisico;70;100;20;0;rival;1;0;no;si;;no;;;;;;no;ignora_etapas;;;;
clear_smog;Niebla Clara;poison;especial;50;nunca;15;0;rival;1;0;no;no;;no;;;;;;no;;reiniciar_etapas_rival;;;
stored_power;Poder Reserva;psychic;especial;20;100;10;0;rival;1;0;no;no;;no;;20+20*subidas;;;;no;;;;;
quick_guard;Anticipo;fighting;estado;0;nunca;15;3;propio;1;0;no;no;;no;;;;;;no;no_metronomo;;;;
ally_switch;Cambio de Banda;psychic;estado;0;nunca;15;2;propio;1;0;no;no;;no;;;;;;no;no_metronomo;;;;
scald;Escaldar;water;especial;80;100;15;0;rival;1;0;no;no;;no;;;;;;no;;estado:burn@30;;;
shell_smash;Rompecoraza;normal;estado;0;nunca;15;0;propio;1;0;no;no;;no;;;;;;no;;stat_propio:defense:-1|stat_propio:sp_defense:-1|stat_propio:attack:+2|stat_propio:sp_attack:+2|stat_propio:speed:+2;reiniciar_etapas;;
heal_pulse;Pulso Cura;psychic;estado;0;nunca;10;0;rival;1;0;no;no;;no;;;;;;no;pulso;curar_rival:50;;;
hex;Infortunio;ghost;especial;65;100;10;0;rival;1;0;no;no;;no;x2 [si rival.estado];;;;;no;;;;;
sky_drop;Caída Libre;flying;fisico;60;100;10;0;rival;1;0;carga;si;;no;;;;;;no;semiinvulnerable;;;;
shift_gear;Cambio de Marcha;steel;estado;0;nunca;10;0;propio;1;0;no;no;;no;;;;;;no;;stat_propio:attack:+1|stat_propio:speed:+2;reiniciar_etapas;;
circle_throw;Llave Giro;fighting;fisico;60;90;10;-6;rival;1;0;no;si;;no;;;;;;no;;forzar_cambio;;;
incinerate;Calcinación;fire;especial;60;100;15;0;rivales;1;0;no;no;;no;;;;;;no;;;;;
quash;Último Lugar;dark;estado;0;100;15;0;rival;1;0;no;no;;no;;;;;;no;no_metronomo;;;;
acrobatics;Acróbata;flying;fisico;55;100;15;0;rival;1;0;no;si;;no;x2 [si !propio.objeto];;;;;no;;;;;
reflect_type;Clonatipo;normal;estado;0;nunca;15;0;rival;1;0;no;no;;no;;;;;;no;;copiar_tipos;;;
retaliate;Represalia;normal;fisico;70;100;5;0;rival;1;0;no;si;;no;;;;;;no;;;;;
final_gambit;Sacrificio;fighting;especial;0;100;5;0;rival;1;0;no;no;ps_propios;no;;;;;;no;;debilitarse;;;
bestow;Ofrenda;normal;estado;0;nunca;15;0;rival;1;0;no;no;;no;;;;;;no;no_metronomo;dar_objeto;;;
inferno;Infierno;fire;especial;100;50;5;0;rival;1;0;no;no;;no;;;;;;no;;estado:burn;;;
water_pledge;Voto Agua;water;especial;80;100;10;0;rival;1;0;no;no;;no;;;;;;no;;;;;
fire_pledge;Voto Fuego;fire;especial;80;100;10;0;rival;1;0;no;no;;no;;;;;;no;;;;;
grass_pledge;Voto Planta;grass;especial;80;100;10;0;rival;1;0;no;no;;no;;;;;;no;;;;;
volt_switch;Voltiocambio;electric;especial;70;100;20;0;rival;1;0;no;no;;no;;;;;;no;;cambio_propio;;;
struggle_bug;Estoicismo;bug;especial;50;100;20;0;rivales;1;0;no;no;;no;;;;;;no;;stat:sp_attack:-1;;;
bulldoze;Terratemblor;ground;fisico;60;100;20;0;todos;1;0;no;no;;no;;;;;;no;;stat:speed:-1;;;
frost_breath;Vaho Gélido;ice;especial;60;90;10;0;rival;1;6;no;no;;no;;;;;;no;;;;;
dragon_tail;Cola Dragón;dragon;fisico;60;90;10;-6;rival;1;0;no;si;;no;;;;;;no;;forzar_cambio;;;
work_up;Avivar;normal;estado;0;nunca;30;0;propio;1;0;no;no;;no;;;;;;no;;stat_propio:attack:+1|stat_propio:sp_attack:+1;stat_propio:attack:+1;;
electroweb;Electrotela;electric;especial;55;95;15;0;rivales;1;0;no;no;;no;;;;;;no;;stat:speed:-1;;;
wild_charge;Voltio Cruel;electric;fisico;90;100;15;0;rival;1;0;no;si;;no;;;;;;no;retroceso;retroceso:25;;;
drill_run;Taladradora;ground;fisico;80;95;10;0;rival;1;1;no;si;;no;;;;;;no;;;;;
dual_chop;Golpe Bis;dragon;fisico;40;90;15;0;rival;2;0;no;si;;no;;;;;;no;;;;;
heart_stamp;Arrumaco;psychic;fisico;60;100;25;0;rival;1;0;no;si;;no;;;;;;no;;amedrentar@30;;;
horn_leech;Asta Drenaje;grass;fisico;75;100;10;0;rival;1;0;no;si;;no;;;;;;no;;drenar:50;;;
sacred_sword;Espada Santa;fighting;fisico;90;100;15;0;rival;1;0;no;si;;no;;;;;;no;corte|ignora_etapas;;;;
razor_shell;Concha Filo;water;fisico;75;95;10;0;rival;1;0;no;si;;no;;;;;;no;corte;stat:defense:-1@50;;;
heat_crash;Golpe Calor;fire;fisico;1;100;10;0;rival;1;0;no;si;;no;;40+20*paso(peso/max(0.1,peso_rival),2)+20*paso(peso/max(0.1,peso_rival),3)+20*paso(peso/max(0.1,peso_rival),4)+20*paso(peso/max(0.1,peso_rival),5);;;;no;;;;;
leaf_tornado;Ciclón de Hojas;grass;especial;65;90;10;0;rival;1;0;no;no;;no;;;;;;no;;stat:accuracy:-1@50;;;
steamroller;Rodillo de Púas;bug;fisico;65;100;20;0;rival;1;0;no;si;;no;;;;;;no;;amedrentar@30;;;
cotton_guard;Rizo Algodón;grass;estado;0;nunca;10;0;propio;1;0;no;no;;no;;;;;;no;;stat_propio:defense:+3;reiniciar_etapas;;
night_daze;Pulso Noche;dark;especial;85;95;10;0;rival;1;0;no;no;;no;;;;;;no;;stat:accuracy:-1@40;;;
psystrike;Onda Mental;psychic;especial;100;100;10;0;rival;1;0;no;no;;no;;;;;defense;no;;;;;
tail_slap;Plumerazo;normal;fisico;25;85;10;0;rival;2-5;0;no;si;;no;;;;;;no;;;;;
hurricane;Vendaval;flying;especial;110;70;10;0;rival;1;0;no;no;;no;;;;;;no;;estado:confusion@30;;;
head_charge;Ariete;normal;fisico;120;100;15;0;rival;1;0;no;si;;no;;;;;;no;retroceso;retroceso:25;;;
gear_grind;Rueda Doble;steel;fisico;50;85;15;0;rival;2;0;no;si;;no;;;;;;no;;;;;
searing_shot;Bomba Ígnea;fire;especial;100;100;5;0;todos;1;0;no;no;;no;;;;;;no;bomba;estado:burn@30;;;
techno_blast;Tecno Shock;normal;especial;120;100;5;0;rival;1;0;no;no;;no;;;;;;no;;;;;
relic_song;Canto Arcaico;normal;especial;75;100;10;0;rivales;1;0;no;no;;no;;;;;;no;sonido;estado:sleep@10;;;
secret_sword;Sable Místico;fighting;especial;85;100;10;0;rival;1;0;no;no;;no;;;;;defense;no;corte;;;;
glaciate;Mundo Gélido;ice;especial;65;95;10;0;rivales;1;0;no;no;;no;;;;;;no;;stat:speed:-1;;;
bolt_strike;Ataque Fulgor;electric;fisico;130;85;5;0;rival;1;0;no;si;;no;;;;;;no;;estado:paralysis@20;;;
blue_flare;Llama Azul;fire;especial;130;85;5;0;rival;1;0;no;no;;no;;;;;;no;;estado:burn@20;;;
fiery_dance;Danza Llama;fire;especial;80;100;10;0;rival;1;0;no;no;;no;;;;;;no;danza;stat_propio:sp_attack:+1@50;;;
freeze_shock;Rayo Gélido;ice;fisico;140;90;5;0;rival;1;0;carga;no;;no;;;;;;no;;estado:paralysis@30;;;
ice_burn;Llama Gélida;ice;especial;140;90;5;0;rival;1;0;carga;no;;no;;;;;;no;;estado:burn@30;;;
snarl;Alarido;dark;especial;55;95;15;0;rivales;1;0;no;no;;no;;;;;;no;sonido;stat:sp_attack:-1;;;
icicle_crash;Chuzos;ice;fisico;85;90;10;0;rival;1;0;no;no;;no;;;;;;no;;amedrentar@30;;;
v_create;V de Fuego;fire;fisico;180;95;5;0;rival;1;0;no;si;;no;;;;;;no;;stat_propio:defense:-1|stat_propio:sp_defense:-1|stat_propio:speed:-1;;;
fusion_flare;Llama Fusión;fire;especial;100;100;5;0;rival;1;0;no;no;;no;;;;;;no;;;;;
fusion_bolt;Rayo Fusión;electric;fisico;100;100;5;0;rival;1;0;no;no;;no;;;;;;no;;;;;
flying_press;Plancha Voladora;fighting;fisico;80;95;10;0;rival;1;0;no;si;;no;;;;;;no;tipo_extra:flying;;;;
mat_block;Escudo Tatami;fighting;estado;0;nunca;10;0;propio;1;0;no;no;;no;;;propio.turnos_campo<1;;;no;no_metronomo;estado_propio:protect;;;
belch;Eructo;poison;especial;120;90;10;0;rival;1;0;no;no;;no;;;;;;no;no_metronomo;;;;
rototiller;Fertilizante;ground;estado;0;nunca;10;0;todos;1;0;no;no;;no;;;;;;no;;stat_propio:attack:+1 [si propio.tipo=grass]|stat_propio:sp_attack:+1 [si propio.tipo=grass];;;
sticky_web;Red Viscosa;bug;estado;0;nunca;20;0;rivales;1;0;no;no;;no;;;;;;no;;trampa:sticky_web;stat_propio:speed:+1;;
fell_stinger;Aguijón Letal;bug;fisico;30;100;25;0;rival;1;0;no;si;;no;;;;;;no;;stat_propio:attack:+2 [si rival.vida<=0];;;
phantom_force;Golpe Fantasma;ghost;fisico;90;100;10;0;rival;1;0;carga;si;;no;;;;;;no;semiinvulnerable|rompe_proteccion;;;;
trick_or_treat;Halloween;ghost;estado;0;100;20;0;rival;1;0;no;no;;no;;;;;;no;;añadir_tipo:ghost;;;
noble_roar;Rugido de Guerra;normal;estado;0;100;30;0;rival;1;0;no;no;;no;;;;;;no;sonido;stat:attack:-1|stat:sp_attack:-1;;;
ion_deluge;Cortina Plasma;electric;estado;0;nunca;25;1;todos;1;0;no;no;;no;;;;;;no;no_metronomo;;;;
parabolic_charge;Carga Parábola;electric;especial;50;100;20;0;todos;1;0;no;no;;no;;;;;;no;;drenar:50;;;
forests_curse;Condena Silvana;grass;estado;0;100;20;0;rival;1;0;no;no;;no;;;;;;no;;añadir_tipo:grass;;;
petal_blizzard;Tormenta Floral;grass;fisico;90;100;15;0;todos;1;0;no;no;;no;;;;;;no;;;;;
freeze_dry;Liofilización;ice;especial;70;100;20;0;rival;1;0;no;no;;no;;;;;;no;eficaz_contra:water;estado:freeze@10;;;
disarming_voice;Voz Cautivadora;fairy;especial;40;nunca;15;0;rivales;1;0;no;no;;no;;;;;;no;sonido;;;;
parting_shot;Última Palabra;dark;estado;0;100;20;0;rival;1;0;no;no;;no;;;;;;no;sonido;stat:attack:-1|stat:sp_attack:-1|cambio_propio;;;
topsy_turvy;Reversión;dark;estado;0;nunca;20;0;rival;1;0;no;no;;no;;;;;;no;;invertir_etapas;stat_propio:attack:+1;;
draining_kiss;Beso Drenaje;fairy;especial;50;100;10;0;rival;1;0;no;si;;no;;;;;;no;;drenar:75;;;
crafty_shield;Truco Defensa;fairy;estado;0;nunca;10;3;propio;1;0;no;no;;no;;;;;;no;no_metronomo;;;;
flower_shield;Defensa Floral;fairy;estado;0;nunca;10;0;todos;1;0;no;no;;no;;;;;;no;;stat_propio:defense:+1 [si propio.tipo=grass];;;
grassy_terrain;Campo de Hierba;grass;estado;0;nunca;10;0;todos;1;0;no;no;;no;;;;;;no;;lado:grassy_terrain;;;
misty_terrain;Campo de Niebla;fairy;estado;0;nunca;10;0;todos;1;0;no;no;;no;;;;;;no;;lado:misty_terrain;;;
electrify;Electrificación;electric;estado;0;nunca;20;0;rival;1;0;no;no;;no;;;;;;no;no_metronomo;;;;
play_rough;Carantoña;fairy;fisico;90;90;10;0;rival;1;0;no;si;;no;;;;;;no;;stat:attack:-1@10;;;
fairy_wind;Viento Feérico;fairy;especial;40;100;30;0;rival;1;0;no;no;;no;;;;;;no;;;;;
moonblast;Fuerza Lunar;fairy;especial;95;100;15;0;rival;1;0;no;no;;no;;;;;;no;;stat:sp_attack:-1@30;;;
boomburst;Estruendo;normal;especial;140;100;10;0;todos;1;0;no;no;;no;;;;;;no;sonido;;;;
fairy_lock;Cerrojo Feérico;fairy;estado;0;nunca;10;0;todos;1;0;no;no;;no;;;;;;no;;estado:fairy_lock|estado_propio:fairy_lock;;;
kings_shield;Escudo Real;steel;estado;0;nunca;10;4;propio;1;0;no;no;;no;;;;;;no;no_metronomo;estado_propio:kings_shield;reiniciar_etapas;;
play_nice;Camaradería;normal;estado;0;nunca;20;0;rival;1;0;no;no;;no;;;;;;no;;stat:attack:-1;;;
confide;Confidencia;normal;estado;0;nunca;20;0;rival;1;0;no;no;;no;;;;;;no;sonido;stat:sp_attack:-1;;;
diamond_storm;Tormenta de Diamantes;rock;fisico;100;95;5;0;rivales;1;0;no;no;;no;;;;;;no;;stat_propio:defense:+2@50;;;
steam_eruption;Chorro de Vapor;water;especial;110;95;5;0;rival;1;0;no;no;;no;;;;;;no;;estado:burn@30;;;
hyperspace_hole;Paso Dimensional;psychic;especial;80;nunca;5;0;rival;1;0;no;no;;no;;;;;;no;rompe_proteccion;;;;
water_shuriken;Shuriken de Agua;water;especial;15;100;20;1;rival;2-5;0;no;no;;no;;;;;;no;;;;;
mystical_fire;Llama Embrujada;fire;especial;65;100;10;0;rival;1;0;no;no;;no;;;;;;no;;stat:sp_attack:-1;;;
spiky_shield;Barrera Espinosa;grass;estado;0;nunca;10;4;propio;1;0;no;no;;no;;;;;;no;no_metronomo;estado_propio:spiky_shield;reiniciar_etapas;;
aromatic_mist;Niebla Aromática;fairy;estado;0;nunca;20;0;aliado;1;0;no;no;;no;;;;;;no;;;;;
eerie_impulse;Onda Anómala;electric;estado;0;100;15;0;rival;1;0;no;no;;no;;;;;;no;;stat:sp_attack:-2;;;
venom_drench;Trampa Venenosa;poison;estado;0;100;20;0;rivales;1;0;no;no;;no;;;;;;no;;stat:attack:-1 [si rival.estado=poison]|stat:sp_attack:-1 [si rival.estado=poison]|stat:speed:-1 [si rival.estado=poison]|stat:attack:-1 [si rival.estado=toxic]|stat:sp_attack:-1 [si rival.estado=toxic]|stat:speed:-1 [si rival.estado=toxic];;;
powder;Polvo Explosivo;bug;estado;0;100;20;1;rival;1;0;no;no;;no;;;;;;no;polvo|no_metronomo;;;;
geomancy;Geocontrol;fairy;estado;0;nunca;10;0;propio;1;0;carga;no;;no;;;;;;no;;stat_propio:sp_attack:+2|stat_propio:sp_defense:+2|stat_propio:speed:+2;stat_propio:attack:+1 | stat_propio:defense:+1 | stat_propio:sp_attack:+1 | stat_propio:sp_defense:+1 | stat_propio:speed:+1;;
magnetic_flux;Aura Magnética;electric;estado;0;nunca;20;0;todos;1;0;no;no;;no;;;;;;no;;;;;
happy_hour;Paga Extra;normal;estado;0;nunca;30;0;propio;1;0;no;no;;no;;;;;;no;no_metronomo;;;;
electric_terrain;Campo Eléctrico;electric;estado;0;nunca;10;0;todos;1;0;no;no;;no;;;;;;no;;lado:electric_terrain;;;
dazzling_gleam;Brillo Mágico;fairy;especial;80;100;10;0;rivales;1;0;no;no;;no;;;;;;no;;;;;
celebrate;Celebración;normal;estado;0;nunca;40;0;propio;1;0;no;no;;no;;;;;;no;no_metronomo;;stat_propio:attack:+1 | stat_propio:defense:+1 | stat_propio:sp_attack:+1 | stat_propio:sp_defense:+1 | stat_propio:speed:+1;;
hold_hands;Manos Juntas;normal;estado;0;nunca;40;0;aliado;1;0;no;no;;no;;;;;;no;no_metronomo;;;;
baby_doll_eyes;Ojitos Tiernos;fairy;estado;0;100;30;1;rival;1;0;no;no;;no;;;;;;no;;stat:attack:-1;;;
nuzzle;Moflete Estático;electric;fisico;20;100;20;0;rival;1;0;no;si;;no;;;;;;no;;estado:paralysis;;;
hold_back;Clemencia;normal;fisico;40;100;40;0;rival;1;0;no;si;;no;;;;;;no;;;;;
infestation;Acoso;bug;especial;20;100;20;0;rival;1;0;no;si;;no;;;;;;no;;estado:trapped;;;
power_up_punch;Puño Incremento;fighting;fisico;40;100;20;0;rival;1;0;no;si;;no;;;;;;no;puño;stat_propio:attack:+1;;;
oblivion_wing;Ala Mortífera;flying;especial;80;100;10;0;rival;1;0;no;no;;no;;;;;;no;;drenar:75;;;
thousand_arrows;Mil Flechas;ground;fisico;90;100;10;0;rivales;1;0;no;no;;no;;;;;;no;ignora_inmunidad;estado:smacked_down;;;
thousand_waves;Mil Temblores;ground;fisico;90;100;10;0;rivales;1;0;no;no;;no;;;;;;no;;estado:cant_escape;;;
lands_wrath;Fuerza Telúrica;ground;fisico;90;100;10;0;rivales;1;0;no;no;;no;;;;;;no;;;;;
light_of_ruin;Luz Aniquiladora;fairy;especial;140;90;5;0;rival;1;0;no;no;;no;;;;;;no;retroceso;retroceso:50;;;
origin_pulse;Pulso Primigenio;water;especial;110;85;10;0;rivales;1;0;no;no;;no;;;;;;no;pulso;;;;
precipice_blades;Filo del Abismo;ground;fisico;120;85;10;0;rivales;1;0;no;no;;no;;;;;;no;;;;;
dragon_ascent;Ascenso Draco;flying;fisico;120;100;5;0;rival;1;0;no;si;;no;;;;;;no;;stat_propio:defense:-1|stat_propio:sp_defense:-1;;;
hyperspace_fury;Cerco Dimensión;dark;fisico;100;nunca;5;0;rival;1;0;no;no;;no;;;;;;no;rompe_proteccion;stat_propio:defense:-1;;;
shore_up;Recogearena;ground;estado;0;nunca;5;0;propio;1;0;no;no;;no;;;;;;no;;curar:50 [si !clima=sandstorm] | curar:66,67 [si clima=sandstorm];;;
first_impression;Escaramuza;bug;fisico;90;100;10;2;rival;1;0;no;si;;no;;;propio.turnos_campo<1;;;no;;;;;
baneful_bunker;Búnker;poison;estado;0;nunca;10;4;propio;1;0;no;no;;no;;;;;;no;no_metronomo;estado_propio:baneful_bunker;reiniciar_etapas;;
spirit_shackle;Puntada Sombría;ghost;fisico;80;100;10;0;rival;1;0;no;no;;no;;;;;;no;;estado:cant_escape;;;
darkest_lariat;Lariat Oscuro;dark;fisico;85;100;10;0;rival;1;0;no;si;;no;;;;;;no;ignora_etapas;;;;
sparkling_aria;Aria Burbuja;water;especial;90;100;10;0;rivales;1;0;no;no;;no;;;;;;no;sonido;curar_estado_rival:burn;;;
ice_hammer;Martillo Hielo;ice;fisico;100;90;10;0;rival;1;0;no;si;;no;;;;;;no;puño;stat_propio:speed:-1;;;
floral_healing;Cura Floral;fairy;estado;0;nunca;10;0;rival;1;0;no;no;;no;;;;;;no;;curar_rival:50 [si !campo=grassy_terrain] | curar_rival:66,67 [si campo=grassy_terrain];;;
high_horsepower;Fuerza Equina;ground;fisico;95;95;10;0;rival;1;0;no;si;;no;;;;;;no;;;;;
strength_sap;Absorbefuerza;grass;estado;0;100;10;0;rival;1;0;no;no;;no;;;;;;no;;stat:attack:-1 | curar:33;;;
solar_blade;Cuchilla Solar;grass;fisico;125;100;10;0;rival;1;0;carga;si;;no;x0,5 [si clima=rain] | x0,5 [si clima=hail] | x0,5 [si clima=sandstorm];;;;;no;;;;;
leafage;Follaje;grass;fisico;40;100;40;0;rival;1;0;no;no;;no;;;;;;no;;;;;
spotlight;Foco;normal;estado;0;nunca;15;3;rival;1;0;no;no;;no;;;;;;no;;;;;
toxic_thread;Hilo Venenoso;poison;estado;0;100;20;0;rival;1;0;no;no;;no;;;;;;no;;estado:poison | stat:speed:-1;;;
laser_focus;Aguzar;normal;estado;0;nunca;30;0;propio;1;0;no;no;;no;;;;;;no;;foco:3;;;
gear_up;Piñón Auxiliar;steel;estado;0;nunca;20;0;propio;1;0;no;no;;no;;;;;;no;;stat_propio:attack:+1 | stat_propio:sp_attack:+1;;;
throat_chop;Golpe Mordaza;dark;fisico;80;100;15;0;rival;1;0;no;si;;no;;;;;;no;;;;;
pollen_puff;Bola de Polen;bug;especial;90;100;15;0;rival;1;0;no;no;;no;;;;;;no;;;;;
anchor_shot;Anclaje;steel;fisico;80;100;20;0;rival;1;0;no;si;;no;;;;;;no;;estado:cant_escape;;;
psychic_terrain;Campo Psíquico;psychic;estado;0;nunca;10;0;todos;1;0;no;no;;no;;;;;;no;;lado:psychic_terrain;;;
lunge;Plancha;bug;fisico;80;100;15;0;rival;1;0;no;si;;no;;;;;;no;;stat:attack:-1;;;
fire_lash;Látigo Ígneo;fire;fisico;80;100;15;0;rival;1;0;no;si;;no;;;;;;no;;stat:defense:-1;;;
power_trip;Chulería;dark;fisico;20;100;10;0;rival;1;0;no;si;;no;;20+20*subidas;;;;no;;;;;
burn_up;Llama Final;fire;especial;130;100;5;0;rival;1;0;no;no;;no;;;propio.tipo=fire;;;no;;;;;
speed_swap;Cambiavelocidad;psychic;estado;0;nunca;10;0;rival;1;0;no;no;;no;;;;;;no;;;;;
smart_strike;Cuerno Certero;steel;fisico;70;nunca;10;0;rival;1;0;no;si;;no;;;;;;no;;;;;
purify;Purificación;poison;estado;0;nunca;20;0;rival;1;0;no;no;;no;;;rival.estado;;;no;;curar:50 | curar_estado_rival;;;
revelation_dance;Danza Despertar;normal;especial;90;100;15;0;rival;1;0;no;no;;no;;;;;;no;danza;;;;
core_enforcer;Núcleo Castigo;dragon;especial;100;100;10;0;rivales;1;0;no;no;;no;;;;;;no;;;;;
trop_kick;Patada Tropical;grass;fisico;70;100;15;0;rival;1;0;no;si;;no;;;;;;no;;stat:attack:-1;;;
instruct;Mandato;psychic;estado;0;nunca;15;0;rival;1;0;no;no;;no;;;;;;no;;;;;
beak_blast;Pico Cañón;flying;fisico;100;100;15;-3;rival;1;0;no;no;;no;;;;;;no;bomba;;;;
clanging_scales;Fragor Escamas;dragon;especial;110;100;5;0;rivales;1;0;no;no;;no;;;;;;no;sonido;stat_propio:defense:-1;;;
dragon_hammer;Martillo Dragón;dragon;fisico;90;100;15;0;rival;1;0;no;si;;no;;;;;;no;;;;;
brutal_swing;Giro Vil;dark;fisico;60;100;20;0;rivales;1;0;no;si;;no;;;;;;no;;;;;
aurora_veil;Velo Aurora;ice;estado;0;nunca;20;0;propio;1;0;no;no;;no;;;clima=hail;;;no;;lado:aurora_veil;;;
shell_trap;Coraza Trampa;fire;especial;150;100;5;-3;rivales;1;0;no;no;;no;;;;;;no;;;;;
fleur_cannon;Cañón Floral;fairy;especial;130;90;5;0;rival;1;0;no;no;;no;;;;;;no;;stat_propio:sp_attack:-2;;;
psychic_fangs;Psicocolmillo;psychic;fisico;85;100;10;0;rival;1;0;no;si;;no;;;;;;no;mordisco;quitar_lado:reflect:light_screen:aurora_veil;;;
stomping_tantrum;Pataleta;ground;fisico;75;100;10;0;rival;1;0;no;si;;no;;;;;;no;;;;;
shadow_bone;Hueso Sombrío;ghost;fisico;85;100;10;0;rival;1;0;no;no;;no;;;;;;no;;stat:defense:-1@20;;;
accelerock;Roca Veloz;rock;fisico;40;100;20;1;rival;1;0;no;si;;no;;;;;;no;;;;;
liquidation;Hidroariete;water;fisico;85;100;10;0;rival;1;0;no;si;;no;;;;;;no;;stat:defense:-1@20;;;
prismatic_laser;Láser Prisma;psychic;especial;160;100;10;0;rival;1;0;recarga;no;;no;;;;;;no;;;;;
spectral_thief;Robasombra;ghost;fisico;90;100;10;0;rival;1;0;no;si;;no;;;;;;no;ignora_etapas;;;;
sunsteel_strike;Meteoimpacto;steel;fisico;100;100;5;0;rival;1;0;no;si;;no;;;;;;no;;;;;
moongeist_beam;Rayo Umbrío;ghost;especial;100;100;5;0;rival;1;0;no;no;;no;;;;;;no;;;;;
tearful_look;Ojos Llorosos;normal;estado;0;nunca;20;0;rival;1;0;no;no;;no;;;;;;no;;stat_propio:attack:-1 | stat_propio:sp_attack:-1;;;
zing_zap;Electropunzada;electric;fisico;80;100;10;0;rival;1;0;no;si;;no;;;;;;no;;amedrentar@30;;;
natures_madness;Furia Natural;fairy;especial;0;90;10;0;rival;1;0;no;no;mitad;no;;;;;;no;;;;;
multi_attack;Multiataque;normal;fisico;120;100;10;0;rival;1;0;no;si;;no;;;;;;no;;;;;
mind_blown;Cabeza Sorpresa;fire;especial;150;100;5;0;rivales;1;0;no;no;;no;;;;;;no;;retroceso_ps:50;;;
plasma_fists;Puños Plasma;electric;fisico;100;100;15;0;rival;1;0;no;si;;no;;;;;;no;puño;;;;
photon_geyser;Géiser Fotónico;psychic;especial;100;100;5;0;rival;1;0;no;no;;no;;;;;;no;;;;;
breakneck_blitz;Carrera Arrolladora;normal;fisico;1;nunca;1;0;rival;1;0;no;no;;no;;;;;;no;z|no_metronomo;;;;
all_out_pummeling;Ráfaga Demoledora;fighting;fisico;1;nunca;1;0;rival;1;0;no;no;;no;;;;;;no;z|no_metronomo;;;;
supersonic_skystrike;Picado Supersónico;flying;fisico;1;nunca;1;0;rival;1;0;no;no;;no;;;;;;no;z|no_metronomo;;;;
acid_downpour;Diluvio Corrosivo;poison;fisico;1;nunca;1;0;rival;1;0;no;no;;no;;;;;;no;z|no_metronomo;;;;
tectonic_rage;Barrena Telúrica;ground;fisico;1;nunca;1;0;rival;1;0;no;no;;no;;;;;;no;z|no_metronomo;;;;
continental_crush;Aplastamiento Gigalítico;rock;fisico;1;nunca;1;0;rival;1;0;no;no;;no;;;;;;no;z|no_metronomo;;;;
savage_spin_out;Guadaña Sedosa;bug;fisico;1;nunca;1;0;rival;1;0;no;no;;no;;;;;;no;z|no_metronomo;;;;
never_ending_nightmare;Presa Espectral;ghost;fisico;1;nunca;1;0;rival;1;0;no;no;;no;;;;;;no;z|no_metronomo;;;;
corkscrew_crash;Hélice Trepanadora;steel;fisico;1;nunca;1;0;rival;1;0;no;no;;no;;;;;;no;z|no_metronomo;;;;
inferno_overdrive;Hecatombe Pírica;fire;fisico;1;nunca;1;0;rival;1;0;no;no;;no;;;;;;no;z|no_metronomo;;;;
hydro_vortex;Hidrovórtice Abisal;water;fisico;1;nunca;1;0;rival;1;0;no;no;;no;;;;;;no;z|no_metronomo;;;;
bloom_doom;Megatón Floral;grass;fisico;1;nunca;1;0;rival;1;0;no;no;;no;;;;;;no;z|no_metronomo;;;;
gigavolt_havoc;Gigavoltio Destructor;electric;fisico;1;nunca;1;0;rival;1;0;no;no;;no;;;;;;no;z|no_metronomo;;;;
shattered_psyche;Disruptor Psíquico;psychic;fisico;1;nunca;1;0;rival;1;0;no;no;;no;;;;;;no;z|no_metronomo;;;;
subzero_slammer;Crioaliento Despiadado;ice;fisico;1;nunca;1;0;rival;1;0;no;no;;no;;;;;;no;z|no_metronomo;;;;
devastating_drake;Dracoaliento Devastador;dragon;fisico;1;nunca;1;0;rival;1;0;no;no;;no;;;;;;no;z|no_metronomo;;;;
black_hole_eclipse;Agujero Negro Aniquilador;dark;fisico;1;nunca;1;0;rival;1;0;no;no;;no;;;;;;no;z|no_metronomo;;;;
twinkle_tackle;Arrumaco Sideral;fairy;fisico;1;nunca;1;0;rival;1;0;no;no;;no;;;;;;no;z|no_metronomo;;;;
catastropika;Pikavoltio Letal;electric;fisico;210;nunca;1;0;rival;1;0;no;si;;no;;;;;;no;z|no_metronomo;;;;
sinister_arrow_raid;Aluvión de Flechas Sombrías;ghost;fisico;180;nunca;1;0;rival;1;0;no;no;;no;;;;;;no;z|no_metronomo;;;;
malicious_moonsault;Hiperplancha Oscura;dark;fisico;180;nunca;1;0;rival;1;0;no;si;;no;;;;;;no;z|no_metronomo;;;;
oceanic_operetta;Sinfonía de la Diva Marina;water;especial;195;nunca;1;0;rival;1;0;no;no;;no;;;;;;no;z|no_metronomo;;;;
guardian_of_alola;Cólera del Guardián;fairy;especial;0;nunca;1;0;rival;1;0;no;no;mitad;no;;;;;;no;z|no_metronomo;;;;
soul_stealing_7_star_strike;Constelación Robaalmas;ghost;fisico;195;nunca;1;0;rival;1;0;no;si;;no;;;;;;no;z|no_metronomo;;;;
stoked_sparksurfer;Surfeo Galvánico;electric;especial;175;nunca;1;0;rival;1;0;no;no;;no;;;;;;no;z|no_metronomo;estado:paralysis;;;
pulverizing_pancake;Arrojo Intempestivo;normal;fisico;210;nunca;1;0;rival;1;0;no;si;;no;;;;;;no;z|no_metronomo;;;;
extreme_evoboost;Novena Potencia;normal;estado;0;nunca;1;0;propio;1;0;no;no;;no;;;;;;no;z|no_metronomo;stat_propio:attack:+2 | stat_propio:defense:+2 | stat_propio:sp_attack:+2 | stat_propio:sp_defense:+2 | stat_propio:speed:+2;;;
genesis_supernova;Supernova Original;psychic;especial;185;nunca;1;0;rival;1;0;no;no;;no;;;;;;no;z|no_metronomo;lado:psychic_terrain;;;
10_000_000_volt_thunderbolt;Gigarrayo Fulminante;electric;especial;195;nunca;1;0;rival;1;2;no;no;;no;;;;;;no;z|no_metronomo;;;;
light_that_burns_the_sky;Fotodestrucción Apocalíptica;psychic;especial;200;nunca;1;0;rival;1;0;no;no;;no;;;;;;no;z|no_metronomo;;;;
searing_sunraze_smash;Embestida Solar;steel;fisico;200;nunca;1;0;rival;1;0;no;si;;no;;;;;;no;z|no_metronomo;;;;
menacing_moonraze_maelstrom;Deflagración Lunar;ghost;especial;200;nunca;1;0;rival;1;0;no;no;;no;;;;;;no;z|no_metronomo;;;;
lets_snuggle_forever;Somanta Amistosa;fairy;fisico;190;nunca;1;0;rival;1;0;no;si;;no;;;;;;no;z|no_metronomo;;;;
splintered_stormshards;Tempestad Rocosa;rock;fisico;190;nunca;1;0;rival;1;0;no;no;;no;;;;;;no;z|no_metronomo;;;;
clangorous_soulblaze;Estruendo Implacable;dragon;especial;185;nunca;1;0;rivales;1;0;no;no;;no;;;;;;no;z|no_metronomo|sonido;stat_propio:attack:+1 | stat_propio:defense:+1 | stat_propio:sp_attack:+1 | stat_propio:sp_defense:+1 | stat_propio:speed:+1;;;
