id;nombre;clase;ia;nivel_ia;usa_objetos;mochila;curar_bajo;puede_cambiar;movimientos_auto;dinero_base;equipo;frase_inicio;frase_derrota;frase_victoria
alto_mando_agatha;Agatha;Alto Mando;experto;;si;full_restore:2;25;si;fuerte;100;gengar@56[confuse_ray/night_shade/hypnosis/dream_eater]|golbat@56[bite/confuse_ray/wing_attack/haze]|haunter@55[confuse_ray/night_shade/hypnosis/dream_eater]|arbok@58[bite/glare/acid/wrap]|gengar@60[confuse_ray/night_shade/hypnosis/dream_eater]{sitrus_berry};Los fantasmas no perdonan, jovencito.;Bah... ganas tú.;Jijiji...
alto_mando_bruno;Bruno;Alto Mando;experto;;si;full_restore:2;25;si;fuerte;100;onix@53[rock_slide/screech/slam/earthquake]|hitmonchan@55[ice_punch/thunder_punch/fire_punch/mega_punch]|hitmonlee@55[high_jump_kick/mega_kick/rolling_kick/meditate]|onix@56[rock_slide/screech/slam/earthquake]|machamp@58[cross_chop/leer/focus_energy/submission]{sitrus_berry};¡Pongamos a prueba nuestros músculos!;¡Uf! Has ganado.;¡La fuerza lo es todo!
alto_mando_bruno_johto;Bruno;Alto Mando;experto;;si;full_restore:2;25;si;fuerte;100;hitmontop@42[pursuit/quick_attack/dig/detect]|hitmonlee@42[swagger/double_kick/high_jump_kick/foresight]|hitmonchan@42[thunder_punch/ice_punch/fire_punch/mach_punch]|onix@43[bind/earthquake/sandstorm/rock_slide]|machamp@46[rock_slide/foresight/vital_throw/cross_chop]{sitrus_berry};¡Soy Bruno del Alto Mando!;¡Mi fuerza no ha bastado!;¡Hooah!
alto_mando_karen;Karen;Alto Mando;experto;;si;full_restore:2;25;si;fuerte;100;umbreon@42[sand_attack/confuse_ray/feint_attack/mean_look]|vileplume@42[stun_spore/acid/moonlight/petal_dance]|gengar@45[lick/spite/curse/destiny_bond]|murkrow@44[quick_attack/whirlwind/pursuit/feint_attack]|houndoom@47[roar/pursuit/flamethrower/crunch]{sitrus_berry};Los fuertes usan a sus favoritos.;Bien hecho. Me gusta tu estilo.;Así se gana.
alto_mando_koga;Koga;Alto Mando;experto;;si;full_restore:2;25;si;fuerte;100;ariados@40[double_team/spider_web/baton_pass/giga_drain]|venomoth@41[supersonic/gust/psychic/toxic]|forretress@43[protect/swift/explosion/spikes]|muk@42[minimize/acid_armor/sludge_bomb/toxic]|crobat@44[double_team/quick_attack/wing_attack/toxic]{sitrus_berry};¡Fwahahaha! ¡Te enseñaré el arte ninja!;Has superado mis técnicas.;¡El ninja siempre gana!
alto_mando_lance;Lance;Alto Mando;experto;;si;full_restore:2;25;si;fuerte;100;gyarados@56[hydro_pump/dragon_rage/hyper_beam/bite]|dragonair@54[agility/slam/dragon_rage/hyper_beam]|dragonair@54[thunder_wave/slam/dragon_rage/hyper_beam]|aerodactyl@58[supersonic/bite/take_down/hyper_beam]|dragonite@60[barrier/slam/agility/hyper_beam]{sitrus_berry};¡Los dragones son invencibles!;Increíble... eres el mejor.;Los dragones jamás caen.
alto_mando_lorelei;Lorelei;Alto Mando;experto;;si;full_restore:2;25;si;fuerte;100;dewgong@54[aurora_beam/rest/take_down/ice_beam]|cloyster@53[clamp/supersonic/aurora_beam/spike_cannon]|slowbro@54[amnesia/surf/psychic/withdraw]|jynx@56[double_slap/lovely_kiss/body_slam/ice_punch]|lapras@56[body_slam/confuse_ray/hydro_pump/blizzard]{sitrus_berry};Nadie puede superar mis monstruos de hielo.;Qué frío... has ganado.;Congelado, como esperaba.
alto_mando_mento;Mento;Alto Mando;experto;;si;full_restore:2;25;si;fuerte;100;xatu@40[quick_attack/future_sight/confuse_ray/psychic]|jynx@41[double_slap/lovely_kiss/ice_punch/psychic]|exeggutor@41[reflect/leech_seed/egg_bomb/psychic]|slowbro@41[curse/amnesia/body_slam/psychic]|xatu@42[quick_attack/future_sight/confuse_ray/psychic]{sitrus_berry};Mi mente es mi arma.;No puede ser... has ganado.;Mi poder psíquico es superior.
campeon_azul;Azul;Campeón;experto;;si;full_restore:3|full_heal:1;25;si;fuerte;150;pidgeot@61[wing_attack/mirror_move/sky_attack/whirlwind]|alakazam@59[psychic/recover/psybeam/reflect]|rhydon@61[earthquake/rock_slide/fury_attack/horn_drill]|exeggutor@61[hypnosis/stomp/egg_bomb/leech_seed]|gyarados@63[hydro_pump/dragon_rage/bite/hyper_beam]|charizard@65[fire_blast/slash/fire_spin/wing_attack]{sitrus_berry};¡Por fin! ¡Soy el campeón y no pienso perder contra ti!;¡¿Cómo?! ¡Mi reinado ha terminado!;¡Ja! ¡Soy el mejor del mundo!
campeon_lance;Lance;Campeón;experto;;si;full_restore:3|full_heal:1;25;si;fuerte;150;gyarados@44[flail/rain_dance/surf/hyper_beam]|dragonite@47[thunder_wave/twister/thunder/hyper_beam]|dragonite@47[thunder_wave/twister/blizzard/hyper_beam]|aerodactyl@46[wing_attack/ancient_power/rock_slide/hyper_beam]|charizard@46[flamethrower/wing_attack/slash/hyper_beam]|dragonite@50[fire_blast/safeguard/outrage/hyper_beam]{sitrus_berry};Te estaba esperando. ¡Soy Lance, el Campeón!;Ya no soy el Campeón... enhorabuena.;Aún no estás a la altura.
campista_pedro;Pedro;Campista;novato;;no;;25;no;clasico;20;sentret@9|hoppip@10;¡La naturaleza es mi entrenamiento!;¡Me voy a acampar!;¡Viva el campo!
cazabichos_dani;Dani;Cazabichos;novato;;no;;25;no;clasico;12;weedle@7|kakuna@7|caterpie@8;¡Los bichos son lo mejor!;¡Mis bichos...!;¡Bichos al poder!
cazabichos_rick;Rick;Cazabichos;novato;;si;potion:1;25;si;ia;12;caterpie@6|weedle@6|metapod@7;¡Mira lo que he atrapado en el bosque!;¡Mis bichos...!;¡Los bichos mandan!
chica_lola;Lola;Chica;novato;;no;;25;no;clasico;15;pidgey@9|nidoran_f@9;¡Me has mirado! ¡Eso es un reto!;¡Ay, qué rabia!;¡Toma ya!
cientifico_luis;Luis;Científico;listo;;si;super_potion:1;25;no;equilibrado;48;magnemite@30|voltorb@30|electrode@32;Mis cálculos son perfectos.;Error de cálculo...;Lo que decían mis datos.
domador_toni;Toni;Domador;listo;;si;super_potion:1;25;no;equilibrado;40;arbok@40|tauros@42;¡Mis fieras están hambrientas!;¡Ay! ¡Me han mordido!;¡Buen chico!
dominguera_lisa;Lisa;Dominguera;novato;;no;;25;no;clasico;20;marill@12|snubbull@12;¡Qué día más bonito para combatir!;¡Ohh, qué pena!;¡Qué bien lo he pasado!
entrenador_rojo;Rojo;Entrenador Pokémon;experto;;si;full_restore:3|max_revive:1;25;si;fuerte;200;pikachu@81[charm/quick_attack/thunderbolt/thunder]{leftovers}|espeon@73[mud_slap/reflect/swift/psychic]|snorlax@75[amnesia/snore/rest/body_slam]{leftovers}|venusaur@77[sunny_day/giga_drain/synthesis/solar_beam]|charizard@77[flamethrower/wing_attack/slash/fire_spin]|blastoise@77[rain_dance/surf/blizzard/whirlpool];...;...!;...
esquiadora_nuria;Nuria;Esquiadora;listo;;si;super_potion:1;25;no;equilibrado;32;swinub@26|jynx@28|delibird@28;¡Me encanta la nieve!;¡Me he congelado!;¡Deslízate conmigo!
guay_abel;Abel;Entrenador guay;experto;;si;hyper_potion:1;25;si;fuerte;35;heracross@38|skarmory@38|ampharos@40;Los mejores entrenadores pasan por aquí.;¡Qué nivel!;Aún te queda camino.
guay_alma;Alma;Entrenadora guay;experto;;si;hyper_potion:1;25;si;fuerte;35;girafarig@40|quagsire@40|kingdra@42;¿Crees que puedes con la Calle Victoria?;Impresionante.;Vuelve cuando seas más fuerte.
guay_nacho;Nacho;Entrenador guay;experto;;si;hyper_potion:1;25;si;fuerte;35;nidoking@43|kingler@43|electabuzz@45;La Calle Victoria es solo para los mejores.;¡Ups! Me has ganado.;Vuelve cuando seas más fuerte.
guay_sonia;Sonia;Entrenadora guay;experto;;si;hyper_potion:1;25;si;fuerte;35;persian@42|ninetales@42|rapidash@44;Solo entreno para la Liga.;Tienes lo que hay que tener.;Aún no estás listo para la Liga.
joven_ben;Ben;Joven;novato;;no;;25;no;clasico;16;rattata@9|ekans@9;¡Oye! ¡Tus monstruos parecen débiles!;¡Vaya! ¡Eres fuerte!;¡Te lo dije!
joven_joaquin;Joaquín;Joven;novato;;si;;25;si;ia;16;rattata@4|pidgey@5;¡Eh, tú! ¡Mis monstruos son los más rápidos!;¡Jo! Ha sido mala suerte...;¡Te lo dije! ¡Son los mejores!
joven_joaquin_johto;Joaquín;Joven;novato;;no;;25;no;clasico;16;rattata@4;¡Mi Rattata está entre el 1% de los mejores!;¡Mi Rattata...!;¡Te lo dije!
karateka_hiro;Hiro;Karateka;listo;;no;;25;no;equilibrado;25;machop@31|mankey@31|primeape@34;¡Hiaaa!;¡Mi cinturón negro...!;¡Kiai!
lider_anibal;Aníbal;Líder de gimnasio;experto;;si;super_potion:2;25;si;ia;100;primeape@27[leer/rage/karate_chop/fury_swipes]|poliwrath@30[hypnosis/mind_reader/surf/dynamic_punch];¡Entreno bajo la cascada todos los días!;¡Uf! Toma la Medalla Tormenta.;¡Wahahaha!
lider_anton;Antón;Líder de gimnasio;listo;;si;potion:1;25;no;ia;100;metapod@14[tackle/string_shot/harden]|kakuna@14[poison_sting/string_shot/harden]|scyther@16[quick_attack/leer/fury_cutter];¡Los bichos son fascinantes!;Eres bueno. Toma la Medalla Colmena.;¡Los bichos también saben ganar!
lider_blaine;Blaine;Líder de gimnasio;experto;;si;hyper_potion:2;25;si;ia;100;growlithe@42[bite/roar/take_down/flamethrower]|ponyta@40[stomp/fire_spin/take_down/agility]|rapidash@42[stomp/fire_spin/take_down/agility]|arcanine@47[fire_blast/take_down/roar/extreme_speed];¡Ja! ¡Te voy a quemar hasta las cenizas!;¡Me he quemado yo! Toma la Medalla Volcán.;¡Fuego, fuego y más fuego!
lider_blanca;Blanca;Líder de gimnasio;listo;;si;super_potion:1;25;no;ia;100;clefairy@18[double_slap/mimic/encore/metronome]|miltank@20[rollout/attract/stomp/milk_drink];¡A todo el mundo le encantan mis monstruos monos!;Buaaa... ¡toma la Medalla Planicie!;¡Mi Miltank es imparable!
lider_brock;Brock;Líder de gimnasio;listo;;si;super_potion:1;25;si;ia;100;geodude@12|onix@14;¡Mi voluntad es firme como una roca! ¡Demuéstrame lo que vales!;Te he subestimado. Toma la Medalla Roca.;Tus monstruos necesitan más entrenamiento.
lider_brock_kanto;Brock;Líder de gimnasio;listo;;si;super_potion:1;25;no;ia;100;geodude@12[tackle/defense_curl/rock_throw]|onix@14[tackle/bind/rock_throw/harden];¡Mi voluntad es firme como una roca!;Te he subestimado. Toma la Medalla Roca.;Te falta entrenamiento.
lider_debora;Débora;Líder de gimnasio;experto;;si;hyper_potion:2;25;si;ia;100;dragonair@37[thunder_wave/surf/slam/dragon_breath]|dragonair@37[thunder_wave/thunderbolt/slam/dragon_breath]|dragonair@37[thunder_wave/ice_beam/slam/dragon_breath]|kingdra@40[smokescreen/surf/hyper_beam/dragon_breath]{dragon_scale};Soy la mejor domadora de dragones del mundo.;... No lo acepto. Pero toma la Medalla Dragón.;¡Los dragones son invencibles!
lider_erika;Erika;Líder de gimnasio;listo;;si;super_potion:2;25;no;ia;100;victreebel@29[razor_leaf/wrap/poison_powder/sleep_powder]|tangela@24[constrict/vine_whip/absorb/poison_powder]|vileplume@29[petal_dance/mega_drain/sleep_powder/stun_spore];Me encantan las plantas... ¿vienes a combatir?;Oh... toma la Medalla Arcoíris.;Las flores siempre vuelven a crecer.
lider_fredo;Fredo;Líder de gimnasio;experto;;si;hyper_potion:2;25;si;ia;100;seel@27[headbutt/icy_wind/aurora_beam/rest]|dewgong@29[headbutt/icy_wind/aurora_beam/rest]|piloswine@31[icy_wind/fury_attack/mist/blizzard];He vivido muchos inviernos...;Admito tu fuerza. Toma la Medalla Glaciar.;El frío lo congela todo.
lider_giovanni;Giovanni;Líder de gimnasio;experto;;si;hyper_potion:2|full_heal:1;25;si;ia;100;rhyhorn@45[take_down/rock_slide/scary_face/earthquake]|dugtrio@42[dig/slash/earthquake/sand_attack]|nidoqueen@44[body_slam/double_kick/earthquake/thunderbolt]|nidoking@45[thrash/double_kick/earthquake/ice_beam]|rhyhorn@50[take_down/rock_slide/earthquake/horn_drill];Así que has llegado hasta aquí...;Ja... toma la Medalla Tierra.;El Team Rocket no perdona.
lider_koga;Koga;Líder de gimnasio;experto;;si;hyper_potion:2;25;si;ia;100;koffing@37[tackle/smog/sludge/smokescreen]|muk@39[minimize/sludge/acid_armor/toxic]|koffing@37[tackle/smog/sludge/smokescreen]|weezing@43[sludge/smokescreen/toxic/self_destruct];¡Un ninja no teme al veneno!;Has demostrado tu valía. Toma la Medalla Alma.;El veneno siempre gana a la larga.
lider_misty;Misty;Líder de gimnasio;listo;;si;super_potion:1|x_defense:1;25;si;ia;100;staryu@18|starmie@21{sitrus_berry};¡Mi política es un ataque total con monstruos de agua!;Vaya, eres fuerte. Toma la Medalla Cascada.;¿Lo ves? ¡El agua lo arrasa todo!
lider_misty_kanto;Misty;Líder de gimnasio;listo;;si;super_potion:1;25;no;ia;100;staryu@18[tackle/water_gun/harden/rapid_spin]|starmie@21[tackle/water_gun/bubble_beam/recover]{sitrus_berry};¡Mi política es un ataque total con monstruos de agua!;Eres fuerte. Toma la Medalla Cascada.;¡El agua lo arrasa todo!
lider_morti;Morti;Líder de gimnasio;experto;;si;super_potion:2;25;si;ia;100;gastly@21[lick/spite/mean_look/curse]|haunter@21[hypnosis/mimic/curse/night_shade]|gengar@25[hypnosis/shadow_ball/mean_look/dream_eater]|haunter@23[spite/mean_look/mimic/night_shade];Veo cosas que los demás no ven...;No lo vi venir. Toma la Medalla Niebla.;El más allá me acompaña.
lider_pegaso;Pegaso;Líder de gimnasio;listo;;si;potion:1;25;no;ia;100;pidgey@7[tackle/mud_slap]|pidgeotto@9[tackle/mud_slap/gust];¡Los monstruos pájaro son los mejores!;Vale, toma la Medalla Céfiro.;¡Te he dejado sin viento!
lider_sabrina;Sabrina;Líder de gimnasio;experto;;si;hyper_potion:2;25;si;ia;100;kadabra@38[psybeam/recover/future_sight/psychic]|mr_mime@37[confusion/barrier/light_screen/psybeam]|venomoth@38[psybeam/stun_spore/leech_life/supersonic]|alakazam@43[psybeam/recover/psychic/reflect];Ya sabía que vendrías...;No lo había previsto. Toma la Medalla Pantano.;Te lo dije: lo había visto.
lider_surge;Teniente Surge;Líder de gimnasio;listo;;si;super_potion:2;25;no;ia;100;voltorb@21[tackle/sonic_boom/screech/self_destruct]|pikachu@18[thunder_shock/quick_attack/thunder_wave/growl]|raichu@24[thunderbolt/quick_attack/thunder_wave/double_team];¡En la guerra, lo eléctrico me salvó la vida!;¡Uau! Toma la Medalla Trueno.;¡Electrocutado, chaval!
lider_yasmina;Yasmina;Líder de gimnasio;experto;;si;super_potion:2;25;si;ia;100;magnemite@30[thunderbolt/supersonic/sonic_boom/thunder_wave]|magnemite@30[thunderbolt/supersonic/sonic_boom/thunder_wave]|steelix@35[screech/sunny_day/rock_throw/iron_tail]{metal_coat};Mis monstruos de acero son muy duros...;Muy bien... toma la Medalla Mineral.;El acero no se dobla.
medium_irene;Irene;Médium;listo;;no;;25;no;equilibrado;30;gastly@24|gastly@24|haunter@26;Los espíritus me hablan...;Los espíritus se han ido...;Jijiji...
montanero_marcos;Marcos;Montañero;novato;;no;;25;no;clasico;36;geodude@10|geodude@10|onix@11;¡Las montañas me han hecho fuerte!;¡Uf! Me has tumbado.;¡Duro como la roca!
motorista_rudi;Rudi;Motorista;listo;;no;;25;no;equilibrado;20;koffing@28|grimer@28|weezing@30;¡Quítate de en medio!;¡Mi moto no arranca!;¡A toda pastilla!
ornitologo_pablo;Pablo;Ornitólogo;listo;;si;potion:1;25;no;equilibrado;25;spearow@20|doduo@22|fearow@24;¡Mis pájaros vuelan más alto!;¡Plumas por todas partes!;¡A volar!
pescador_ned;Ned;Pescador;novato;;no;;25;no;clasico;35;magikarp@17|tentacool@17|goldeen@17;¡Pican, pican!;Se me ha escapado...;¡Menuda pesca!
pokemaniaco_gus;Gus;Pokémaníaco;listo;;no;;25;no;equilibrado;50;slowpoke@18|lickitung@20|phanpy@20;¡Tengo monstruos rarísimos!;¡Mis monstruos raros...!;¡Colecciono victorias!
rival_azul;Azul;Rival;experto;;si;full_restore:3|max_revive:3|full_heal:1;50;si;ia;35;"pidgeot@50[agility/wing_attack/whirlwind/double_edge]{sitrus_berry}~adamant""Peruano""|alakazam@50~modest|raticate@50~adamant|blastoise@50[hydro_pump/surf/bite/rain_dance]{mystic_water}~modest""Vamo a calmarno""";¡Llegas tarde! Ya te estaba esperando. ¡Veamos cuánto has mejorado!;¡¿Qué?! ¡No puede ser!;¡Ja! ¡Como siempre, soy el mejor!
rival_azul_bosque;Azul;Rival;listo;;si;potion:2;25;no;equilibrado;35;pidgeotto@17|abra@16|rattata@15|squirtle@18;¡Eh! ¿Aún sigues por aquí?;¡Bah! Ha sido suerte.;¡Soy mucho mejor que tú!
rival_azul_silph;Azul;Rival;experto;;si;hyper_potion:2|full_heal:1;25;si;fuerte;35;pidgeot@37|growlithe@35|exeggcute@38|alakazam@35|wartortle@40{oran_berry};¡Tú otra vez! ¡Aparta!;¡Grr! ¡Vete a salvar Silph si quieres!;¡Ja! ¡A ver si entrenas más!
rival_plata_1;Plata;Rival;listo;;si;potion:1;25;no;equilibrado;35;croconaw@18|gastly@12|zubat@14;¡Tú otra vez! Voy a ser el más fuerte.;Hmpf. Solo es un combate.;Débil. Como pensaba.
rival_plata_2;Plata;Rival;experto;;si;super_potion:2;25;si;fuerte;35;golbat@30|magnemite@28|haunter@30|sneasel@32|feraligatr@34{mystic_water};Ya no soy el de antes.;¿Por qué pierdo...?;La fuerza lo es todo.
rocket_escondite;Soldado Rocket;Team Rocket;listo;;si;super_potion:1;25;no;equilibrado;30;drowzee@21|machop@21|koffing@23;¡Intruso!;¡Ay! ¡Se lo diré al jefe!;¡Fuera de aquí!
rocket_monte_moon;Soldado Rocket;Team Rocket;novato;;no;;25;no;clasico;30;rattata@13|zubat@13;¡Estos fósiles son del Team Rocket!;¡Maldición!;¡No te metas con el Team Rocket!
rocket_pozo;Soldado Rocket;Team Rocket;novato;;no;;25;no;clasico;30;rattata@9|zubat@9|ekans@11;¡Las colas de Slowpoke se venden muy bien!;¡Ay! ¡Nos han pillado!;¡Fuera de aquí, mocoso!
rocket_radio;Soldado Rocket;Team Rocket;listo;;si;super_potion:1;25;no;equilibrado;30;koffing@24|raticate@24|golbat@26;¡La Torre Radio es nuestra!;¡No puede ser!;¡El Team Rocket ha vuelto!
rocket_silph;Soldado Rocket;Team Rocket;listo;;si;super_potion:1;25;no;equilibrado;30;golbat@33|arbok@33|raticate@33;¡Silph S.A. es nuestra!;¡No puede ser!;¡Larga vida al Team Rocket!
