id;nombre
blaze;Mar Llamas
chlorophyll;Clorofila
clear_body;Cuerpo Puro
compound_eyes;Ojo Compuesto
cursed_body;Cuerpo Maldito
cute_charm;Gran Encanto
damp;Humedad
early_bird;Madrugar
effect_spore;Efecto Espora
flame_body;Cuerpo Llama
flash_fire;Absorbe Fuego
guts;Agallas
hustle;Entusiasmo
hyper_cutter;Corte Fuerte
illuminate;Iluminación
immunity;Inmunidad
inner_focus;Fuerza Mental
insomnia;Insomnio
intimidate;Intimidación
keen_eye;Vista Lince
levitate;Levitación
lightning_rod;Pararrayos
limber;Flexibilidad
magma_armor;Escudo Magma
magnet_pull;Imán
natural_cure;Cura Natural
oblivious;Despiste
overgrow;Espesura
own_tempo;Ritmo Propio
pickup;Recogida
poison_point;Punto Tóxico
pressure;Presión
rock_head;Cabeza Roca
run_away;Fuga
sand_stream;Chorro Arena
sand_veil;Velo Arena
serene_grace;Dicha
shadow_tag;Sombra Trampa
shed_skin;Mudar
shell_armor;Caparazón
shield_dust;Polvo Escudo
soundproof;Insonorizar
speed_boost;Impulso
static;Electricidad Estática
stench;Hedor
sturdy;Robustez
suction_cups;Ventosas
swarm;Enjambre
swift_swim;Nado Rápido
synchronize;Sincronía
thick_fat;Sebo
torrent;Torrente
trace;Calco
vital_spirit;Espíritu Vital
volt_absorb;Absorbe Electricidad
water_absorb;Absorbe Agua
