ataca\defiende;normal;fire;water;electric;grass;ice;fighting;poison;ground;flying;psychic;bug;rock;ghost;dragon;typeless
normal;;;;;;;;;;;;;0,5;0;;
fire;;0,5;0,5;;2;2;;;;;;2;0,5;;0,5;
water;;2;0,5;;0,5;;;;2;;;;2;;0,5;
electric;;;2;0,5;0,5;;;;0;2;;;;;0,5;
grass;;0,5;2;;0,5;;;0,5;2;0,5;;0,5;2;;0,5;
ice;;;0,5;;2;0,5;;;2;2;;;;;2;
fighting;2;;;;;2;;0,5;;0,5;0,5;0,5;2;0;;
poison;;;;;2;;;0,5;0,5;;;2;0,5;0,5;;
ground;;2;;2;0,5;;;2;;0;;0,5;2;;;
flying;;;;0,5;2;;2;;;;;2;0,5;;;
psychic;;;;;;;2;2;;;0,5;;;;;
bug;;0,5;;;2;;0,5;2;;0,5;2;;;0,5;;
rock;;2;;;;2;0,5;;0,5;2;;2;;;;
ghost;0;;;;;;;;;;0;;;2;;
dragon;;;;;;;;;;;;;;;2;
typeless;;;;;;;;;;;;;;;;
