id;nombre;volatil;daño_por_turno;daño_creciente;cura_por_turno;prob_no_actuar;se_cura_al_retirarse;duracion;prob_recuperarse;autodaño;se_convierte_en;modificadores;tipos_inmunes;duracion_max;impide_cambio;bloquea_ataques;aguanta;cura_al_rival;mas_dificil_si_repite;captura_x;bloquea_estado;bloquea_repetir;bloquea_curar;bloquea_objetos;anula_habilidad;daño_si_estado;debilita_al_acabar;mismo_destino;rabia;devuelve_estado;robo;tipo_potenciado;tipo_potenciado_mult;refuerzo_se_gasta;inmune_tipos_extra;pierde_tipo;identificado;alcanzable_por;no_falla;cerca;en_suelo;genero_opuesto;protege_solo_daño;protege_baja_stat;protege_baja_etapas;protege_daño
;;no;0;no;no;0;no;0;0;0;;;;0;no;no;no;no;no;1;no;no;no;no;no;;no;no;no;no;no;;1;no;;;no;;no;no;no;no;no;;0;0
;;no;0;no;no;0;no;0;0;0;;;;0;no;no;no;no;no;1;no;no;no;no;no;;no;no;no;no;no;;1;no;;;no;;no;no;no;no;no;;0;0
;;no;0;no;no;0;no;0;0;0;;;;0;no;no;no;no;no;1;no;no;no;no;no;;no;no;no;no;no;;1;no;;;no;;no;no;no;no;no;;0;0
;;no;0;no;no;0;no;0;0;0;;;;0;no;no;no;no;no;1;no;no;no;no;no;;no;no;no;no;no;;1;no;;;no;;no;no;no;no;no;;0;0
;;no;0;no;no;0;no;0;0;0;;;;0;no;no;no;no;no;1;no;no;no;no;no;;no;no;no;no;no;;1;no;;;no;;no;no;no;no;no;;0;0
;;no;0;no;no;0;no;0;0;0;;;;0;no;no;no;no;no;1;no;no;no;no;no;;no;no;no;no;no;;1;no;;;no;;no;no;no;no;no;;0;0
;;no;0;no;no;0;no;0;0;0;;;;0;no;no;no;no;no;1;no;no;no;no;no;;no;no;no;no;no;;1;no;;;no;;no;no;no;no;no;;0;0
;;no;0;no;no;0;no;0;0;0;;;;0;no;no;no;no;no;1;no;no;no;no;no;;no;no;no;no;no;;1;no;;;no;;no;no;no;no;no;;0;0
;;no;0;no;no;0;no;0;0;0;;;;0;no;no;no;no;no;1;no;no;no;no;no;;no;no;no;no;no;;1;no;;;no;;no;no;no;no;no;;0;0
;;no;0;no;no;0;no;0;0;0;;;;0;no;no;no;no;no;1;no;no;no;no;no;;no;no;no;no;no;;1;no;;;no;;no;no;no;no;no;;0;0
;;no;0;no;no;0;no;0;0;0;;;;0;no;no;no;no;no;1;no;no;no;no;no;;no;no;no;no;no;;1;no;;;no;;no;no;no;no;no;;0;0
;;no;0;no;no;0;no;0;0;0;;;;0;no;no;no;no;no;1;no;no;no;no;no;;no;no;no;no;no;;1;no;;;no;;no;no;no;no;no;;0;0
;;no;0;no;no;0;no;0;0;0;;;;0;no;no;no;no;no;1;no;no;no;no;no;;no;no;no;no;no;;1;no;;;no;;no;no;no;no;no;;0;0
;;no;0;no;no;0;no;0;0;0;;;;0;no;no;no;no;no;1;no;no;no;no;no;;no;no;no;no;no;;1;no;;;no;;no;no;no;no;no;;0;0
;;no;0;no;no;0;no;0;0;0;;;;0;no;no;no;no;no;1;no;no;no;no;no;;no;no;no;no;no;;1;no;;;no;;no;no;no;no;no;;0;0
;;no;0;no;no;0;no;0;0;0;;;;0;no;no;no;no;no;1;no;no;no;no;no;;no;no;no;no;no;;1;no;;;no;;no;no;no;no;no;;0;0
;;no;0;no;no;0;no;0;0;0;;;;0;no;no;no;no;no;1;no;no;no;no;no;;no;no;no;no;no;;1;no;;;no;;no;no;no;no;no;;0;0
;;no;0;no;no;0;no;0;0;0;;;;0;no;no;no;no;no;1;no;no;no;no;no;;no;no;no;no;no;;1;no;;;no;;no;no;no;no;no;;0;0
;;no;0;no;no;0;no;0;0;0;;;;0;no;no;no;no;no;1;no;no;no;no;no;;no;no;no;no;no;;1;no;;;no;;no;no;no;no;no;;0;0
;;no;0;no;no;0;no;0;0;0;;;;0;no;no;no;no;no;1;no;no;no;no;no;;no;no;no;no;no;;1;no;;;no;;no;no;no;no;no;;0;0
;;no;0;no;no;0;no;0;0;0;;;;0;no;no;no;no;no;1;no;no;no;no;no;;no;no;no;no;no;;1;no;;;no;;no;no;no;no;no;;0;0
;;no;0;no;no;0;no;0;0;0;;;;0;no;no;no;no;no;1;no;no;no;no;no;;no;no;no;no;no;;1;no;;;no;;no;no;no;no;no;;0;0
;;no;0;no;no;0;no;0;0;0;;;;0;no;no;no;no;no;1;no;no;no;no;no;;no;no;no;no;no;;1;no;;;no;;no;no;no;no;no;;0;0
;;no;0;no;no;0;no;0;0;0;;;;0;no;no;no;no;no;1;no;no;no;no;no;;no;no;no;no;no;;1;no;;;no;;no;no;no;no;no;;0;0
;;no;0;no;no;0;no;0;0;0;;;;0;no;no;no;no;no;1;no;no;no;no;no;;no;no;no;no;no;;1;no;;;no;;no;no;no;no;no;;0;0
;;no;0;no;no;0;no;0;0;0;;;;0;no;no;no;no;no;1;no;no;no;no;no;;no;no;no;no;no;;1;no;;;no;;no;no;no;no;no;;0;0
;;no;0;no;no;0;no;0;0;0;;;;0;no;no;no;no;no;1;no;no;no;no;no;;no;no;no;no;no;;1;no;;;no;;no;no;no;no;no;;0;0
;;no;0;no;no;0;no;0;0;0;;;;0;no;no;no;no;no;1;no;no;no;no;no;;no;no;no;no;no;;1;no;;;no;;no;no;no;no;no;;0;0
;;no;0;no;no;0;no;0;0;0;;;;0;no;no;no;no;no;1;no;no;no;no;no;;no;no;no;no;no;;1;no;;;no;;no;no;no;no;no;;0;0
;;no;0;no;no;0;no;0;0;0;;;;0;no;no;no;no;no;1;no;no;no;no;no;;no;no;no;no;no;;1;no;;;no;;no;no;no;no;no;;0;0
;;no;0;no;no;0;no;0;0;0;;;;0;no;no;no;no;no;1;no;no;no;no;no;;no;no;no;no;no;;1;no;;;no;;no;no;no;no;no;;0;0
;;no;0;no;no;0;no;0;0;0;;;;0;no;no;no;no;no;1;no;no;no;no;no;;no;no;no;no;no;;1;no;;;no;;no;no;no;no;no;;0;0
;;no;0;no;no;0;no;0;0;0;;;;0;no;no;no;no;no;1;no;no;no;no;no;;no;no;no;no;no;;1;no;;;no;;no;no;no;no;no;;0;0
;;no;0;no;no;0;no;0;0;0;;;;0;no;no;no;no;no;1;no;no;no;no;no;;no;no;no;no;no;;1;no;;;no;;no;no;no;no;no;;0;0
;;no;0;no;no;0;no;0;0;0;;;;0;no;no;no;no;no;1;no;no;no;no;no;;no;no;no;no;no;;1;no;;;no;;no;no;no;no;no;;0;0
aqua_ring;Acua Aro;si;6,25;no;si;0;si;0;0;0;;;;0;no;no;no;no;no;1;no;no;no;no;no;;no;no;no;no;no;;1;no;;;no;;no;no;no;no;no;;0;0
burn;Quemado;no;6,25;no;no;0;no;0;0;0;;attack:0,5;fire;0;no;no;no;no;no;1,5;no;no;no;no;no;;no;no;no;no;no;;1;no;;;no;;no;no;no;no;no;;0;0
cant_escape;Sin escapatoria;si;0;no;no;0;si;0;0;0;;;;0;si;no;no;no;no;1;no;no;no;no;no;;no;no;no;no;no;;1;no;;;no;;no;no;no;no;no;;0;0
charge;Carga;si;0;no;no;0;si;2;0;0;;;;0;no;no;no;no;no;1;no;no;no;no;no;;no;no;no;no;no;electric;2;si;;;no;;no;no;no;no;no;;0;0
confusion;Confusión;si;0;no;no;33;si;2;0;12,5;;;;5;no;no;no;no;no;1;no;no;no;no;no;;no;no;no;no;no;;1;no;;;no;;no;no;no;no;no;;0;0
curse;Maldición;si;25;no;no;0;si;0;0;0;;;;0;no;no;no;no;no;1;no;no;no;no;no;;no;no;no;no;no;;1;no;;;no;;no;no;no;no;no;;0;0
destiny_bond;Mismo Destino;si;0;no;no;0;si;2;0;0;;;;0;no;no;no;no;no;1;no;no;no;no;no;;no;si;no;no;no;;1;no;;;no;;no;no;no;no;no;;0;0
drowsy;Somnoliento;si;0;no;no;0;si;1;0;0;sleep;;;0;no;no;no;no;no;1;no;no;no;no;no;;no;no;no;no;no;;1;no;;;no;;no;no;no;no;no;;0;0
embargo;Embargo;si;0;no;no;0;si;5;0;0;;;;0;no;no;no;no;no;1;no;no;no;si;no;;no;no;no;no;no;;1;no;;;no;;no;no;no;no;no;;0;0
endure;Aguante;si;0;no;no;0;si;1;0;0;;;;0;no;no;si;no;si;1;no;no;no;no;no;;no;no;no;no;no;;1;no;;;no;;no;no;no;no;no;;0;0
fairy_lock;Cerrojo Feérico;si;0;no;no;0;si;2;0;0;;;;0;si;no;no;no;no;1;no;no;no;no;no;;no;no;no;no;no;;1;no;;;no;;no;no;no;no;no;;0;0
freeze;Congelado;no;0;no;no;100;no;0;20;0;;;ice;0;no;no;no;no;no;2,5;no;no;no;no;no;;no;no;no;no;no;;1;no;;;no;;no;no;no;no;no;;0;0
gastro_acid;Bilis;si;0;no;no;0;si;0;0;0;;;;0;no;no;no;no;no;1;no;no;no;no;si;;no;no;no;no;no;;1;no;;;no;;no;no;no;no;no;;0;0
grudge;Rabia;si;0;no;no;0;si;2;0;0;;;;0;no;no;no;no;no;1;no;no;no;no;no;;no;no;si;no;no;;1;no;;;no;;no;no;no;no;no;;0;0
heal_block;Anticura;si;0;no;no;0;si;5;0;0;;;;0;no;no;no;no;no;1;no;no;si;no;no;;no;no;no;no;no;;1;no;;;no;;no;no;no;no;no;;0;0
identified;Identificado;si;0;no;no;0;si;0;0;0;;;;0;no;no;no;no;no;1;no;no;no;no;no;;no;no;no;no;no;;1;no;;;si;normal|fighting;no;no;no;no;no;;0;0
imprison;Cerca;si;0;no;no;0;si;0;0;0;;;;0;no;no;no;no;no;1;no;no;no;no;no;;no;no;no;no;no;;1;no;;;no;;no;si;no;no;no;;0;0
infatuation;Enamorado;si;0;no;no;50;si;0;0;0;;;;0;no;no;no;no;no;1;no;no;no;no;no;;no;no;no;no;no;;1;no;;;no;;no;no;no;si;no;;0;0
ingrain;Arraigo;si;6,25;no;si;0;si;0;0;0;;;;0;si;no;no;no;no;1;no;no;no;no;no;;no;no;no;no;no;;1;no;;;no;;no;no;si;no;no;;0;0
kings_shield;Escudo Real;si;0;no;no;0;si;1;0;0;;;;0;no;si;no;no;si;1;no;no;no;no;no;;no;no;no;no;no;;1;no;;;no;;no;no;no;no;si;attack;-2;0
leech_seed;Drenadoras;si;12,5;no;no;0;si;0;0;0;;;grass;0;no;no;no;si;no;1;no;no;no;no;no;;no;no;no;no;no;;1;no;;;no;;no;no;no;no;no;;0;0
lock_on;Fijar Blanco;si;0;no;no;0;si;2;0;0;;;;0;no;no;no;no;no;1;no;no;no;no;no;;no;no;no;no;no;;1;no;;;no;;si;no;no;no;no;;0;0
magic_coat;Capa Mágica;si;0;no;no;0;si;1;0;0;;;;0;no;no;no;no;no;1;no;no;no;no;no;;no;no;no;si;no;;1;no;;;no;;no;no;no;no;no;;0;0
magnet_rise;Levitón;si;0;no;no;0;si;5;0;0;;;;0;no;no;no;no;no;1;no;no;no;no;no;;no;no;no;no;no;;1;no;ground;;no;;no;no;no;no;no;;0;0
miracle_eye;Gran Ojo;si;0;no;no;0;si;0;0;0;;;;0;no;no;no;no;no;1;no;no;no;no;no;;no;no;no;no;no;;1;no;;;si;psychic;no;no;no;no;no;;0;0
nightmare;Pesadilla;si;25;no;no;0;si;0;0;0;;;;0;no;no;no;no;no;1;no;no;no;no;no;sleep;no;no;no;no;no;;1;no;;;no;;no;no;no;no;no;;0;0
paralysis;Parálisis;no;0;no;no;25;no;0;0;0;;speed:0,5;electric;0;no;no;no;no;no;1,5;no;no;no;no;no;;no;no;no;no;no;;1;no;;;no;;no;no;no;no;no;;0;0
perish_song;Canto Mortal;si;0;no;no;0;si;4;0;0;;;;0;no;no;no;no;no;1;no;no;no;no;no;;si;no;no;no;no;;1;no;;;no;;no;no;no;no;no;;0;0
poison;Veneno;no;12,5;no;no;0;no;0;0;0;;;poison|steel;0;no;no;no;no;no;1,5;no;no;no;no;no;;no;no;no;no;no;;1;no;;;no;;no;no;no;no;no;;0;0
protect;Protegido;si;0;no;no;0;si;1;0;0;;;;0;no;si;no;no;si;1;no;no;no;no;no;;no;no;no;no;no;;1;no;;;no;;no;no;no;no;no;;0;0
roost;Respiro;si;0;no;no;0;si;1;0;0;;;;0;no;no;no;no;no;1;no;no;no;no;no;;no;no;no;no;no;;1;no;;flying;no;;no;no;no;no;no;;0;0
sleep;Dormido;no;0;no;no;100;no;3;33;0;;;;0;no;no;no;no;no;2,5;no;no;no;no;no;;no;no;no;no;no;;1;no;;;no;;no;no;no;no;no;;0;0
smacked_down;Derribado;si;0;no;no;0;si;0;0;0;;;;0;no;no;no;no;no;1;no;no;no;no;no;;no;no;no;no;no;;1;no;;;no;;no;no;si;no;no;;0;0
snatch;Robo;si;0;no;no;0;si;1;0;0;;;;0;no;no;no;no;no;1;no;no;no;no;no;;no;no;no;no;si;;1;no;;;no;;no;no;no;no;no;;0;0
spiky_shield;Barrera Espinosa;si;0;no;no;0;si;1;0;0;;;;0;no;si;no;no;si;1;no;no;no;no;no;;no;no;no;no;no;;1;no;;;no;;no;no;no;no;no;;0;12,5
taunt;Mofa;si;0;no;no;0;si;3;0;0;;;;0;no;no;no;no;no;1;si;no;no;no;no;;no;no;no;no;no;;1;no;;;no;;no;no;no;no;no;;0;0
torment;Tormento;si;0;no;no;0;si;0;0;0;;;;0;no;no;no;no;no;1;no;si;no;no;no;;no;no;no;no;no;;1;no;;;no;;no;no;no;no;no;;0;0
toxic;Tóxico;no;6,25;si;no;0;no;0;0;0;;;poison|steel;0;no;no;no;no;no;1,5;no;no;no;no;no;;no;no;no;no;no;;1;no;;;no;;no;no;no;no;no;;0;0
trapped;Atrapado;si;12,5;no;no;0;si;4;0;0;;;;5;si;no;no;no;no;1;no;no;no;no;no;;no;no;no;no;no;;1;no;;;no;;no;no;no;no;no;;0;0
