id;nombre;tipos;ps;ataque;defensa;atq_esp;def_esp;velocidad;habilidad;curva;exp_base;ratio_captura;evs;aprende;evoluciona;stats_extra;numero;categoria;altura;peso;color;hembras;legendario;descripcion
abra;Abra;psychic;25;20;15;105;55;90;synchronize;medium_slow;62;45;sp_attack:1;1:teleport;kadabra@16;;0;;0;0;;50;no;
aerodactyl;Aerodactyl;rock|flying;80;105;65;60;75;130;rock_head;slow;180;45;speed:2;1:wing_attack|1:agility|33:supersonic|38:bite|45:take_down|54:hyper_beam;;;0;;0;0;;50;no;
alakazam;Alakazam;psychic;55;50;45;135;95;120;synchronize;medium_slow;225;50;sp_attack:3;1:teleport|1:confusion|1:disable|27:psybeam|31:recover|38:psychic|42:reflect;;;0;;0;0;;50;no;
arbok;Arbok;poison;60;95;69;65;79;80;intimidate;medium_fast;157;45;attack:2;1:wrap|1:leer|1:poison_sting|17:bite|27:glare|36:screech|47:acid;;;0;;0;0;;50;no;
arcanine;Arcanine;fire;90;110;80;100;80;95;intimidate;slow;194;45;attack:2;1:roar|1:ember|1:leer|1:take_down;;;0;;0;0;;50;no;
articuno;Articuno;ice|flying;90;85;100;95;125;85;pressure;slow;261;45;sp_defense:3;1:peck|1:ice_beam|51:blizzard|55:agility|60:mist;;;0;;0;0;;50;no;
beedrill;Beedrill;bug|poison;65;90;40;45;80;75;swarm;medium_fast;178;45;attack:2|sp_defense:1;1:fury_attack|16:focus_energy|20:twineedle|25:rage|30:pin_missile|35:agility;;;0;;0;0;;50;no;
bellsprout;Bellsprout;grass|poison;50;75;35;70;30;40;chlorophyll;medium_slow;60;45;attack:1;1:vine_whip|1:growth|13:wrap|15:poison_powder|18:sleep_powder|21:stun_spore|26:acid|33:razor_leaf|42:slam;weepinbell@21;;0;;0;0;;50;no;
blastoise;Blastoise;water;79;83;100;85;105;78;torrent;medium_slow;239;45;sp_defense:3;1:tackle|1:tail_whip|1:bubble|1:water_gun|24:bite|31:withdraw|42:skull_bash|52:hydro_pump;;;0;;0;0;;50;no;
bulbasaur;Bulbasaur;grass|poison;45;49;49;65;65;45;overgrow;medium_slow;64;45;sp_attack:1;1:tackle|1:growl|7:leech_seed|13:vine_whip|20:poison_powder|27:razor_leaf|34:growth|41:sleep_powder|48:solar_beam;ivysaur@16;;0;;0;0;;50;no;
butterfree;Butterfree;bug|flying;60;45;50;90;80;70;compound_eyes;medium_fast;178;45;sp_attack:2|sp_defense:1;1:confusion|15:poison_powder|16:stun_spore|17:sleep_powder|21:supersonic|26:whirlwind|32:psybeam;;;0;;0;0;;50;no;
caterpie;Caterpie;bug;45;30;35;20;20;45;shield_dust;medium_fast;39;45;hp:1;1:tackle|1:string_shot;metapod@7;;0;;0;0;;50;no;
chansey;Chansey;normal;250;5;5;35;105;50;natural_cure;fast;395;45;hp:2;1:pound|1:double_slap|24:sing|30:growl|38:minimize|44:defense_curl|48:light_screen|54:double_edge;;;0;;0;0;;50;no;
charizard;Charizard;fire|flying;78;84;78;109;85;100;blaze;medium_slow;240;45;sp_attack:3;1:scratch|1:growl|1:ember|1:leer|24:rage|36:slash|46:flamethrower|55:fire_spin;;;0;;0;0;;50;no;
charmander;Charmander;fire;39;52;43;60;50;65;blaze;medium_slow;62;45;speed:1;1:scratch|1:growl|9:ember|15:leer|22:rage|30:slash|38:flamethrower|46:fire_spin;charmeleon@16;;0;;0;0;;50;no;
charmeleon;Charmeleon;fire;58;64;58;80;65;80;blaze;medium_slow;142;45;sp_attack:1|speed:1;1:scratch|1:growl|1:ember|15:leer|24:rage|33:slash|42:flamethrower|56:fire_spin;charizard@36;;0;;0;0;;50;no;
clefable;Clefable;fairy;95;70;73;95;90;60;cute_charm;fast;217;45;hp:3;1:sing|1:double_slap|1:minimize|1:metronome;;;0;;0;0;;50;no;
clefairy;Clefairy;fairy;70;45;48;60;65;35;cute_charm;fast;113;45;hp:2;1:pound|1:growl|13:sing|18:double_slap|24:minimize|31:metronome|39:defense_curl|48:light_screen;clefable@objeto:moon_stone;;0;;0;0;;50;no;
cloyster;Cloyster;water|ice;50;95;180;85;45;70;shell_armor;slow;184;45;defense:2;1:withdraw|1:supersonic|1:clamp|1:aurora_beam|50:spike_cannon;;;0;;0;0;;50;no;
cubone;Cubone;ground;50;50;95;40;50;35;rock_head;medium_fast;64;45;defense:1;1:bone_club|1:growl|25:leer|31:focus_energy|38:thrash|43:bonemerang|46:rage;marowak@28;;0;;0;0;;50;no;
dewgong;Dewgong;water|ice;90;70;80;70;95;70;thick_fat;medium_fast;166;45;sp_defense:2;1:headbutt|1:growl|1:aurora_beam|44:rest|50:take_down|56:ice_beam;;;0;;0;0;;50;no;
diglett;Diglett;ground;10;55;25;35;45;95;sand_veil;medium_fast;53;45;speed:1;1:scratch|15:growl|19:dig|24:sand_attack|31:slash|40:earthquake;dugtrio@26;;0;;0;0;;50;no;
ditto;Ditto;normal;48;48;48;48;48;48;limber;medium_fast;101;45;hp:1;1:transform;;;0;;0;0;;50;no;
dodrio;Dodrio;normal|flying;60;110;70;60;60;110;run_away;medium_fast;165;45;attack:2;1:peck|1:growl|1:fury_attack|30:drill_peck|39:rage|45:tri_attack|51:agility;;;0;;0;0;;50;no;
doduo;Doduo;normal|flying;35;85;45;35;35;75;run_away;medium_fast;62;45;attack:1;1:peck|20:growl|24:fury_attack|30:drill_peck|36:rage|40:tri_attack|44:agility;dodrio@31;;0;;0;0;;50;no;
dragonair;Dragonair;dragon;61;84;65;70;70;70;shed_skin;slow;147;45;attack:2;1:wrap|1:leer|1:thunder_wave|20:agility|35:slam|45:dragon_rage|55:hyper_beam;dragonite@55;;0;;0;0;;50;no;
dragonite;Dragonite;dragon|flying;91;134;95;100;100;80;inner_focus;slow;270;45;attack:3;1:wrap|1:leer|1:thunder_wave|1:agility|35:slam|45:dragon_rage|60:hyper_beam;;;0;;0;0;;50;no;
dratini;Dratini;dragon;41;64;45;50;50;50;shed_skin;slow;60;45;attack:1;1:wrap|1:leer|10:thunder_wave|20:agility|30:slam|40:dragon_rage|50:hyper_beam;dragonair@30;;0;;0;0;;50;no;
drowzee;Drowzee;psychic;60;48;45;43;90;42;insomnia;medium_fast;66;190;sp_defense:1;1:pound|1:hypnosis|12:disable|17:confusion|24:headbutt|29:poison_gas|32:psychic|37:meditate;hypno@26;;0;;0;0;;50;no;
dugtrio;Dugtrio;ground;35;100;50;50;70;120;sand_veil;medium_fast;149;45;speed:2;1:scratch|1:growl|1:dig|24:sand_attack|35:slash|47:earthquake;;;0;;0;0;;50;no;
eevee;Eevee;normal;55;55;50;45;65;55;run_away;medium_fast;65;45;sp_defense:1;1:tackle|1:sand_attack|27:quick_attack|31:tail_whip|37:bite|45:take_down;vaporeon@objeto:water_stone|jolteon@objeto:thunder_stone|flareon@objeto:fire_stone;;0;;0;0;;50;no;
ekans;Ekans;poison;35;60;44;40;54;55;intimidate;medium_fast;58;45;attack:1;1:wrap|1:leer|10:poison_sting|17:bite|24:glare|31:screech|38:acid;arbok@22;;0;;0;0;;50;no;
electabuzz;Electabuzz;electric;65;83;57;95;85;105;static;medium_fast;172;45;speed:2;1:quick_attack|1:leer|34:thunder_shock|37:screech|42:thunder_punch|49:light_screen|54:thunder;;;0;;0;0;;50;no;
electrode;Electrode;electric;60;50;70;80;80;150;soundproof;medium_fast;172;45;speed:2;1:tackle|1:screech|1:sonic_boom|22:self_destruct|29:light_screen|40:swift|50:explosion;;;0;;0;0;;50;no;
exeggcute;Exeggcute;grass|psychic;60;40;80;60;45;40;chlorophyll;slow;65;45;defense:1;1:barrage|1:hypnosis|25:reflect|28:leech_seed|32:stun_spore|37:poison_powder|42:solar_beam|48:sleep_powder;exeggutor@objeto:leaf_stone;;0;;0;0;;50;no;
exeggutor;Exeggutor;grass|psychic;95;95;85;125;75;55;chlorophyll;slow;186;45;sp_attack:2;1:barrage|1:hypnosis|28:stomp;;;0;;0;0;;50;no;
farfetchd;Farfetch’d;normal|flying;52;90;55;58;62;60;keen_eye;medium_fast;132;45;attack:1;1:peck|1:sand_attack|7:leer|15:fury_attack|23:swords_dance|31:agility|39:slash;;;0;;0;0;;50;no;
fearow;Fearow;normal|flying;65;90;65;61;61;100;keen_eye;medium_fast;155;45;speed:2;1:peck|1:growl|1:leer|15:fury_attack|25:mirror_move|34:drill_peck|43:agility;;;0;;0;0;;50;no;
flareon;Flareon;fire;65;130;60;95;110;65;flash_fire;medium_fast;184;45;attack:2;1:tackle|1:sand_attack|1:quick_attack|1:ember|37:tail_whip|40:bite|42:leer|44:fire_spin|48:rage|54:flamethrower;;;0;;0;0;;50;no;
gastly;Gastly;ghost|poison;30;35;30;100;35;80;levitate;medium_slow;62;45;sp_attack:1;1:lick|1:confuse_ray|1:night_shade|27:hypnosis|35:dream_eater;haunter@25;;0;;0;0;;50;no;
gengar;Gengar;ghost|poison;60;65;60;130;75;110;cursed_body;medium_slow;225;45;sp_attack:3;1:lick|1:confuse_ray|1:night_shade|29:hypnosis|38:dream_eater;;;0;;0;0;;50;no;
geodude;Geodude;rock|ground;40;80;100;30;30;20;rock_head;medium_slow;60;45;defense:1;1:tackle|11:defense_curl|16:rock_throw|21:self_destruct|26:harden|31:earthquake|36:explosion;graveler@25;;0;;0;0;;50;no;
gloom;Gloom;grass|poison;60;65;70;85;75;40;chlorophyll;medium_slow;138;45;sp_attack:2;1:absorb|1:poison_powder|1:stun_spore|19:sleep_powder|28:acid|38:petal_dance|52:solar_beam;vileplume@objeto:leaf_stone;;0;;0;0;;50;no;
golbat;Golbat;poison|flying;75;80;70;65;75;90;inner_focus;medium_fast;159;45;speed:2;1:leech_life|1:screech|1:bite|10:supersonic|21:confuse_ray|32:wing_attack|43:haze;;;0;;0;0;;50;no;
goldeen;Goldeen;water;45;67;60;35;50;63;swift_swim;medium_fast;64;45;attack:1;1:peck|1:tail_whip|19:supersonic|24:horn_attack|30:fury_attack|37:waterfall|45:horn_drill|54:agility;seaking@33;;0;;0;0;;50;no;
golduck;Golduck;water;80;82;78;95;80;85;damp;medium_fast;175;75;sp_attack:2;1:scratch|1:tail_whip|1:disable|39:confusion|48:fury_swipes|59:hydro_pump;;;0;;0;0;;50;no;
golem;Golem;rock|ground;80;120;130;55;65;45;rock_head;medium_slow;223;45;defense:3;1:tackle|1:defense_curl|16:rock_throw|21:self_destruct|29:harden|36:earthquake|43:explosion;;;0;;0;0;;50;no;
graveler;Graveler;rock|ground;55;95;115;45;45;35;rock_head;medium_slow;137;45;defense:2;1:tackle|1:defense_curl|16:rock_throw|21:self_destruct|29:harden|36:earthquake|43:explosion;golem@intercambio;;0;;0;0;;50;no;
grimer;Grimer;poison;80;80;50;40;50;25;stench;medium_fast;65;45;hp:1;1:pound|1:disable|30:poison_gas|33:minimize|37:sludge|42:harden|48:screech|55:acid_armor;muk@38;;0;;0;0;;50;no;
growlithe;Growlithe;fire;55;70;45;70;50;60;intimidate;slow;70;45;attack:1;1:bite|1:roar|18:ember|23:leer|30:take_down|39:agility|50:flamethrower;arcanine@objeto:fire_stone;;0;;0;0;;50;no;
gyarados;Gyarados;water|flying;95;125;79;60;100;81;intimidate;slow;189;45;attack:2;1:bite|1:dragon_rage|1:leer|1:hydro_pump|52:hyper_beam;;;0;;0;0;;50;no;
haunter;Haunter;ghost|poison;45;50;45;115;55;95;levitate;medium_slow;142;45;sp_attack:2;1:lick|1:confuse_ray|1:night_shade|29:hypnosis|38:dream_eater;gengar@intercambio;;0;;0;0;;50;no;
hitmonchan;Hitmonchan;fighting;50;105;79;35;110;76;keen_eye;medium_fast;159;45;sp_defense:2;1:comet_punch|1:agility|33:fire_punch|38:ice_punch|43:thunder_punch|48:mega_punch|53:counter;;;0;;0;0;;50;no;
hitmonlee;Hitmonlee;fighting;50;120;53;35;110;87;limber;medium_fast;159;45;attack:2;1:double_kick|1:meditate|33:rolling_kick|38:jump_kick|43:focus_energy|48:high_jump_kick|53:mega_kick;;;0;;0;0;;50;no;
horsea;Horsea;water;30;40;70;70;25;60;swift_swim;medium_fast;59;45;sp_attack:1;1:bubble|19:smokescreen|24:leer|30:water_gun|37:agility|45:hydro_pump;seadra@32;;0;;0;0;;50;no;
hypno;Hypno;psychic;85;73;70;73;115;67;insomnia;medium_fast;169;75;sp_defense:2;1:pound|1:hypnosis|1:disable|1:confusion|24:headbutt|33:poison_gas|37:psychic|43:meditate;;;0;;0;0;;50;no;
ivysaur;Ivysaur;grass|poison;60;62;63;80;80;60;overgrow;medium_slow;142;45;sp_attack:1|sp_defense:1;1:tackle|1:growl|1:leech_seed|13:vine_whip|22:poison_powder|30:razor_leaf|38:growth|46:sleep_powder|54:solar_beam;venusaur@32;;0;;0;0;;50;no;
jigglypuff;Jigglypuff;normal|fairy;115;45;20;45;25;20;cute_charm;fast;95;45;hp:2;1:sing|9:pound|14:disable|19:defense_curl|24:double_slap|29:rest|34:body_slam|39:double_edge;wigglytuff@objeto:moon_stone;;0;;0;0;;50;no;
jolteon;Jolteon;electric;65;65;60;110;95;130;volt_absorb;medium_fast;184;45;speed:2;1:tackle|1:sand_attack|1:quick_attack|1:thunder_shock|37:tail_whip|40:thunder_wave|42:double_kick|44:agility|48:pin_missile|54:thunder;;;0;;0;0;;50;no;
jynx;Jynx;ice|psychic;65;50;35;115;95;95;oblivious;medium_fast;159;45;sp_attack:2;1:pound|1:lovely_kiss|18:lick|23:double_slap|31:ice_punch|39:body_slam|47:thrash|58:blizzard;;;0;;0;0;;50;no;
kabuto;Kabuto;rock|water;30;80;90;55;45;55;swift_swim;medium_fast;71;45;defense:1;1:scratch|1:harden|34:absorb|39:slash|44:leer|49:hydro_pump;kabutops@40;;0;;0;0;;50;no;
kabutops;Kabutops;rock|water;60;115;105;65;70;80;swift_swim;medium_fast;173;45;attack:2;1:scratch|1:harden|1:absorb|39:slash|46:leer|53:hydro_pump;;;0;;0;0;;50;no;
kadabra;Kadabra;psychic;40;35;30;120;70;105;synchronize;medium_slow;140;100;sp_attack:2;1:teleport|1:confusion|1:disable|27:psybeam|31:recover|38:psychic|42:reflect;alakazam@intercambio;;0;;0;0;;50;no;
kakuna;Kakuna;bug|poison;45;25;50;25;25;35;shed_skin;medium_fast;72;45;defense:2;1:harden;beedrill@10;;0;;0;0;;50;no;
kangaskhan;Kangaskhan;normal;105;95;80;40;80;90;early_bird;medium_fast;172;45;hp:2;1:comet_punch|1:rage|26:bite|31:tail_whip|36:mega_punch|41:leer|46:dizzy_punch;;;0;;0;0;;50;no;
kingler;Kingler;water;55;130;115;50;50;75;hyper_cutter;medium_fast;166;45;attack:2;1:bubble|1:leer|1:vice_grip|25:guillotine|34:stomp|42:crabhammer|49:harden;;;0;;0;0;;50;no;
koffing;Koffing;poison;40;65;95;60;45;35;levitate;medium_fast;68;45;defense:1;1:tackle|1:smog|32:sludge|37:smokescreen|40:self_destruct|45:haze|48:explosion;weezing@35;;0;;0;0;;50;no;
krabby;Krabby;water;30;105;90;25;25;50;hyper_cutter;medium_fast;65;45;attack:1;1:bubble|1:leer|20:vice_grip|25:guillotine|30:stomp|35:crabhammer|40:harden;kingler@28;;0;;0;0;;50;no;
lapras;Lapras;water|ice;130;85;80;85;95;60;water_absorb;slow;187;45;hp:2;1:water_gun|1:growl|16:sing|20:mist|25:body_slam|31:confuse_ray|38:ice_beam|46:hydro_pump;;;0;;0;0;;50;no;
lickitung;Lickitung;normal;90;55;75;60;75;30;own_tempo;medium_fast;77;45;hp:2;1:wrap|1:supersonic|7:stomp|15:disable|23:defense_curl|31:slam|39:screech;;;0;;0;0;;50;no;
machamp;Machamp;fighting;90;130;80;65;85;55;guts;medium_slow;227;45;attack:3;1:karate_chop|1:low_kick|1:leer|36:focus_energy|44:seismic_toss|52:submission;;;0;;0;0;;50;no;
machoke;Machoke;fighting;80;100;70;50;60;45;guts;medium_slow;142;45;attack:2;1:karate_chop|1:low_kick|1:leer|36:focus_energy|44:seismic_toss|52:submission;machamp@intercambio;;0;;0;0;;50;no;
machop;Machop;fighting;70;80;50;35;35;35;guts;medium_slow;61;45;attack:1;1:karate_chop|20:low_kick|25:leer|32:focus_energy|39:seismic_toss|46:submission;machoke@28;;0;;0;0;;50;no;
magikarp;Magikarp;water;20;10;55;15;20;80;swift_swim;slow;40;45;speed:1;1:splash|15:tackle;gyarados@20;;0;;0;0;;50;no;
magmar;Magmar;fire;65;95;57;100;85;93;flame_body;medium_fast;173;45;sp_attack:2;1:ember|36:leer|39:confuse_ray|43:fire_punch|48:smokescreen|52:smog|55:flamethrower;;;0;;0;0;;50;no;
magnemite;Magnemite;electric|steel;25;35;70;95;55;45;magnet_pull;medium_fast;65;45;sp_attack:1;1:tackle|21:sonic_boom|25:thunder_shock|29:supersonic|35:thunder_wave|41:swift|47:screech;magneton@30;;0;;0;0;;50;no;
magneton;Magneton;electric|steel;50;60;95;120;70;70;magnet_pull;medium_fast;163;45;sp_attack:2;1:tackle|1:sonic_boom|1:thunder_shock|29:supersonic|38:thunder_wave|46:swift|54:screech;;;0;;0;0;;50;no;
mankey;Mankey;fighting;40;80;35;35;45;70;vital_spirit;medium_fast;61;45;attack:1;1:scratch|1:leer|15:karate_chop|21:fury_swipes|27:focus_energy|33:seismic_toss|39:thrash;primeape@28;;0;;0;0;;50;no;
marowak;Marowak;ground;60;80;110;50;80;45;rock_head;medium_fast;149;45;defense:2;1:bone_club|1:growl|1:leer|1:focus_energy|41:thrash|48:bonemerang|55:rage;;;0;;0;0;;50;no;
meowth;Meowth;normal;40;45;35;40;40;90;pickup;medium_fast;58;45;speed:1;1:scratch|1:growl|12:bite|17:pay_day|24:screech|33:fury_swipes|44:slash;persian@28;;0;;0;0;;50;no;
metapod;Metapod;bug;50;20;55;25;25;30;shed_skin;medium_fast;72;45;defense:2;1:harden;butterfree@10;;0;;0;0;;50;no;
mew;Mew;psychic;100;100;100;100;100;100;synchronize;medium_slow;270;45;hp:3;1:pound|10:transform|20:mega_punch|30:metronome|40:psychic;;;0;;0;0;;50;no;
mewtwo;Mewtwo;psychic;106;110;90;154;90;130;pressure;slow;306;3;sp_attack:3;1:confusion|1:disable|1:swift|1:psychic|63:barrier|70:recover|75:mist|81:amnesia;;;0;;0;0;;50;no;
moltres;Moltres;fire|flying;90;100;90;125;85;90;pressure;slow;261;45;sp_attack:3;1:peck|1:fire_spin|51:leer|55:agility|60:sky_attack;;;0;;0;0;;50;no;
mr_mime;Mr. Mime;psychic|fairy;40;45;65;100;120;90;soundproof;medium_fast;161;45;sp_defense:2;1:confusion|1:barrier|23:light_screen|31:double_slap|39:meditate|47:substitute;;;0;;0;0;;50;no;
muk;Muk;poison;105;105;75;65;100;50;stench;medium_fast;175;45;hp:1|attack:1;1:pound|1:disable|1:poison_gas|33:minimize|37:sludge|45:harden|53:screech|60:acid_armor;;;0;;0;0;;50;no;
nidoking;Nidoking;poison|ground;81;102;77;85;75;85;poison_point;medium_slow;227;45;attack:3;1:tackle|1:horn_attack|1:poison_sting|1:thrash;;;0;;0;0;;50;no;
nidoqueen;Nidoqueen;poison|ground;90;92;87;75;85;76;poison_point;medium_slow;227;45;hp:3;1:tackle|1:scratch|1:tail_whip|1:body_slam|14:poison_sting;;;0;;0;0;;50;no;
nidoran_f;Nidoran♀;poison;55;47;52;40;40;41;poison_point;medium_slow;55;45;hp:1;1:growl|1:tackle|8:scratch|14:poison_sting|21:tail_whip|29:bite|36:fury_swipes|43:double_kick;nidorina@16;;0;;0;0;;50;no;
nidoran_m;Nidoran♂;poison;46;57;40;40;40;50;poison_point;medium_slow;55;45;attack:1;1:leer|1:tackle|8:horn_attack|14:poison_sting|21:focus_energy|29:fury_attack|36:horn_drill|43:double_kick;nidorino@16;;0;;0;0;;50;no;
nidorina;Nidorina;poison;70;62;67;55;55;56;poison_point;medium_slow;128;45;hp:2;1:growl|1:tackle|1:scratch|14:poison_sting|23:tail_whip|32:bite|41:fury_swipes|50:double_kick;nidoqueen@objeto:moon_stone;;0;;0;0;;50;no;
nidorino;Nidorino;poison;61;72;57;55;55;65;poison_point;medium_slow;128;45;attack:2;1:leer|1:tackle|1:horn_attack|14:poison_sting|23:focus_energy|32:fury_attack|41:horn_drill|50:double_kick;nidoking@objeto:moon_stone;;0;;0;0;;50;no;
ninetales;Ninetales;fire;73;76;75;81;100;100;flash_fire;medium_fast;177;45;sp_defense:1|speed:1;1:ember|1:tail_whip|1:quick_attack|1:roar;;;0;;0;0;;50;no;
oddish;Oddish;grass|poison;45;50;55;75;65;30;chlorophyll;medium_slow;64;45;sp_attack:1;1:absorb|15:poison_powder|17:stun_spore|19:sleep_powder|24:acid|33:petal_dance|46:solar_beam;gloom@21;;0;;0;0;;50;no;
omanyte;Omanyte;rock|water;35;40;100;90;55;35;swift_swim;medium_fast;71;45;defense:1;1:water_gun|1:withdraw|34:horn_attack|39:leer|46:spike_cannon|53:hydro_pump;omastar@40;;0;;0;0;;50;no;
omastar;Omastar;rock|water;70;60;125;115;70;55;swift_swim;medium_fast;173;45;defense:2;1:water_gun|1:withdraw|1:horn_attack|39:leer|44:spike_cannon|49:hydro_pump;;;0;;0;0;;50;no;
onix;Onix;rock|ground;35;45;160;30;45;70;rock_head;medium_fast;77;45;defense:1;1:tackle|1:screech|15:bind|19:rock_throw|25:rage|33:slam|43:harden;;;0;;0;0;;50;no;
paras;Paras;bug|grass;35;70;55;45;55;25;effect_spore;medium_fast;57;45;attack:1;1:scratch|13:stun_spore|20:leech_life|27:spore|34:slash|41:growth;parasect@24;;0;;0;0;;50;no;
parasect;Parasect;bug|grass;60;95;80;60;80;30;effect_spore;medium_fast;142;45;attack:2|defense:1;1:scratch|1:stun_spore|1:leech_life|30:spore|39:slash|48:growth;;;0;;0;0;;50;no;
persian;Persian;normal;65;70;60;65;65;115;limber;medium_fast;154;45;speed:2;1:scratch|1:growl|1:bite|1:screech|17:pay_day|37:fury_swipes|51:slash;;;0;;0;0;;50;no;
pidgeot;Pidgeot;normal|flying;83;80;75;70;70;101;keen_eye;medium_slow;216;45;speed:3;1:gust|1:sand_attack|1:quick_attack|21:whirlwind|31:wing_attack|44:agility|54:mirror_move;;;0;;0;0;;50;no;
pidgeotto;Pidgeotto;normal|flying;63;60;55;50;50;71;keen_eye;medium_slow;122;45;speed:2;1:gust|1:sand_attack|12:quick_attack|21:whirlwind|31:wing_attack|40:agility|49:mirror_move;pidgeot@36;;0;;0;0;;50;no;
pidgey;Pidgey;normal|flying;40;45;40;35;35;56;keen_eye;medium_slow;50;45;speed:1;1:gust|5:sand_attack|12:quick_attack|19:whirlwind|28:wing_attack|36:agility|44:mirror_move;pidgeotto@18;;0;;0;0;;50;no;
pikachu;Pikachu;electric;35;55;40;50;50;90;static;medium_fast;112;45;speed:2;1:thunder_shock|1:growl|9:thunder_wave|16:quick_attack|26:swift|33:agility|43:thunder;raichu@objeto:thunder_stone;;0;;0;0;;50;no;
pinsir;Pinsir;bug;65;125;100;55;70;85;hyper_cutter;slow;175;45;attack:2;1:vice_grip|25:seismic_toss|30:guillotine|36:focus_energy|43:harden|49:slash|54:swords_dance;;;0;;0;0;;50;no;
poliwag;Poliwag;water;40;50;40;40;40;90;water_absorb;medium_slow;60;45;speed:1;1:bubble|16:hypnosis|19:water_gun|25:double_slap|31:body_slam|38:amnesia|45:hydro_pump;poliwhirl@25;;0;;0;0;;50;no;
poliwhirl;Poliwhirl;water;65;65;65;50;50;90;water_absorb;medium_slow;135;45;speed:2;1:bubble|1:hypnosis|1:water_gun|26:double_slap|33:body_slam|41:amnesia|49:hydro_pump;poliwrath@objeto:water_stone;;0;;0;0;;50;no;
poliwrath;Poliwrath;water|fighting;90;95;95;70;90;70;water_absorb;medium_slow;230;45;defense:3;1:hypnosis|1:water_gun|1:double_slap|1:body_slam;;;0;;0;0;;50;no;
ponyta;Ponyta;fire;50;85;55;65;65;90;run_away;medium_fast;82;45;speed:1;1:ember|30:tail_whip|32:stomp|35:growl|39:fire_spin|43:take_down|48:agility;rapidash@40;;0;;0;0;;50;no;
porygon;Porygon;normal;65;60;70;85;75;40;trace;medium_fast;79;45;sp_attack:1;1:tackle|1:sharpen|1:conversion|23:psybeam|28:recover|35:agility|42:tri_attack;;;0;;0;0;;50;no;
primeape;Primeape;fighting;65;105;60;60;70;95;vital_spirit;medium_fast;159;45;attack:2;1:scratch|1:leer|1:karate_chop|1:fury_swipes|27:focus_energy|37:seismic_toss|46:thrash;;;0;;0;0;;50;no;
psyduck;Psyduck;water;50;52;48;65;50;55;damp;medium_fast;64;190;sp_attack:1;1:scratch|28:tail_whip|31:disable|36:confusion|43:fury_swipes|52:hydro_pump;golduck@33;;0;;0;0;;50;no;
raichu;Raichu;electric;60;90;55;90;80;110;static;medium_fast;218;45;speed:3;1:thunder_shock|1:growl|1:thunder_wave;;;0;;0;0;;50;no;
rapidash;Rapidash;fire;65;100;70;80;80;105;run_away;medium_fast;175;45;speed:2;1:ember|1:tail_whip|1:stomp|1:growl|39:fire_spin|47:take_down|55:agility;;;0;;0;0;;50;no;
raticate;Raticate;normal;55;81;60;50;70;97;run_away;medium_fast;145;45;speed:2;1:tackle|1:tail_whip|1:quick_attack|14:hyper_fang|27:focus_energy|41:super_fang;;;0;;0;0;;50;no;
rattata;Rattata;normal;30;56;35;25;35;72;run_away;medium_fast;51;45;speed:1;1:tackle|1:tail_whip|7:quick_attack|14:hyper_fang|23:focus_energy|34:super_fang;raticate@20;;0;;0;0;;50;no;
rhydon;Rhydon;ground|rock;105;130;120;45;45;40;lightning_rod;slow;170;45;attack:2;1:horn_attack|1:stomp|1:tail_whip|1:fury_attack|48:horn_drill|55:leer|64:take_down;;;0;;0;0;;50;no;
rhyhorn;Rhyhorn;ground|rock;80;85;95;30;30;25;lightning_rod;slow;69;45;defense:1;1:horn_attack|30:stomp|35:tail_whip|40:fury_attack|45:horn_drill|50:leer|55:take_down;rhydon@42;;0;;0;0;;50;no;
sandshrew;Sandshrew;ground;50;75;85;20;30;40;sand_veil;medium_fast;60;45;defense:1;1:scratch|10:sand_attack|17:slash|24:poison_sting|31:swift|38:fury_swipes;sandslash@22;;0;;0;0;;50;no;
sandslash;Sandslash;ground;75;100;110;45;55;65;sand_veil;medium_fast;158;45;defense:2;1:scratch|1:sand_attack|17:slash|27:poison_sting|36:swift|47:fury_swipes;;;0;;0;0;;50;no;
scyther;Scyther;bug|flying;70;110;80;55;80;105;swarm;medium_fast;100;45;attack:1;1:quick_attack|17:leer|20:focus_energy|24:double_team|29:slash|35:swords_dance|42:agility;;;0;;0;0;;50;no;
seadra;Seadra;water;55;65;95;95;45;85;poison_point;medium_fast;154;45;defense:1|sp_attack:1;1:bubble|1:smokescreen|24:leer|30:water_gun|41:agility|52:hydro_pump;;;0;;0;0;;50;no;
seaking;Seaking;water;80;92;65;65;80;68;swift_swim;medium_fast;158;45;attack:2;1:peck|1:tail_whip|1:supersonic|24:horn_attack|30:fury_attack|39:waterfall|48:horn_drill|54:agility;;;0;;0;0;;50;no;
seel;Seel;water;65;45;55;45;70;45;thick_fat;medium_fast;65;45;sp_defense:1;1:headbutt|30:growl|35:aurora_beam|40:rest|45:take_down|50:ice_beam;dewgong@34;;0;;0;0;;50;no;
shellder;Shellder;water;30;65;100;45;25;40;shell_armor;slow;61;45;defense:1;1:tackle|1:withdraw|18:supersonic|23:clamp|30:aurora_beam|39:leer|50:ice_beam;cloyster@objeto:water_stone;;0;;0;0;;50;no;
slowbro;Slowbro;water|psychic;95;75;110;100;80;30;oblivious;medium_fast;172;75;defense:2;1:confusion|1:disable|1:headbutt|27:growl|33:water_gun|37:withdraw|44:amnesia|55:psychic;;;0;;0;0;;50;no;
slowpoke;Slowpoke;water|psychic;90;65;65;40;40;15;oblivious;medium_fast;63;190;hp:1;1:confusion|18:disable|22:headbutt|27:growl|33:water_gun|40:amnesia|48:psychic;slowbro@37;;0;;0;0;;50;no;
snorlax;Snorlax;normal;160;110;65;65;110;30;immunity;slow;189;45;hp:2;1:headbutt|1:amnesia|1:rest|35:body_slam|41:harden|48:double_edge|56:hyper_beam;;;0;;0;0;;50;no;
spearow;Spearow;normal|flying;40;60;30;31;31;70;keen_eye;medium_fast;52;45;speed:1;1:peck|1:growl|9:leer|15:fury_attack|22:mirror_move|29:drill_peck|36:agility;fearow@20;;0;;0;0;;50;no;
squirtle;Squirtle;water;44;48;65;50;64;43;torrent;medium_slow;63;45;defense:1;1:tackle|1:tail_whip|8:bubble|15:water_gun|22:bite|28:withdraw|35:skull_bash|42:hydro_pump;wartortle@16;;0;;0;0;;50;no;
starmie;Starmie;water|psychic;60;75;85;100;85;115;illuminate;slow;182;45;speed:2;1:tackle|1:water_gun|1:harden;;;0;;0;0;;50;no;
staryu;Staryu;water;30;45;55;70;55;85;illuminate;slow;68;45;speed:1;1:tackle|17:water_gun|22:harden|27:recover|32:swift|37:minimize|42:light_screen|47:hydro_pump;starmie@objeto:water_stone;;0;;0;0;;50;no;
tangela;Tangela;grass;65;55;115;100;40;60;chlorophyll;medium_fast;87;45;defense:1;1:constrict|1:bind|29:absorb|32:poison_powder|36:stun_spore|39:sleep_powder|45:slam|49:growth;;;0;;0;0;;50;no;
tauros;Tauros;normal;75;100;95;40;70;110;intimidate;slow;172;45;attack:1|speed:1;1:tackle|21:stomp|28:tail_whip|35:leer|44:rage|51:take_down;;;0;;0;0;;50;no;
tentacool;Tentacool;water|poison;40;40;35;50;100;70;clear_body;slow;67;45;sp_defense:1;1:acid|7:supersonic|13:wrap|18:poison_sting|22:water_gun|27:constrict|33:barrier|40:screech|48:hydro_pump;tentacruel@30;;0;;0;0;;50;no;
tentacruel;Tentacruel;water|poison;80;70;65;80;120;100;clear_body;slow;180;45;sp_defense:2;1:acid|1:supersonic|1:wrap|18:poison_sting|22:water_gun|27:constrict|35:barrier|43:screech|50:hydro_pump;;;0;;0;0;;50;no;
vaporeon;Vaporeon;water;130;65;60;110;95;65;water_absorb;medium_fast;184;45;hp:2;1:tackle|1:sand_attack|1:quick_attack|1:water_gun|37:tail_whip|40:bite|42:acid_armor|44:haze|48:mist|54:hydro_pump;;;0;;0;0;;50;no;
venomoth;Venomoth;bug|poison;70;65;60;90;75;90;shield_dust;medium_fast;158;45;sp_attack:1|speed:1;1:tackle|1:disable|1:poison_powder|1:leech_life|30:stun_spore|38:psybeam|43:sleep_powder|50:psychic;;;0;;0;0;;50;no;
venonat;Venonat;bug|poison;60;55;50;40;55;45;compound_eyes;medium_fast;61;45;sp_defense:1;1:tackle|1:disable|24:poison_powder|27:leech_life|30:stun_spore|35:psybeam|38:sleep_powder|43:psychic;venomoth@31;;0;;0;0;;50;no;
venusaur;Venusaur;grass|poison;80;82;83;100;100;80;overgrow;medium_slow;236;45;sp_attack:2|sp_defense:1;1:tackle|1:growl|1:leech_seed|1:vine_whip|22:poison_powder|30:razor_leaf|43:growth|55:sleep_powder|65:solar_beam;;;0;;0;0;;50;no;
victreebel;Victreebel;grass|poison;80;105;65;100;70;70;chlorophyll;medium_slow;221;45;attack:3;1:sleep_powder|1:stun_spore|1:acid|1:razor_leaf|13:wrap|15:poison_powder;;;0;;0;0;;50;no;
vileplume;Vileplume;grass|poison;75;80;85;110;90;50;chlorophyll;medium_slow;221;45;sp_attack:3;1:stun_spore|1:sleep_powder|1:acid|1:petal_dance|15:poison_powder;;;0;;0;0;;50;no;
voltorb;Voltorb;electric;40;30;50;55;55;100;soundproof;medium_fast;66;45;speed:1;1:tackle|1:screech|17:sonic_boom|22:self_destruct|29:light_screen|36:swift|43:explosion;electrode@30;;0;;0;0;;50;no;
vulpix;Vulpix;fire;38;41;40;50;65;65;flash_fire;medium_fast;60;45;speed:1;1:ember|1:tail_whip|16:quick_attack|21:roar|28:confuse_ray|35:flamethrower|42:fire_spin;ninetales@objeto:fire_stone;;0;;0;0;;50;no;
wartortle;Wartortle;water;59;63;80;65;80;58;torrent;medium_slow;142;45;defense:1|sp_defense:1;1:tackle|1:tail_whip|1:bubble|15:water_gun|24:bite|31:withdraw|39:skull_bash|47:hydro_pump;blastoise@36;;0;;0;0;;50;no;
weedle;Weedle;bug|poison;40;35;30;20;20;50;shield_dust;medium_fast;39;45;speed:1;1:poison_sting|1:string_shot;kakuna@7;;0;;0;0;;50;no;
weepinbell;Weepinbell;grass|poison;65;90;50;85;45;55;chlorophyll;medium_slow;137;45;attack:2;1:vine_whip|1:growth|1:wrap|15:poison_powder|18:sleep_powder|23:stun_spore|29:acid|38:razor_leaf|49:slam;victreebel@objeto:leaf_stone;;0;;0;0;;50;no;
weezing;Weezing;poison;65;90;120;85;70;60;levitate;medium_fast;172;45;defense:2;1:tackle|1:smog|1:sludge|39:smokescreen|43:self_destruct|49:haze|53:explosion;;;0;;0;0;;50;no;
wigglytuff;Wigglytuff;normal|fairy;140;70;45;85;50;45;cute_charm;fast;196;45;hp:3;1:sing|1:disable|1:defense_curl|1:double_slap;;;0;;0;0;;50;no;
zapdos;Zapdos;electric|flying;90;90;85;125;90;100;pressure;slow;261;45;sp_attack:3;1:thunder_shock|1:drill_peck|51:thunder|55:agility|60:light_screen;;;0;;0;0;;50;no;
zubat;Zubat;poison|flying;40;45;35;30;40;55;inner_focus;medium_fast;49;45;speed:1;1:leech_life|10:supersonic|15:bite|21:confuse_ray|28:wing_attack|36:haze;golbat@22;;0;;0;0;;50;no;
