id;nombre;tipo;categoria;potencia;precision;pp;prioridad;objetivo;golpes;critico;dos_turnos;contacto;daño_especial;respeta_inmunidad;potencia_mod;formula_potencia;requisitos;etiquetas;efectos;tipo_clima;animacion
pound;Destructor;normal;fisico;40;100;35;0;rival;1;0;no;si;;no;;;;;;;
karate_chop;Golpe Kárate;fighting;fisico;50;100;25;0;rival;1;1;no;si;;no;;;;;;;
double_slap;Doble Bofetón;normal;fisico;15;85;10;0;rival;2-5;0;no;si;;no;;;;;;;
comet_punch;Puño Cometa;normal;fisico;18;85;15;0;rival;2-5;0;no;si;;no;;;;puño;;;
mega_punch;Megapuño;normal;fisico;80;85;20;0;rival;1;0;no;si;;no;;;;puño;;;
pay_day;Día de Pago;normal;fisico;40;100;20;0;rival;1;0;no;no;;no;;;;;;;
fire_punch;Puño Fuego;fire;fisico;75;100;15;0;rival;1;0;no;si;;no;;;;puño;estado:burn@10;;
ice_punch;Puño Hielo;ice;fisico;75;100;15;0;rival;1;0;no;si;;no;;;;puño;estado:freeze@10;;
thunder_punch;Puño Trueno;electric;fisico;75;100;15;0;rival;1;0;no;si;;no;;;;puño;estado:paralysis@10;;
scratch;Arañazo;normal;fisico;40;100;35;0;rival;1;0;no;si;;no;;;;;;;
vice_grip;Agarre;normal;fisico;55;100;30;0;rival;1;0;no;si;;no;;;;;;;
guillotine;Guillotina;normal;fisico;0;30;5;0;rival;1;0;no;si;ko;no;;;;;;;
razor_wind;Viento Cortante;normal;especial;80;100;10;0;rivales;1;1;carga;no;;no;;;;corte;;;
swords_dance;Danza Espada;normal;estado;0;nunca;20;0;propio;1;0;no;no;;no;;;;;stat_propio:attack:+2;;
cut;Corte;normal;fisico;50;95;30;0;rival;1;0;no;si;;no;;;;corte;;;
gust;Tornado;flying;especial;40;100;35;0;rival;1;0;no;no;;no;;;;;;;
wing_attack;Ataque Ala;flying;fisico;60;100;35;0;rival;1;0;no;si;;no;;;;;;;
whirlwind;Remolino;normal;estado;0;nunca;20;-6;rival;1;0;no;no;;no;;;;;forzar_cambio;;
fly;Vuelo;flying;fisico;90;95;15;0;rival;1;0;carga;si;;no;;;;semiinvulnerable;;;
bind;Atadura;normal;fisico;15;85;20;0;rival;1;0;no;si;;no;;;;;estado:trapped;;
slam;Atizar;normal;fisico;80;75;20;0;rival;1;0;no;si;;no;;;;;;;
vine_whip;Látigo Cepa;grass;fisico;45;100;25;0;rival;1;0;no;si;;no;;;;;;;
stomp;Pisotón;normal;fisico;65;100;20;0;rival;1;0;no;si;;no;;;;;amedrentar@30;;
double_kick;Doble Patada;fighting;fisico;30;100;30;0;rival;2;0;no;si;;no;;;;;;;
mega_kick;Megapatada;normal;fisico;120;75;5;0;rival;1;0;no;si;;no;;;;;;;
jump_kick;Patada Salto;fighting;fisico;100;95;10;0;rival;1;0;no;si;;no;;;;retroceso;;;
rolling_kick;Patada Giro;fighting;fisico;60;85;15;0;rival;1;0;no;si;;no;;;;;amedrentar@30;;
sand_attack;Ataque Arena;ground;estado;0;100;15;0;rival;1;0;no;no;;no;;;;;stat:accuracy:-1;;
headbutt;Golpe Cabeza;normal;fisico;70;100;15;0;rival;1;0;no;si;;no;;;;;amedrentar@30;;
horn_attack;Cornada;normal;fisico;65;100;25;0;rival;1;0;no;si;;no;;;;;;;
fury_attack;Ataque Furia;normal;fisico;15;85;20;0;rival;2-5;0;no;si;;no;;;;;;;
horn_drill;Perforador;normal;fisico;0;30;5;0;rival;1;0;no;si;ko;no;;;;;;;
tackle;Placaje;normal;fisico;40;100;35;0;rival;1;0;no;si;;no;;;;;;;
body_slam;Golpe Cuerpo;normal;fisico;85;100;15;0;rival;1;0;no;si;;no;;;;;estado:paralysis@30;;
wrap;Constricción;normal;fisico;15;90;20;0;rival;1;0;no;si;;no;;;;;estado:trapped;;
take_down;Derribo;normal;fisico;90;85;20;0;rival;1;0;no;si;;no;;;;retroceso;retroceso:25;;
thrash;Saña;normal;fisico;120;100;10;0;rival;1;0;no;si;;no;;;;;desenfreno:3:confusion;;
double_edge;Doble Filo;normal;fisico;120;100;15;0;rival;1;0;no;si;;no;;;;retroceso;retroceso:33;;
tail_whip;Agitacola;normal;estado;0;100;30;0;rivales;1;0;no;no;;no;;;;;stat:defense:-1;;
poison_sting;Picotazo Veneno;poison;fisico;15;100;35;0;rival;1;0;no;no;;no;;;;;estado:poison@30;;
twineedle;Doble Ataque;bug;fisico;25;100;20;0;rival;2;0;no;no;;no;;;;;estado:poison@20;;
pin_missile;Pin Misil;bug;fisico;25;95;20;0;rival;2-5;0;no;no;;no;;;;;;;
leer;Malicioso;normal;estado;0;100;30;0;rivales;1;0;no;no;;no;;;;;stat:defense:-1;;
bite;Mordisco;dark;fisico;60;100;25;0;rival;1;0;no;si;;no;;;;mordisco;amedrentar@30;;
growl;Gruñido;normal;estado;0;100;40;0;rivales;1;0;no;no;;no;;;;sonido;stat:attack:-1;;
roar;Rugido;normal;estado;0;nunca;20;-6;rival;1;0;no;no;;no;;;;sonido;forzar_cambio;;
sing;Canto;normal;estado;0;55;15;0;rival;1;0;no;no;;no;;;;sonido;estado:sleep;;
supersonic;Supersónico;normal;estado;0;55;20;0;rival;1;0;no;no;;no;;;;sonido;estado:confusion;;
sonic_boom;Bomba Sónica;normal;especial;0;90;20;0;rival;1;0;no;no;fijo:20;no;;;;;;;
disable;Anulación;normal;estado;0;100;20;0;rival;1;0;no;no;;no;;;;;anular:4;;
acid;Ácido;poison;especial;40;100;30;0;rivales;1;0;no;no;;no;;;;;stat:sp_defense:-1@10;;
ember;Ascuas;fire;especial;40;100;25;0;rival;1;0;no;no;;no;;;;;estado:burn@10;;
flamethrower;Lanzallamas;fire;especial;90;100;15;0;rival;1;0;no;no;;no;;;;;estado:burn@10;;
mist;Neblina;ice;estado;0;nunca;30;0;propio;1;0;no;no;;no;;;;;lado:mist;;
water_gun;Pistola Agua;water;especial;40;100;25;0;rival;1;0;no;no;;no;;;;;;;
hydro_pump;Hidrobomba;water;especial;110;80;5;0;rival;1;0;no;no;;no;;;;;;;
surf;Surf;water;especial;90;100;15;0;todos;1;0;no;no;;no;;;;;;;
ice_beam;Rayo Hielo;ice;especial;90;100;10;0;rival;1;0;no;no;;no;;;;;estado:freeze@10;;
blizzard;Ventisca;ice;especial;110;70;5;0;rivales;1;0;no;no;;no;;;;;estado:freeze@10;;
psybeam;Psicorrayo;psychic;especial;65;100;20;0;rival;1;0;no;no;;no;;;;;estado:confusion@10;;
bubble_beam;Rayo Burbuja;water;especial;65;100;20;0;rival;1;0;no;no;;no;;;;;stat:speed:-1@10;;
aurora_beam;Rayo Aurora;ice;especial;65;100;20;0;rival;1;0;no;no;;no;;;;;stat:attack:-1@10;;
hyper_beam;Hiperrayo;normal;especial;150;90;5;0;rival;1;0;recarga;no;;no;;;;;;;
peck;Picotazo;flying;fisico;35;100;35;0;rival;1;0;no;si;;no;;;;;;;
drill_peck;Pico Taladro;flying;fisico;80;100;20;0;rival;1;0;no;si;;no;;;;;;;
submission;Sumisión;fighting;fisico;80;80;20;0;rival;1;0;no;si;;no;;;;retroceso;retroceso:25;;
low_kick;Patada Baja;fighting;fisico;1;100;20;0;rival;1;0;no;si;;no;;20+20*paso(peso_rival,10)+20*paso(peso_rival,25)+20*paso(peso_rival,50)+20*paso(peso_rival,100)+20*paso(peso_rival,200);;;;;
counter;Contraataque;fighting;fisico;0;100;20;-5;rival;1;0;no;si;devolver_fisico;no;;;;no_metronomo;;;
seismic_toss;Sísmico;fighting;fisico;0;100;20;0;rival;1;0;no;si;nivel;no;;;;;;;
strength;Fuerza;normal;fisico;80;100;15;0;rival;1;0;no;si;;no;;;;;;;
absorb;Absorber;grass;especial;20;100;25;0;rival;1;0;no;no;;no;;;;;drenar:50;;
mega_drain;Megaagotar;grass;especial;40;100;15;0;rival;1;0;no;no;;no;;;;;drenar:50;;
leech_seed;Drenadoras;grass;estado;0;90;10;0;rival;1;0;no;no;;no;;;;;estado:leech_seed;;
growth;Desarrollo;normal;estado;0;nunca;20;0;propio;1;0;no;no;;no;;;;;stat_propio:attack:+1|stat_propio:sp_attack:+1;;
razor_leaf;Hoja Afilada;grass;fisico;55;95;25;0;rivales;1;1;no;no;;no;;;;corte;;;
solar_beam;Rayo Solar;grass;especial;120;100;10;0;rival;1;0;carga;no;;no;x0,5 [si clima=rain] | x0,5 [si clima=hail] | x0,5 [si clima=sandstorm];;;;;;
poison_powder;Polvo Veneno;poison;estado;0;75;35;0;rival;1;0;no;no;;no;;;;;estado:poison;;
stun_spore;Paralizador;grass;estado;0;75;30;0;rival;1;0;no;no;;no;;;;;estado:paralysis;;
sleep_powder;Somnífero;grass;estado;0;75;15;0;rival;1;0;no;no;;no;;;;;estado:sleep;;
petal_dance;Danza Pétalo;grass;especial;120;100;10;0;rival;1;0;no;si;;no;;;;;desenfreno:3:confusion;;
string_shot;Disparo Demora;bug;estado;0;95;40;0;rivales;1;0;no;no;;no;;;;;stat:speed:-2;;
dragon_rage;Furia Dragón;dragon;especial;0;100;10;0;rival;1;0;no;no;fijo:40;no;;;;;;;
fire_spin;Giro Fuego;fire;especial;35;85;15;0;rival;1;0;no;no;;no;;;;;estado:trapped;;
thunder_shock;Impactrueno;electric;especial;40;100;30;0;rival;1;0;no;no;;no;;;;;estado:paralysis@10;;
thunderbolt;Rayo;electric;especial;90;100;15;0;rival;1;0;no;no;;no;;;;;estado:paralysis@10;;
thunder_wave;Onda Trueno;electric;estado;0;90;20;0;rival;1;0;no;no;;si;;;;;estado:paralysis;;
thunder;Trueno;electric;especial;110;70;10;0;rival;1;0;no;no;;no;;;;;estado:paralysis@30;;
rock_throw;Lanzarrocas;rock;fisico;50;90;15;0;rival;1;0;no;no;;no;;;;;;;
earthquake;Terremoto;ground;fisico;100;100;10;0;todos;1;0;no;no;;no;;;;;;;
fissure;Fisura;ground;fisico;0;30;5;0;rival;1;0;no;no;ko;no;;;;;;;
dig;Excavar;ground;fisico;80;100;10;0;rival;1;0;carga;si;;no;;;;semiinvulnerable;;;
toxic;Tóxico;poison;estado;0;90;10;0;rival;1;0;no;no;;no;;;;;estado:toxic;;
confusion;Confusión;psychic;especial;50;100;25;0;rival;1;0;no;no;;no;;;;;estado:confusion@10;;
psychic;Psíquico;psychic;especial;90;100;10;0;rival;1;0;no;no;;no;;;;;stat:sp_defense:-1@10;;
hypnosis;Hipnosis;psychic;estado;0;60;20;0;rival;1;0;no;no;;no;;;;;estado:sleep;;
meditate;Meditación;psychic;estado;0;nunca;40;0;propio;1;0;no;no;;no;;;;;stat_propio:attack:+1;;
agility;Agilidad;psychic;estado;0;nunca;30;0;propio;1;0;no;no;;no;;;;;stat_propio:speed:+2;;
quick_attack;Ataque Rápido;normal;fisico;40;100;30;1;rival;1;0;no;si;;no;;;;;;;
rage;Furia;normal;fisico;20;100;20;0;rival;1;0;no;si;;no;;;;;furia;;
teleport;Teletransporte;psychic;estado;0;nunca;20;-6;propio;1;0;no;no;;no;;;;;teletransporte;;
night_shade;Tinieblas;ghost;especial;0;100;15;0;rival;1;0;no;no;nivel;no;;;;;;;
mimic;Mimético;normal;estado;0;nunca;10;0;rival;1;0;no;no;;no;;;;no_metronomo;mimetico;;
screech;Chirrido;normal;estado;0;85;40;0;rival;1;0;no;no;;no;;;;sonido;stat:defense:-2;;
double_team;Doble Equipo;normal;estado;0;nunca;15;0;propio;1;0;no;no;;no;;;;;stat_propio:evasion:+1;;
recover;Recuperación;normal;estado;0;nunca;5;0;propio;1;0;no;no;;no;;;;;curar:50;;
harden;Fortaleza;normal;estado;0;nunca;30;0;propio;1;0;no;no;;no;;;;;stat_propio:defense:+1;;
minimize;Reducción;normal;estado;0;nunca;10;0;propio;1;0;no;no;;no;;;;;stat_propio:evasion:+2;;
smokescreen;Pantalla de Humo;normal;estado;0;100;20;0;rival;1;0;no;no;;no;;;;;stat:accuracy:-1;;
confuse_ray;Rayo Confuso;ghost;estado;0;100;10;0;rival;1;0;no;no;;no;;;;;estado:confusion;;
withdraw;Refugio;water;estado;0;nunca;40;0;propio;1;0;no;no;;no;;;;;stat_propio:defense:+1;;
defense_curl;Rizo Defensa;normal;estado;0;nunca;40;0;propio;1;0;no;no;;no;;;;;stat_propio:defense:+1;;
barrier;Barrera;psychic;estado;0;nunca;20;0;propio;1;0;no;no;;no;;;;;stat_propio:defense:+2;;
light_screen;Pantalla de Luz;psychic;estado;0;nunca;30;0;propio;1;0;no;no;;no;;;;;lado:light_screen;;
haze;Niebla;ice;estado;0;nunca;30;0;todos;1;0;no;no;;no;;;;;reiniciar_etapas|reiniciar_etapas_rival;;
reflect;Reflejo;psychic;estado;0;nunca;20;0;propio;1;0;no;no;;no;;;;;lado:reflect;;
focus_energy;Foco Energía;normal;estado;0;nunca;30;0;propio;1;0;no;no;;no;;;;;foco;;
bide;Venganza;normal;fisico;0;nunca;10;1;propio;1;0;no;si;venganza;no;;;;;;;
metronome;Metrónomo;normal;estado;0;nunca;10;0;propio;1;0;no;no;;no;;;;no_metronomo;metronomo;;
mirror_move;Espejo;flying;estado;0;nunca;20;0;rival;1;0;no;no;;no;;;;;espejo;;
self_destruct;Autodestrucción;normal;fisico;200;100;5;0;todos;1;0;no;no;;no;;;;explosion;debilitarse;;
egg_bomb;Bomba Huevo;normal;fisico;100;75;10;0;rival;1;0;no;no;;no;;;;;;;
lick;Lengüetazo;ghost;fisico;30;100;30;0;rival;1;0;no;si;;no;;;;;estado:paralysis@30;;
smog;Polución;poison;especial;30;70;20;0;rival;1;0;no;no;;no;;;;;estado:poison@40;;
sludge;Residuos;poison;especial;65;100;20;0;rival;1;0;no;no;;no;;;;;estado:poison@30;;
bone_club;Hueso Palo;ground;fisico;65;85;20;0;rival;1;0;no;no;;no;;;;;amedrentar@10;;
fire_blast;Llamarada;fire;especial;110;85;5;0;rival;1;0;no;no;;no;;;;;estado:burn@10;;
waterfall;Cascada;water;fisico;80;100;15;0;rival;1;0;no;si;;no;;;;;amedrentar@20;;
clamp;Tenaza;water;fisico;35;85;15;0;rival;1;0;no;si;;no;;;;;estado:trapped;;
swift;Meteoros;normal;especial;60;nunca;20;0;rivales;1;0;no;no;;no;;;;;;;
skull_bash;Cabezazo;normal;fisico;130;100;10;0;rival;1;0;carga;si;;no;;;;;;;
spike_cannon;Clavo Cañón;normal;fisico;20;100;15;0;rival;2-5;0;no;no;;no;;;;;;;
constrict;Restricción;normal;fisico;10;100;35;0;rival;1;0;no;si;;no;;;;;stat:speed:-1@10;;
amnesia;Amnesia;psychic;estado;0;nunca;20;0;propio;1;0;no;no;;no;;;;;stat_propio:sp_defense:+2;;
kinesis;Kinético;psychic;estado;0;80;15;0;rival;1;0;no;no;;no;;;;;stat:accuracy:-1;;
soft_boiled;Ovocuración;normal;estado;0;nunca;5;0;propio;1;0;no;no;;no;;;;;curar:50;;
high_jump_kick;Patada Salto Alta;fighting;fisico;130;90;10;0;rival;1;0;no;si;;no;;;;retroceso;;;
glare;Deslumbrar;normal;estado;0;100;30;0;rival;1;0;no;no;;no;;;;;estado:paralysis;;
dream_eater;Comesueños;psychic;especial;100;100;15;0;rival;1;0;no;no;;no;;;rival.estado=sleep;;drenar:50;;
poison_gas;Gas Venenoso;poison;estado;0;90;40;0;rivales;1;0;no;no;;no;;;;;estado:poison;;
barrage;Bombardeo;normal;fisico;15;85;20;0;rival;2-5;0;no;no;;no;;;;;;;
leech_life;Chupavidas;bug;fisico;80;100;10;0;rival;1;0;no;si;;no;;;;;drenar:50;;
lovely_kiss;Beso Amoroso;normal;estado;0;75;10;0;rival;1;0;no;no;;no;;;;;estado:sleep;;
sky_attack;Ataque Aéreo;flying;fisico;140;90;5;0;rival;1;1;carga;no;;no;;;;;amedrentar@30;;
transform;Transformación;normal;estado;0;nunca;10;0;rival;1;0;no;no;;no;;;;no_metronomo;transformarse;;
bubble;Burbuja;water;especial;40;100;30;0;rivales;1;0;no;no;;no;;;;;stat:speed:-1@10;;
dizzy_punch;Puño Mareo;normal;fisico;70;100;10;0;rival;1;0;no;si;;no;;;;puño;estado:confusion@20;;
spore;Espora;grass;estado;0;100;15;0;rival;1;0;no;no;;no;;;;;estado:sleep;;
flash;Destello;normal;estado;0;100;20;0;rival;1;0;no;no;;no;;;;;stat:accuracy:-1;;
psywave;Psicoonda;psychic;especial;0;100;15;0;rival;1;0;no;no;nivel;no;;;;;;;
splash;Salpicadura;normal;estado;0;nunca;40;0;propio;1;0;no;no;;no;;;;;;;
acid_armor;Armadura Ácida;poison;estado;0;nunca;20;0;propio;1;0;no;no;;no;;;;;stat_propio:defense:+2;;
crabhammer;Martillazo;water;fisico;100;90;10;0;rival;1;1;no;si;;no;;;;;;;
explosion;Explosión;normal;fisico;250;100;5;0;todos;1;0;no;no;;no;;;;explosion;debilitarse;;
fury_swipes;Golpes Furia;normal;fisico;18;80;15;0;rival;2-5;0;no;si;;no;;;;;;;
bonemerang;Huesomerang;ground;fisico;50;90;10;0;rival;2;0;no;no;;no;;;;;;;
rest;Descanso;psychic;estado;0;nunca;5;0;propio;1;0;no;no;;no;;;;;curar_estado|curar:100|estado_propio:sleep;;
rock_slide;Avalancha;rock;fisico;75;90;10;0;rivales;1;0;no;no;;no;;;;;amedrentar@30;;
hyper_fang;Hipercolmillo;normal;fisico;80;90;15;0;rival;1;0;no;si;;no;;;;mordisco;amedrentar@10;;
sharpen;Afilar;normal;estado;0;nunca;30;0;propio;1;0;no;no;;no;;;;;stat_propio:attack:+1;;
conversion;Conversión;normal;estado;0;nunca;30;0;propio;1;0;no;no;;no;;;;;cambiar_tipo;;
tri_attack;Triataque;normal;especial;80;100;10;0;rival;1;0;no;no;;no;;;;;estado:burn@6,67|estado:paralysis@6,67|estado:freeze@6,67;;
super_fang;Superdiente;normal;fisico;0;90;10;0;rival;1;0;no;si;mitad;no;;;;;;;
slash;Cuchillada;normal;fisico;70;100;20;0;rival;1;1;no;si;;no;;;;corte;;;
substitute;Sustituto;normal;estado;0;nunca;10;0;propio;1;0;no;no;;no;;;;;sustituto;;
sketch;Esquema;normal;estado;0;nunca;1;0;rival;1;0;no;no;;no;;;;no_metronomo;mimetico;;
triple_kick;Triple Patada;fighting;fisico;10;90;10;0;rival;3;0;no;si;;no;;;;;;;
thief;Ladrón;dark;fisico;60;100;25;0;rival;1;0;no;si;;no;;;;no_metronomo;robar_objeto;;
spider_web;Telaraña;bug;estado;0;nunca;10;0;rival;1;0;no;no;;no;;;;;estado:cant_escape;;
mind_reader;Telépata;normal;estado;0;nunca;5;0;rival;1;0;no;no;;no;;;;;estado_propio:lock_on;;
nightmare;Pesadilla;ghost;estado;0;100;15;0;rival;1;0;no;no;;no;;;rival.estado=sleep;;estado:nightmare;;
flame_wheel;Rueda Fuego;fire;fisico;60;100;25;0;rival;1;0;no;si;;no;;;;;estado:burn@10;;
snore;Ronquido;normal;especial;50;100;15;0;rival;1;0;no;no;;no;;;propio.estado=sleep;sonido|dormido;amedrentar@30;;
curse;Maldición;ghost;estado;0;nunca;10;0;rival;1;0;no;no;;no;;;;;retroceso_ps:50 [si propio.tipo=ghost]|estado:curse [si propio.tipo=ghost]|stat_propio:attack:+1 [si !propio.tipo=ghost]|stat_propio:defense:+1 [si !propio.tipo=ghost]|stat_propio:speed:-1 [si !propio.tipo=ghost];;
flail;Azote;normal;fisico;1;100;15;0;rival;1;0;no;si;;no;;20+20*paso(-vida,-68.75)+40*paso(-vida,-35.42)+20*paso(-vida,-20.83)+50*paso(-vida,-10.42)+50*paso(-vida,-4.17);;;;;
conversion_2;Conversión 2;normal;estado;0;nunca;30;0;rival;1;0;no;no;;no;;;;;;;
aeroblast;Aerochorro;flying;especial;100;95;5;0;rival;1;1;no;no;;no;;;;;;;
cotton_spore;Esporagodón;grass;estado;0;100;40;0;rivales;1;0;no;no;;no;;;;;stat:speed:-2;;
reversal;Inversión;fighting;fisico;1;100;15;0;rival;1;0;no;si;;no;;20+20*paso(-vida,-68.75)+40*paso(-vida,-35.42)+20*paso(-vida,-20.83)+50*paso(-vida,-10.42)+50*paso(-vida,-4.17);;;;;
spite;Rencor;ghost;estado;0;100;10;0;rival;1;0;no;no;;no;;;;;;;
powder_snow;Nieve Polvo;ice;especial;40;100;25;0;rivales;1;0;no;no;;no;;;;;estado:freeze@10;;
protect;Protección;normal;estado;0;nunca;10;4;propio;1;0;no;no;;no;;;;no_metronomo;estado_propio:protect;;
mach_punch;Ultrapuño;fighting;fisico;40;100;30;1;rival;1;0;no;si;;no;;;;puño;;;
scary_face;Cara Susto;normal;estado;0;100;10;0;rival;1;0;no;no;;no;;;;;stat:speed:-2;;
feint_attack;Finta;dark;fisico;60;nunca;20;0;rival;1;0;no;si;;no;;;;;;;
sweet_kiss;Beso Dulce;fairy;estado;0;75;10;0;rival;1;0;no;no;;no;;;;;estado:confusion;;
belly_drum;Tambor;normal;estado;0;nunca;10;0;propio;1;0;no;no;;no;;;;;retroceso_ps:50|stat_propio:attack:+6;;
sludge_bomb;Bomba Lodo;poison;especial;90;100;10;0;rival;1;0;no;no;;no;;;;;estado:poison@30;;
mud_slap;Bofetón Lodo;ground;especial;20;100;10;0;rival;1;0;no;no;;no;;;;;stat:accuracy:-1;;
octazooka;Pulpocañón;water;especial;65;85;10;0;rival;1;0;no;no;;no;;;;;stat:accuracy:-1@50;;
spikes;Púas;ground;estado;0;nunca;20;0;rivales;1;0;no;no;;no;;;;;trampa:spikes;;
zap_cannon;Electrocañón;electric;especial;120;50;5;0;rival;1;0;no;no;;no;;;;;estado:paralysis;;
foresight;Profecía;normal;estado;0;nunca;40;0;rival;1;0;no;no;;no;;;;;estado:identified;;
destiny_bond;Mismo Destino;ghost;estado;0;nunca;5;0;propio;1;0;no;no;;no;;;;no_metronomo;estado_propio:destiny_bond;;
perish_song;Canto Mortal;normal;estado;0;nunca;5;0;todos;1;0;no;no;;no;;;;sonido;estado:perish_song|estado_propio:perish_song;;
icy_wind;Viento Hielo;ice;especial;55;95;15;0;rivales;1;0;no;no;;no;;;;;stat:speed:-1;;
detect;Detección;fighting;estado;0;nunca;5;4;propio;1;0;no;no;;no;;;;no_metronomo;estado_propio:protect;;
bone_rush;Ataque Óseo;ground;fisico;25;90;10;0;rival;2-5;0;no;no;;no;;;;;;;
lock_on;Fijar Blanco;normal;estado;0;nunca;5;0;rival;1;0;no;no;;no;;;;;estado_propio:lock_on;;
outrage;Enfado;dragon;fisico;120;100;10;0;rival;1;0;no;si;;no;;;;;desenfreno:3:confusion;;
sandstorm;Tormenta de Arena;rock;estado;0;nunca;10;0;todos;1;0;no;no;;no;;;;;clima:sandstorm;;
giga_drain;Gigadrenado;grass;especial;75;100;10;0;rival;1;0;no;no;;no;;;;;drenar:50;;
endure;Aguante;normal;estado;0;nunca;10;4;propio;1;0;no;no;;no;;;;no_metronomo;estado_propio:endure;;
charm;Encanto;fairy;estado;0;100;20;0;rival;1;0;no;no;;no;;;;;stat:attack:-2;;
rollout;Rodar;rock;fisico;30;90;20;0;rival;1;0;no;si;;no;;30*pow(2,min(seguidos,4));;;;;
false_swipe;Falso Tortazo;normal;fisico;40;100;40;0;rival;1;0;no;si;;no;;;;;;;
swagger;Fanfarronear;normal;estado;0;85;15;0;rival;1;0;no;no;;no;;;;;estado:confusion|stat:attack:+2;;
milk_drink;Batido;normal;estado;0;nunca;5;0;propio;1;0;no;no;;no;;;;;curar:50;;
spark;Chispa;electric;fisico;65;100;20;0;rival;1;0;no;si;;no;;;;;estado:paralysis@30;;
fury_cutter;Corte Furia;bug;fisico;40;95;20;0;rival;1;0;no;si;;no;;10*pow(2,min(seguidos,4));;corte;;;
steel_wing;Ala de Acero;steel;fisico;70;90;25;0;rival;1;0;no;si;;no;;;;;stat_propio:defense:+1@10;;
mean_look;Mal de Ojo;normal;estado;0;nunca;5;0;rival;1;0;no;no;;no;;;;;estado:cant_escape;;
attract;Atracción;normal;estado;0;100;15;0;rival;1;0;no;no;;no;;;;;estado:infatuation;;
sleep_talk;Sonámbulo;normal;estado;0;nunca;10;0;propio;1;0;no;no;;no;;;propio.estado=sleep;dormido|no_sonambulo|no_metronomo;sonambulo;;
heal_bell;Cascabel Cura;normal;estado;0;nunca;5;0;todos;1;0;no;no;;no;;;;sonido;curar_equipo;;
return;Retribución;normal;fisico;1;100;20;0;rival;1;0;no;si;;no;;amistad*10/25;;;;;
present;Presente;normal;fisico;40;90;15;0;rival;1;0;no;no;;no;;;;;;;
frustration;Frustración;normal;fisico;1;100;20;0;rival;1;0;no;si;;no;;(255-amistad)*10/25;;;;;
safeguard;Velo Sagrado;normal;estado;0;nunca;25;0;propio;1;0;no;no;;no;;;;;lado:safeguard;;
pain_split;Divide Dolor;normal;estado;0;nunca;20;0;rival;1;0;no;no;;no;;;;;dividir_dolor;;
sacred_fire;Fuego Sagrado;fire;fisico;100;95;5;0;rival;1;0;no;no;;no;;;;;estado:burn@50;;
magnitude;Magnitud;ground;fisico;1;100;30;0;todos;1;0;no;no;;no;;10+20*paso(azar,5)+20*paso(azar,15)+20*paso(azar,35)+20*paso(azar,65)+20*paso(azar,85)+40*paso(azar,95);;;;;
dynamic_punch;Puño Dinámico;fighting;fisico;100;50;5;0;rival;1;0;no;si;;no;;;;puño;estado:confusion;;
megahorn;Megacuerno;bug;fisico;120;85;10;0;rival;1;0;no;si;;no;;;;;;;
dragon_breath;Dragoaliento;dragon;especial;60;100;20;0;rival;1;0;no;no;;no;;;;;estado:paralysis@30;;
baton_pass;Relevo;normal;estado;0;nunca;40;0;propio;1;0;no;no;;no;;;;;relevo;;
encore;Otra Vez;normal;estado;0;100;5;0;rival;1;0;no;no;;no;;;;;otra_vez:3;;
pursuit;Persecución;dark;fisico;40;100;20;0;rival;1;0;no;si;;no;;;;;;;
rapid_spin;Giro Rápido;normal;fisico;50;100;40;0;rival;1;0;no;si;;no;;;;;quitar_trampas;;
sweet_scent;Dulce Aroma;normal;estado;0;100;20;0;rivales;1;0;no;no;;no;;;;;stat:evasion:-2;;
iron_tail;Cola Férrea;steel;fisico;100;75;15;0;rival;1;0;no;si;;no;;;;;stat:defense:-1@30;;
metal_claw;Garra Metal;steel;fisico;50;95;35;0;rival;1;0;no;si;;no;;;;;stat_propio:attack:+1@10;;
vital_throw;Llave Vital;fighting;fisico;70;nunca;10;-1;rival;1;0;no;si;;no;;;;;;;
morning_sun;Sol Matinal;normal;estado;0;nunca;5;0;propio;1;0;no;no;;no;;;;;curar:50;;
synthesis;Fotosíntesis;grass;estado;0;nunca;5;0;propio;1;0;no;no;;no;;;;;curar:50;;
moonlight;Luz Lunar;fairy;estado;0;nunca;5;0;propio;1;0;no;no;;no;;;;;curar:50;;
hidden_power;Poder Oculto;normal;especial;60;100;15;0;rival;1;0;no;no;;no;;;;;;;
cross_chop;Tajo Cruzado;fighting;fisico;100;80;5;0;rival;1;1;no;si;;no;;;;;;;
twister;Ciclón;dragon;especial;40;100;20;0;rivales;1;0;no;no;;no;;;;;amedrentar@20;;
rain_dance;Danza Lluvia;water;estado;0;nunca;5;0;todos;1;0;no;no;;no;;;;;clima:rain;;
sunny_day;Día Soleado;fire;estado;0;nunca;5;0;todos;1;0;no;no;;no;;;;;clima:sun;;
crunch;Triturar;dark;fisico;80;100;15;0;rival;1;0;no;si;;no;;;;mordisco;stat:defense:-1@20;;
mirror_coat;Manto Espejo;psychic;especial;0;100;20;-5;rival;1;0;no;no;devolver_especial;no;;;;no_metronomo;;;
psych_up;Autosugestión;normal;estado;0;nunca;10;0;rival;1;0;no;no;;no;;;;;copiar_etapas;;
extreme_speed;Velocidad Extrema;normal;fisico;80;100;5;2;rival;1;0;no;si;;no;;;;;;;
ancient_power;Poder Pasado;rock;especial;60;100;5;0;rival;1;0;no;no;;no;;;;;stat_propio:attack:+1@10|stat_propio:defense:+1@10|stat_propio:sp_attack:+1@10|stat_propio:sp_defense:+1@10|stat_propio:speed:+1@10;;
shadow_ball;Bola Sombra;ghost;especial;80;100;15;0;rival;1;0;no;no;;no;;;;;stat:sp_defense:-1@20;;
future_sight;Premonición;psychic;especial;120;100;10;0;rival;1;0;no;no;;no;;;;;premonicion:3;;
rock_smash;Golpe Roca;fighting;fisico;40;100;15;0;rival;1;0;no;si;;no;;;;;stat:defense:-1@50;;
whirlpool;Torbellino;water;especial;35;85;15;0;rival;1;0;no;no;;no;;;;;estado:trapped;;
beat_up;Paliza;dark;fisico;10;100;10;0;rival;6;0;no;no;;no;;;;;;;
fake_out;Sorpresa;normal;fisico;40;100;10;3;rival;1;0;no;si;;no;;;propio.turnos_campo<1;;amedrentar;;
uproar;Alboroto;normal;especial;90;100;10;0;rival;1;0;no;no;;no;;;;sonido;desenfreno:3;;
stockpile;Reserva;normal;estado;0;nunca;20;0;propio;1;0;no;no;;no;;;;;reserva|stat_propio:defense:+1|stat_propio:sp_defense:+1;;
spit_up;Escupir;normal;especial;1;100;10;0;rival;1;0;no;no;;no;;100*reserva;propio.reserva>0;;usar_reserva;;
swallow;Tragar;normal;estado;0;nunca;10;0;propio;1;0;no;no;;no;;;propio.reserva>0;;usar_reserva:curar;;
heat_wave;Onda Ígnea;fire;especial;95;90;10;0;rivales;1;0;no;no;;no;;;;;estado:burn@10;;
hail;Granizo;ice;estado;0;nunca;10;0;todos;1;0;no;no;;no;;;;;clima:hail;;
torment;Tormento;dark;estado;0;100;15;0;rival;1;0;no;no;;no;;;;;estado:torment;;
flatter;Camelo;dark;estado;0;100;15;0;rival;1;0;no;no;;no;;;;;estado:confusion|stat:sp_attack:+1;;
will_o_wisp;Fuego Fatuo;fire;estado;0;85;15;0;rival;1;0;no;no;;no;;;;;estado:burn;;
memento;Legado;dark;estado;0;100;10;0;rival;1;0;no;no;;no;;;;;stat:attack:-2|stat:sp_attack:-2|debilitarse;;
facade;Fachada;normal;fisico;70;100;20;0;rival;1;0;no;si;;no;x2 [si propio.estado];;;;;;
focus_punch;Puño Certero;fighting;fisico;150;100;20;-3;rival;1;0;no;si;;no;;;!propio.dañado;puño|no_metronomo;;;
smelling_salts;Estímulo;normal;fisico;70;100;10;0;rival;1;0;no;si;;no;x2 [si rival.estado=paralysis];;;;curar_estado_rival:paralysis [si rival.estado=paralysis];;
follow_me;Señuelo;normal;estado;0;nunca;20;2;propio;1;0;no;no;;no;;;;no_metronomo;;;
nature_power;Adaptación;normal;estado;0;nunca;20;0;rival;1;0;no;no;;no;;;;;usar:tri_attack;;
charge;Carga;electric;estado;0;nunca;20;0;propio;1;0;no;no;;no;;;;;estado_propio:charge|stat_propio:sp_defense:+1;;
taunt;Mofa;dark;estado;0;100;20;0;rival;1;0;no;no;;no;;;;;estado:taunt;;
helping_hand;Refuerzo;normal;estado;0;nunca;20;5;aliado;1;0;no;no;;no;;;;no_metronomo;;;
trick;Truco;psychic;estado;0;100;10;0;rival;1;0;no;no;;no;;;;no_metronomo;cambiar_objetos;;
role_play;Imitación;psychic;estado;0;nunca;10;0;rival;1;0;no;no;;no;;;;;copiar_habilidad;;
wish;Deseo;normal;estado;0;nunca;10;0;propio;1;0;no;no;;no;;;;;deseo:2:50;;
assist;Ayuda;normal;estado;0;nunca;20;0;propio;1;0;no;no;;no;;;;no_metronomo;ayuda;;
ingrain;Arraigo;grass;estado;0;nunca;20;0;propio;1;0;no;no;;no;;;;;estado_propio:ingrain;;
superpower;Fuerza Bruta;fighting;fisico;120;100;5;0;rival;1;0;no;si;;no;;;;;stat_propio:attack:-1|stat_propio:defense:-1;;
magic_coat;Capa Mágica;psychic;estado;0;nunca;15;4;propio;1;0;no;no;;no;;;;;estado_propio:magic_coat;;
recycle;Reciclaje;normal;estado;0;nunca;10;0;propio;1;0;no;no;;no;;;;;reciclar;;
revenge;Desquite;fighting;fisico;60;100;10;-4;rival;1;0;no;si;;no;x2 [si propio.dañado];;;;;;
brick_break;Demolición;fighting;fisico;75;100;15;0;rival;1;0;no;si;;no;;;;;quitar_lado;;
yawn;Bostezo;normal;estado;0;nunca;10;0;rival;1;0;no;no;;no;;;;;estado:drowsy;;
knock_off;Desarme;dark;fisico;65;100;20;0;rival;1;0;no;si;;no;;;;;quitar_objeto;;
endeavor;Esfuerzo;normal;fisico;0;100;5;0;rival;1;0;no;si;esfuerzo;no;;;;;;;
eruption;Estallido;fire;especial;150;100;5;0;rivales;1;0;no;no;;no;;max(1,150*vida/100);;;;;
skill_swap;Intercambio;psychic;estado;0;nunca;10;0;rival;1;0;no;no;;no;;;;;cambiar_habilidades;;
imprison;Sellar;psychic;estado;0;nunca;10;0;propio;1;0;no;no;;no;;;;;estado_propio:imprison;;
refresh;Alivio;normal;estado;0;nunca;20;0;propio;1;0;no;no;;no;;;;;curar_estado;;
grudge;Rabia;ghost;estado;0;nunca;5;0;propio;1;0;no;no;;no;;;;;estado_propio:grudge;;
snatch;Robo;dark;estado;0;nunca;10;4;propio;1;0;no;no;;no;;;;no_metronomo;estado_propio:snatch;;
secret_power;Daño Secreto;normal;fisico;70;100;20;0;rival;1;0;no;no;;no;;;;;estado:paralysis@30;;
dive;Buceo;water;fisico;80;100;10;0;rival;1;0;carga;si;;no;;;;semiinvulnerable;;;
arm_thrust;Empujón;fighting;fisico;15;100;20;0;rival;2-5;0;no;si;;no;;;;;;;
camouflage;Camuflaje;normal;estado;0;nunca;20;0;propio;1;0;no;no;;no;;;;;cambiar_tipo:normal;;
tail_glow;Luminicola;bug;estado;0;nunca;20;0;propio;1;0;no;no;;no;;;;;stat_propio:sp_attack:+3;;
luster_purge;Resplandor;psychic;especial;95;100;5;0;rival;1;0;no;no;;no;;;;;stat:sp_defense:-1@50;;
mist_ball;Bola Neblina;psychic;especial;95;100;5;0;rival;1;0;no;no;;no;;;;;stat:sp_attack:-1@50;;
feather_dance;Danza Pluma;flying;estado;0;100;15;0;rival;1;0;no;no;;no;;;;;stat:attack:-2;;
teeter_dance;Danza Caos;normal;estado;0;100;20;0;todos;1;0;no;no;;no;;;;;estado:confusion;;
blaze_kick;Patada Ígnea;fire;fisico;85;90;10;0;rival;1;1;no;si;;no;;;;;estado:burn@10;;
mud_sport;Chapoteo Lodo;ground;estado;0;nunca;15;0;todos;1;0;no;no;;no;;;;;lado:mud_sport;;
ice_ball;Bola Hielo;ice;fisico;30;90;20;0;rival;1;0;no;si;;no;;30*pow(2,min(seguidos,4));;;;;
needle_arm;Brazo Pincho;grass;fisico;60;100;15;0;rival;1;0;no;si;;no;;;;;amedrentar@30;;
slack_off;Relajo;normal;estado;0;nunca;5;0;propio;1;0;no;no;;no;;;;;curar:50;;
hyper_voice;Vozarrón;normal;especial;90;100;10;0;rivales;1;0;no;no;;no;;;;sonido;;;
poison_fang;Colmillo Veneno;poison;fisico;50;100;15;0;rival;1;0;no;si;;no;;;;mordisco;estado:poison@50;;
crush_claw;Garra Brutal;normal;fisico;75;95;10;0;rival;1;0;no;si;;no;;;;;stat:defense:-1@50;;
blast_burn;Anillo Ígneo;fire;especial;150;90;5;0;rival;1;0;recarga;no;;no;;;;;;;
hydro_cannon;Hidrocañón;water;especial;150;90;5;0;rival;1;0;recarga;no;;no;;;;;;;
meteor_mash;Puño Meteoro;steel;fisico;90;90;10;0;rival;1;0;no;si;;no;;;;puño;stat_propio:attack:+1@20;;
astonish;Impresionar;ghost;fisico;30;100;15;0;rival;1;0;no;si;;no;;;;;amedrentar@30;;
weather_ball;Meteorobola;normal;especial;50;100;10;0;rival;1;0;no;no;;no;x2 [si clima=rain] | x2 [si clima=sun] | x2 [si clima=hail] | x2 [si clima=sandstorm];;;;;rain:water|sun:fire|hail:ice|sandstorm:rock;
aromatherapy;Aromaterapia;grass;estado;0;nunca;5;0;todos;1;0;no;no;;no;;;;;curar_equipo;;
fake_tears;Llanto Falso;dark;estado;0;100;20;0;rival;1;0;no;no;;no;;;;;stat:sp_defense:-2;;
air_cutter;Aire Afilado;flying;especial;60;95;25;0;rivales;1;1;no;no;;no;;;;corte;;;
overheat;Sofoco;fire;especial;130;90;5;0;rival;1;0;no;no;;no;;;;;stat_propio:sp_attack:-2;;
odor_sleuth;Rastreo;normal;estado;0;nunca;40;0;rival;1;0;no;no;;no;;;;;estado:identified;;
rock_tomb;Tumba Rocas;rock;fisico;60;95;15;0;rival;1;0;no;no;;no;;;;;stat:speed:-1;;
silver_wind;Viento Plata;bug;especial;60;100;5;0;rival;1;0;no;no;;no;;;;;stat_propio:attack:+1@10|stat_propio:defense:+1@10|stat_propio:sp_attack:+1@10|stat_propio:sp_defense:+1@10|stat_propio:speed:+1@10;;
metal_sound;Eco Metálico;steel;estado;0;85;40;0;rival;1;0;no;no;;no;;;;sonido;stat:sp_defense:-2;;
grass_whistle;Silbato;grass;estado;0;55;15;0;rival;1;0;no;no;;no;;;;sonido;estado:sleep;;
tickle;Cosquillas;normal;estado;0;100;20;0;rival;1;0;no;no;;no;;;;;stat:attack:-1|stat:defense:-1;;
cosmic_power;Masa Cósmica;psychic;estado;0;nunca;20;0;propio;1;0;no;no;;no;;;;;stat_propio:defense:+1|stat_propio:sp_defense:+1;;
water_spout;Salpicar;water;especial;150;100;5;0;rivales;1;0;no;no;;no;;max(1,150*vida/100);;;;;
signal_beam;Rayo Señal;bug;especial;75;100;15;0;rival;1;0;no;no;;no;;;;;estado:confusion@10;;
shadow_punch;Puño Sombra;ghost;fisico;60;nunca;20;0;rival;1;0;no;si;;no;;;;puño;;;
extrasensory;Paranormal;psychic;especial;80;100;20;0;rival;1;0;no;no;;no;;;;;amedrentar@10;;
sky_uppercut;Gancho Alto;fighting;fisico;85;90;15;0;rival;1;0;no;si;;no;;;;puño;;;
sand_tomb;Bucle Arena;ground;fisico;35;85;15;0;rival;1;0;no;no;;no;;;;;estado:trapped;;
sheer_cold;Frío Polar;ice;especial;0;30;5;0;rival;1;0;no;no;ko;no;;;;;;;
muddy_water;Agua Lodosa;water;especial;90;85;10;0;rivales;1;0;no;no;;no;;;;;stat:accuracy:-1@30;;
bullet_seed;Semilladora;grass;fisico;25;100;30;0;rival;2-5;0;no;no;;no;;;;;;;
aerial_ace;Golpe Aéreo;flying;fisico;60;nunca;20;0;rival;1;0;no;si;;no;;;;corte;;;
icicle_spear;Carámbano;ice;fisico;25;100;30;0;rival;2-5;0;no;no;;no;;;;;;;
iron_defense;Defensa Férrea;steel;estado;0;nunca;15;0;propio;1;0;no;no;;no;;;;;stat_propio:defense:+2;;
block;Bloqueo;normal;estado;0;nunca;5;0;rival;1;0;no;no;;no;;;;;estado:cant_escape;;
howl;Aullido;normal;estado;0;nunca;40;0;todos;1;0;no;no;;no;;;;sonido;stat:attack:+1;;
dragon_claw;Garra Dragón;dragon;fisico;80;100;15;0;rival;1;0;no;si;;no;;;;;;;
frenzy_plant;Planta Feroz;grass;especial;150;90;5;0;rival;1;0;recarga;no;;no;;;;;;;
bulk_up;Corpulencia;fighting;estado;0;nunca;20;0;propio;1;0;no;no;;no;;;;;stat_propio:attack:+1|stat_propio:defense:+1;;
bounce;Bote;flying;fisico;85;85;5;0;rival;1;0;carga;si;;no;;;;semiinvulnerable;estado:paralysis@30;;
mud_shot;Disparo Lodo;ground;especial;55;95;15;0;rival;1;0;no;no;;no;;;;;stat:speed:-1;;
poison_tail;Cola Veneno;poison;fisico;50;100;25;0;rival;1;1;no;si;;no;;;;;estado:poison@10;;
covet;Antojo;normal;fisico;60;100;25;0;rival;1;0;no;si;;no;;;;no_metronomo;robar_objeto;;
volt_tackle;Placaje Eléctrico;electric;fisico;120;100;15;0;rival;1;0;no;si;;no;;;;retroceso;estado:paralysis@10|retroceso:33;;
magical_leaf;Hoja Mágica;grass;especial;60;nunca;20;0;rival;1;0;no;no;;no;;;;;;;
water_sport;Hidrochorro;water;estado;0;nunca;15;0;todos;1;0;no;no;;no;;;;;lado:water_sport;;
calm_mind;Paz Mental;psychic;estado;0;nunca;20;0;propio;1;0;no;no;;no;;;;;stat_propio:sp_attack:+1|stat_propio:sp_defense:+1;;
leaf_blade;Hoja Aguda;grass;fisico;90;100;15;0;rival;1;1;no;si;;no;;;;corte;;;
dragon_dance;Danza Dragón;dragon;estado;0;nunca;20;0;propio;1;0;no;no;;no;;;;;stat_propio:attack:+1|stat_propio:speed:+1;;
rock_blast;Pedrada;rock;fisico;25;90;10;0;rival;2-5;0;no;no;;no;;;;;;;
shock_wave;Onda Voltio;electric;especial;60;nunca;20;0;rival;1;0;no;no;;no;;;;;;;
water_pulse;Hidropulso;water;especial;60;100;20;0;rival;1;0;no;no;;no;;;;;estado:confusion@20;;
doom_desire;Deseo Oculto;steel;especial;140;100;5;0;rival;1;0;no;no;;no;;;;;premonicion:3;;
psycho_boost;Psicoataque;psychic;especial;140;90;5;0;rival;1;0;no;no;;no;;;;;stat_propio:sp_attack:-2;;
roost;Respiro;flying;estado;0;nunca;5;0;propio;1;0;no;no;;no;;;;;curar:50|estado_propio:roost;;
gravity;Gravedad;psychic;estado;0;nunca;5;0;todos;1;0;no;no;;no;;;;;lado:gravity;;
miracle_eye;Gran Ojo;psychic;estado;0;nunca;40;0;rival;1;0;no;no;;no;;;;;estado:miracle_eye;;
wake_up_slap;Espabila;fighting;fisico;70;100;10;0;rival;1;0;no;si;;no;x2 [si rival.estado=sleep];;;;curar_estado_rival:sleep [si rival.estado=sleep];;
hammer_arm;Machada;fighting;fisico;100;90;10;0;rival;1;0;no;si;;no;;;;puño;stat_propio:speed:-1;;
gyro_ball;Giro Bola;steel;fisico;1;100;5;0;rival;1;0;no;si;;no;;min(150,1+25*velocidad_rival/max(1,velocidad));;;;;
healing_wish;Deseo Cura;psychic;estado;0;nunca;10;0;propio;1;0;no;no;;no;;;;;deseo_cura|debilitarse;;
brine;Salmuera;water;especial;65;100;10;0;rival;1;0;no;no;;no;x2 [si rival.vida<=50];;;;;;
natural_gift;Don Natural;normal;fisico;60;100;15;0;rival;1;0;no;no;;no;;;;;;;
feint;Amago;normal;fisico;30;100;10;2;rival;1;0;no;no;;no;;;;rompe_proteccion|no_metronomo;;;
pluck;Picoteo;flying;fisico;60;100;20;0;rival;1;0;no;si;;no;;;;;comer_baya;;
tailwind;Viento Afín;flying;estado;0;nunca;15;0;propio;1;0;no;no;;no;;;;;lado:tailwind;;
acupressure;Acupresión;normal;estado;0;nunca;30;0;propio;1;0;no;no;;no;;;;;stat_al_azar:2;;
metal_burst;Represión Metal;steel;fisico;0;100;10;0;rival;1;0;no;no;devolver:150;no;;;;;;;
u_turn;Ida y Vuelta;bug;fisico;70;100;20;0;rival;1;0;no;si;;no;;;;;cambio_propio;;
close_combat;A Bocajarro;fighting;fisico;120;100;5;0;rival;1;0;no;si;;no;;;;;stat_propio:defense:-1|stat_propio:sp_defense:-1;;
payback;Vendetta;dark;fisico;50;100;10;0;rival;1;0;no;si;;no;x2 [si rival.ya_actuo];;;;;;
assurance;Buena Baza;dark;fisico;60;100;10;0;rival;1;0;no;si;;no;x2 [si rival.dañado];;;;;;
embargo;Embargo;dark;estado;0;100;15;0;rival;1;0;no;no;;no;;;;;estado:embargo;;
fling;Lanzamiento;dark;fisico;40;100;10;0;rival;1;0;no;no;;no;;;;;;;
psycho_shift;Psicocambio;psychic;estado;0;100;10;0;rival;1;0;no;no;;no;;;;;pasar_estado;;
trump_card;As Oculto;normal;especial;1;nunca;5;0;rival;1;0;no;si;;no;;40+10*paso(-pp,-3)+10*paso(-pp,-2)+20*paso(-pp,-1)+120*paso(-pp,0);;;;;
heal_block;Anticura;psychic;estado;0;100;15;0;rivales;1;0;no;no;;no;;;;;estado:heal_block;;
wring_out;Estrujón;normal;especial;1;100;5;0;rival;1;0;no;si;;no;;1+120*vida_rival/100;;;;;
power_trick;Truco Fuerza;psychic;estado;0;nunca;10;0;propio;1;0;no;no;;no;;;;;cambiar_stats:attack,defense;;
gastro_acid;Bilis;poison;estado;0;100;10;0;rival;1;0;no;no;;no;;;;;estado:gastro_acid;;
lucky_chant;Conjuro;normal;estado;0;nunca;30;0;propio;1;0;no;no;;no;;;;;lado:lucky_chant;;
me_first;Yo Primero;normal;estado;0;nunca;20;0;rival;1;0;no;no;;no;;;;no_metronomo;yo_primero;;
copycat;Copión;normal;estado;0;nunca;20;0;propio;1;0;no;no;;no;;;;no_metronomo;espejo;;
power_swap;Cambiafuerza;psychic;estado;0;nunca;10;0;rival;1;0;no;no;;no;;;;;intercambiar_etapas:attack,sp_attack;;
guard_swap;Cambiadefensa;psychic;estado;0;nunca;10;0;rival;1;0;no;no;;no;;;;;intercambiar_etapas:defense,sp_defense;;
punishment;Castigo;dark;fisico;1;100;5;0;rival;1;0;no;si;;no;;min(200,60+20*subidas_rival);;;;;
last_resort;Última Baza;normal;fisico;140;100;5;0;rival;1;0;no;si;;no;;;propio.uso_todos;;;;
worry_seed;Abatidoras;grass;estado;0;100;10;0;rival;1;0;no;no;;no;;;;;poner_habilidad:insomnia;;
sucker_punch;Golpe Bajo;dark;fisico;70;100;5;1;rival;1;0;no;si;;no;;;rival.va_a_atacar & !rival.ya_actuo;;;;
toxic_spikes;Púas Tóxicas;poison;estado;0;nunca;20;0;rivales;1;0;no;no;;no;;;;;trampa:toxic_spikes;;
heart_swap;Cambiaalmas;psychic;estado;0;nunca;10;0;rival;1;0;no;no;;no;;;;;intercambiar_etapas;;
aqua_ring;Acua Aro;water;estado;0;nunca;20;0;propio;1;0;no;no;;no;;;;;estado_propio:aqua_ring;;
magnet_rise;Levitón;electric;estado;0;nunca;10;0;propio;1;0;no;no;;no;;;;;estado_propio:magnet_rise;;
flare_blitz;Envite Ígneo;fire;fisico;120;100;15;0;rival;1;0;no;si;;no;;;;retroceso;estado:burn@10|retroceso:33;;
force_palm;Palmeo;fighting;fisico;60;100;10;0;rival;1;0;no;si;;no;;;;;estado:paralysis@30;;
aura_sphere;Esfera Aural;fighting;especial;80;nunca;20;0;rival;1;0;no;no;;no;;;;;;;
rock_polish;Pulimento;rock;estado;0;nunca;20;0;propio;1;0;no;no;;no;;;;;stat_propio:speed:+2;;
poison_jab;Puya Nociva;poison;fisico;80;100;20;0;rival;1;0;no;si;;no;;;;;estado:poison@30;;
dark_pulse;Pulso Umbrío;dark;especial;80;100;15;0;rival;1;0;no;no;;no;;;;;amedrentar@20;;
night_slash;Tajo Umbrío;dark;fisico;70;100;15;0;rival;1;1;no;si;;no;;;;corte;;;
aqua_tail;Acua Cola;water;fisico;90;90;10;0;rival;1;0;no;si;;no;;;;;;;
seed_bomb;Bomba Germen;grass;fisico;80;100;15;0;rival;1;0;no;no;;no;;;;;;;
air_slash;Tajo Aéreo;flying;especial;75;95;15;0;rival;1;0;no;no;;no;;;;corte;amedrentar@30;;
x_scissor;Tijera X;bug;fisico;80;100;15;0;rival;1;0;no;si;;no;;;;corte;;;
bug_buzz;Zumbido;bug;especial;90;100;10;0;rival;1;0;no;no;;no;;;;sonido;stat:sp_defense:-1@10;;
dragon_pulse;Pulso Dragón;dragon;especial;85;100;10;0;rival;1;0;no;no;;no;;;;;;;
dragon_rush;Carga Dragón;dragon;fisico;100;75;10;0;rival;1;0;no;si;;no;;;;;amedrentar@20;;
power_gem;Joya de Luz;rock;especial;80;100;20;0;rival;1;0;no;no;;no;;;;;;;
drain_punch;Puño Drenaje;fighting;fisico;75;100;10;0;rival;1;0;no;si;;no;;;;puño;drenar:50;;
vacuum_wave;Onda Vacío;fighting;especial;40;100;30;1;rival;1;0;no;no;;no;;;;;;;
focus_blast;Onda Certera;fighting;especial;120;70;5;0;rival;1;0;no;no;;no;;;;;stat:sp_defense:-1@10;;
energy_ball;Energibola;grass;especial;90;100;10;0;rival;1;0;no;no;;no;;;;;stat:sp_defense:-1@10;;
brave_bird;Pájaro Osado;flying;fisico;120;100;15;0;rival;1;0;no;si;;no;;;;retroceso;retroceso:33;;
earth_power;Tierra Viva;ground;especial;90;100;10;0;rival;1;0;no;no;;no;;;;;stat:sp_defense:-1@10;;
switcheroo;Trapicheo;dark;estado;0;100;10;0;rival;1;0;no;no;;no;;;;no_metronomo;cambiar_objetos;;
giga_impact;Gigaimpacto;normal;fisico;150;90;5;0;rival;1;0;recarga;si;;no;;;;;;;
nasty_plot;Maquinación;dark;estado;0;nunca;20;0;propio;1;0;no;no;;no;;;;;stat_propio:sp_attack:+2;;
bullet_punch;Puño Bala;steel;fisico;40;100;30;1;rival;1;0;no;si;;no;;;;puño;;;
avalanche;Alud;ice;fisico;60;100;10;-4;rival;1;0;no;si;;no;x2 [si propio.dañado];;;;;;
ice_shard;Esquirla Helada;ice;fisico;40;100;30;1;rival;1;0;no;no;;no;;;;;;;
shadow_claw;Garra Umbría;ghost;fisico;70;100;15;0;rival;1;1;no;si;;no;;;;;;;
thunder_fang;Colmillo Rayo;electric;fisico;65;95;15;0;rival;1;0;no;si;;no;;;;mordisco;estado:paralysis@10|amedrentar@10;;
ice_fang;Colmillo Hielo;ice;fisico;65;95;15;0;rival;1;0;no;si;;no;;;;mordisco;estado:freeze@10|amedrentar@10;;
fire_fang;Colmillo Ígneo;fire;fisico;65;95;15;0;rival;1;0;no;si;;no;;;;mordisco;estado:burn@10|amedrentar@10;;
shadow_sneak;Sombra Vil;ghost;fisico;40;100;30;1;rival;1;0;no;si;;no;;;;;;;
mud_bomb;Bomba Fango;ground;especial;65;85;10;0;rival;1;0;no;no;;no;;;;;stat:accuracy:-1@30;;
psycho_cut;Psicocorte;psychic;fisico;70;100;20;0;rival;1;1;no;no;;no;;;;corte;;;
zen_headbutt;Cabezazo Zen;psychic;fisico;80;90;15;0;rival;1;0;no;si;;no;;;;;amedrentar@20;;
mirror_shot;Disparo Espejo;steel;especial;65;85;10;0;rival;1;0;no;no;;no;;;;;stat:accuracy:-1@30;;
flash_cannon;Cañón Resplandor;steel;especial;80;100;10;0;rival;1;0;no;no;;no;;;;;stat:sp_defense:-1@10;;
rock_climb;Treparrocas;normal;fisico;90;85;20;0;rival;1;0;no;si;;no;;;;;estado:confusion@20;;
defog;Despejar;flying;estado;0;nunca;15;0;rival;1;0;no;no;;no;;;;;stat:evasion:-1|quitar_trampas_rival|quitar_lado:reflect:light_screen:safeguard:mist;;
trick_room;Espacio Raro;psychic;estado;0;nunca;5;-7;todos;1;0;no;no;;no;;;;;lado:trick_room;;
draco_meteor;Cometa Draco;dragon;especial;130;90;5;0;rival;1;0;no;no;;no;;;;;stat_propio:sp_attack:-2;;
discharge;Chispazo;electric;especial;80;100;15;0;todos;1;0;no;no;;no;;;;;estado:paralysis@30;;
lava_plume;Humareda;fire;especial;80;100;15;0;todos;1;0;no;no;;no;;;;;estado:burn@30;;
leaf_storm;Lluevehojas;grass;especial;130;90;5;0;rival;1;0;no;no;;no;;;;;stat_propio:sp_attack:-2;;
power_whip;Latigazo;grass;fisico;120;85;10;0;rival;1;0;no;si;;no;;;;;;;
rock_wrecker;Romperrocas;rock;fisico;150;90;5;0;rival;1;0;recarga;no;;no;;;;;;;
cross_poison;Veneno X;poison;fisico;70;100;20;0;rival;1;1;no;si;;no;;;;corte;estado:poison@10;;
gunk_shot;Lanzamugre;poison;fisico;120;80;5;0;rival;1;0;no;no;;no;;;;;estado:poison@30;;
iron_head;Cabeza de Hierro;steel;fisico;80;100;15;0;rival;1;0;no;si;;no;;;;;amedrentar@30;;
magnet_bomb;Bomba Imán;steel;fisico;60;nunca;20;0;rival;1;0;no;no;;no;;;;;;;
stone_edge;Roca Afilada;rock;fisico;100;80;5;0;rival;1;1;no;no;;no;;;;;;;
captivate;Seducción;normal;estado;0;100;20;0;rivales;1;0;no;no;;no;;;;;stat:sp_attack:-2;;
stealth_rock;Trampa Rocas;rock;estado;0;nunca;20;0;rivales;1;0;no;no;;no;;;;;trampa:stealth_rock;;
grass_knot;Hierba Lazo;grass;especial;1;100;20;0;rival;1;0;no;si;;no;;20+20*paso(peso_rival,10)+20*paso(peso_rival,25)+20*paso(peso_rival,50)+20*paso(peso_rival,100)+20*paso(peso_rival,200);;;;;
chatter;Cháchara;flying;especial;65;100;20;0;rival;1;0;no;no;;no;;;;sonido|no_metronomo;estado:confusion;;
judgment;Sentencia;normal;especial;100;100;10;0;rival;1;0;no;no;;no;;;;;;;
bug_bite;Picadura;bug;fisico;60;100;20;0;rival;1;0;no;si;;no;;;;;comer_baya;;
charge_beam;Rayo Carga;electric;especial;50;90;10;0;rival;1;0;no;no;;no;;;;;stat_propio:sp_attack:+1@70;;
wood_hammer;Mazazo;grass;fisico;120;100;15;0;rival;1;0;no;si;;no;;;;retroceso;retroceso:33;;
aqua_jet;Acua Jet;water;fisico;40;100;20;1;rival;1;0;no;si;;no;;;;;;;
attack_order;Al Ataque;bug;fisico;90;100;15;0;rival;1;1;no;no;;no;;;;;;;
defend_order;A Defender;bug;estado;0;nunca;10;0;propio;1;0;no;no;;no;;;;;stat_propio:defense:+1|stat_propio:sp_defense:+1;;
heal_order;Auxilio;bug;estado;0;nunca;10;0;propio;1;0;no;no;;no;;;;;curar:50;;
head_smash;Testarazo;rock;fisico;150;80;5;0;rival;1;0;no;si;;no;;;;retroceso;retroceso:50;;
double_hit;Doble Golpe;normal;fisico;35;90;10;0;rival;2;0;no;si;;no;;;;;;;
roar_of_time;Distorsión;dragon;especial;150;90;5;0;rival;1;0;recarga;no;;no;;;;;;;
spacial_rend;Corte Vacío;dragon;especial;100;95;5;0;rival;1;1;no;no;;no;;;;;;;
lunar_dance;Danza Lunar;psychic;estado;0;nunca;10;0;propio;1;0;no;no;;no;;;;;deseo_cura|debilitarse;;
crush_grip;Agarrón;normal;fisico;1;100;5;0;rival;1;0;no;si;;no;;1+120*vida_rival/100;;;;;
magma_storm;Lluvia Ígnea;fire;especial;100;75;5;0;rival;1;0;no;no;;no;;;;;estado:trapped;;
dark_void;Brecha Negra;dark;estado;0;50;10;0;rivales;1;0;no;no;;no;;;;;estado:sleep;;
seed_flare;Fulgor Semilla;grass;especial;120;85;5;0;rival;1;0;no;no;;no;;;;;stat:sp_defense:-2@40;;
ominous_wind;Viento Aciago;ghost;especial;60;100;5;0;rival;1;0;no;no;;no;;;;;stat_propio:attack:+1@10|stat_propio:defense:+1@10|stat_propio:sp_attack:+1@10|stat_propio:sp_defense:+1@10|stat_propio:speed:+1@10;;
shadow_force;Golpe Umbrío;ghost;fisico;120;100;5;0;rival;1;0;carga;si;;no;;;;semiinvulnerable|rompe_proteccion;;;
