id;nombre;nombre_en;tipo;categoria;potencia;precision;pp;prioridad;objetivo;golpes;critico;dos_turnos;contacto;daño_especial;respeta_inmunidad;potencia_mod;formula_potencia;requisitos;stat_ataque;stat_defensa;ataca_con_rival;etiquetas;efectos;efecto_z;tipo_clima;animacion
pound;Destructor;Pound;normal;fisico;40;100;35;0;rival;1;0;no;si;;no;;;;;;no;;;;;
karate_chop;Golpe Kárate;Karate Chop;fighting;fisico;50;100;25;0;rival;1;1;no;si;;no;;;;;;no;;;;;
double_slap;Doble Bofetón;Double Slap;normal;fisico;15;85;10;0;rival;2-5;0;no;si;;no;;;;;;no;;;;;
comet_punch;Puño Cometa;Comet Punch;normal;fisico;18;85;15;0;rival;2-5;0;no;si;;no;;;;;;no;puño;;;;
mega_punch;Megapuño;Mega Punch;normal;fisico;80;85;20;0;rival;1;0;no;si;;no;;;;;;no;puño;;;;
pay_day;Día de Pago;Pay Day;normal;fisico;40;100;20;0;rival;1;0;no;no;;no;;;;;;no;;;;;
fire_punch;Puño Fuego;Fire Punch;fire;fisico;75;100;15;0;rival;1;0;no;si;;no;;;;;;no;puño;estado:burn@10;;;
ice_punch;Puño Hielo;Ice Punch;ice;fisico;75;100;15;0;rival;1;0;no;si;;no;;;;;;no;puño;estado:freeze@10;;;
thunder_punch;Puño Trueno;Thunder Punch;electric;fisico;75;100;15;0;rival;1;0;no;si;;no;;;;;;no;puño;estado:paralysis@10;;;
scratch;Arañazo;Scratch;normal;fisico;40;100;35;0;rival;1;0;no;si;;no;;;;;;no;;;;;
vice_grip;Agarre;Vise Grip;normal;fisico;55;100;30;0;rival;1;0;no;si;;no;;;;;;no;;;;;
guillotine;Guillotina;Guillotine;normal;fisico;0;30;5;0;rival;1;0;no;si;ko;no;;;;;;no;;;;;
razor_wind;Viento Cortante;Razor Wind;normal;especial;80;100;10;0;rivales;1;1;carga;no;;no;;;;;;no;corte;;;;
swords_dance;Danza Espada;Swords Dance;normal;estado;0;nunca;30;0;propio;1;0;no;no;;no;;;;;;no;danza;stat_propio:attack:+2;reiniciar_etapas;;
cut;Corte;Cut;normal;fisico;50;95;30;0;rival;1;0;no;si;;no;;;;;;no;corte;;;;
gust;Tornado;Gust;flying;especial;40;100;35;0;rival;1;0;no;no;;no;;;;;;no;;;;;
wing_attack;Ataque Ala;Wing Attack;flying;fisico;60;100;35;0;rival;1;0;no;si;;no;;;;;;no;;;;;
whirlwind;Remolino;Whirlwind;normal;estado;0;100;20;-6;rival;1;0;no;no;;no;;;;;;no;;forzar_cambio;;;
fly;Vuelo;Fly;flying;fisico;90;95;15;0;rival;1;0;carga;si;;no;;;;;;no;semiinvulnerable;;;;
bind;Atadura;Bind;normal;fisico;15;85;20;0;rival;1;0;no;si;;no;;;;;;no;;estado:trapped;;;
slam;Atizar;Slam;normal;fisico;80;75;20;0;rival;1;0;no;si;;no;;;;;;no;;;;;
vine_whip;Látigo Cepa;Vine Whip;grass;fisico;35;100;15;0;rival;1;0;no;si;;no;;;;;;no;;;;;
stomp;Pisotón;Stomp;normal;fisico;65;100;20;0;rival;1;0;no;si;;no;;;;;;no;;amedrentar@30;;;
double_kick;Doble Patada;Double Kick;fighting;fisico;30;100;30;0;rival;2;0;no;si;;no;;;;;;no;;;;;
mega_kick;Megapatada;Mega Kick;normal;fisico;120;75;5;0;rival;1;0;no;si;;no;;;;;;no;;;;;
jump_kick;Patada Salto;Jump Kick;fighting;fisico;100;95;10;0;rival;1;0;no;si;;no;;;;;;no;retroceso;;;;
rolling_kick;Patada Giro;Rolling Kick;fighting;fisico;60;85;15;0;rival;1;0;no;si;;no;;;;;;no;;amedrentar@30;;;
sand_attack;Ataque Arena;Sand Attack;ground;estado;0;100;15;0;rival;1;0;no;no;;no;;;;;;no;;stat:accuracy:-1;;;
headbutt;Golpe Cabeza;Headbutt;normal;fisico;70;100;15;0;rival;1;0;no;si;;no;;;;;;no;;amedrentar@30;;;
horn_attack;Cornada;Horn Attack;normal;fisico;65;100;25;0;rival;1;0;no;si;;no;;;;;;no;;;;;
fury_attack;Ataque Furia;Fury Attack;normal;fisico;15;85;20;0;rival;2-5;0;no;si;;no;;;;;;no;;;;;
horn_drill;Perforador;Horn Drill;normal;fisico;0;30;5;0;rival;1;0;no;si;ko;no;;;;;;no;;;;;
tackle;Placaje;Tackle;normal;fisico;50;100;35;0;rival;1;0;no;si;;no;;;;;;no;;;;;
body_slam;Golpe Cuerpo;Body Slam;normal;fisico;85;100;15;0;rival;1;0;no;si;;no;;;;;;no;;estado:paralysis@30;;;
wrap;Constricción;Wrap;normal;fisico;15;90;20;0;rival;1;0;no;si;;no;;;;;;no;;estado:trapped;;;
take_down;Derribo;Take Down;normal;fisico;90;85;20;0;rival;1;0;no;si;;no;;;;;;no;retroceso;retroceso:25;;;
thrash;Saña;Thrash;normal;fisico;120;100;10;0;rival;1;0;no;si;;no;;;;;;no;;desenfreno:3:confusion;;;
double_edge;Doble Filo;Double-Edge;normal;fisico;120;100;15;0;rival;1;0;no;si;;no;;;;;;no;retroceso;retroceso:33;;;
tail_whip;Agitacola;Tail Whip;normal;estado;0;100;30;0;rivales;1;0;no;no;;no;;;;;;no;;stat:defense:-1;stat_propio:attack:+1;;
poison_sting;Picotazo Veneno;Poison Sting;poison;fisico;15;100;35;0;rival;1;0;no;no;;no;;;;;;no;;estado:poison@30;;;
twineedle;Doble Ataque;Twineedle;bug;fisico;25;100;20;0;rival;2;0;no;no;;no;;;;;;no;;estado:poison@20;;;
pin_missile;Pin Misil;Pin Missile;bug;fisico;14;85;20;0;rival;2-5;0;no;no;;no;;;;;;no;;;;;
leer;Malicioso;Leer;normal;estado;0;100;30;0;rivales;1;0;no;no;;no;;;;;;no;;stat:defense:-1;stat_propio:attack:+1;;
bite;Mordisco;Bite;dark;fisico;60;100;25;0;rival;1;0;no;si;;no;;;;;;no;mordisco;amedrentar@30;;;
growl;Gruñido;Growl;normal;estado;0;100;40;0;rivales;1;0;no;no;;no;;;;;;no;sonido;stat:attack:-1;stat_propio:defense:+1;;
roar;Rugido;Roar;normal;estado;0;100;20;-6;rival;1;0;no;no;;no;;;;;;no;sonido;forzar_cambio;;;
sing;Canto;Sing;normal;estado;0;55;15;0;rival;1;0;no;no;;no;;;;;;no;sonido;estado:sleep;;;
supersonic;Supersónico;Supersonic;normal;estado;0;55;20;0;rival;1;0;no;no;;no;;;;;;no;sonido;estado:confusion;;;
sonic_boom;Bomba Sónica;Sonic Boom;normal;especial;0;90;20;0;rival;1;0;no;no;fijo:20;no;;;;;;no;;;;;
disable;Anulación;Disable;normal;estado;0;100;20;0;rival;1;0;no;no;;no;;;;;;no;;anular:4;;;
acid;Ácido;Acid;poison;especial;40;100;30;0;rivales;1;0;no;no;;no;;;;;;no;;stat:sp_defense:-1@10;;;
ember;Ascuas;Ember;fire;especial;40;100;25;0;rival;1;0;no;no;;no;;;;;;no;;estado:burn@10;;;
flamethrower;Lanzallamas;Flamethrower;fire;especial;95;100;15;0;rival;1;0;no;no;;no;;;;;;no;;estado:burn@10;;;
mist;Neblina;Mist;ice;estado;0;nunca;30;0;propio;1;0;no;no;;no;;;;;;no;;lado:mist;;;
water_gun;Pistola Agua;Water Gun;water;especial;40;100;25;0;rival;1;0;no;no;;no;;;;;;no;;;;;
hydro_pump;Hidrobomba;Hydro Pump;water;especial;120;80;5;0;rival;1;0;no;no;;no;;;;;;no;;;;;
surf;Surf;Surf;water;especial;95;100;15;0;todos;1;0;no;no;;no;;;;;;no;;;;;
ice_beam;Rayo Hielo;Ice Beam;ice;especial;95;100;10;0;rival;1;0;no;no;;no;;;;;;no;;estado:freeze@10;;;
blizzard;Ventisca;Blizzard;ice;especial;120;70;5;0;rivales;1;0;no;no;;no;;;;;;no;;estado:freeze@10;;;
psybeam;Psicorrayo;Psybeam;psychic;especial;65;100;20;0;rival;1;0;no;no;;no;;;;;;no;;estado:confusion@10;;;
bubble_beam;Rayo Burbuja;Bubble Beam;water;especial;65;100;20;0;rival;1;0;no;no;;no;;;;;;no;;stat:speed:-1@10;;;
aurora_beam;Rayo Aurora;Aurora Beam;ice;especial;65;100;20;0;rival;1;0;no;no;;no;;;;;;no;;stat:attack:-1@10;;;
hyper_beam;Hiperrayo;Hyper Beam;normal;especial;150;90;5;0;rival;1;0;recarga;no;;no;;;;;;no;;;;;
peck;Picotazo;Peck;flying;fisico;35;100;35;0;rival;1;0;no;si;;no;;;;;;no;;;;;
drill_peck;Pico Taladro;Drill Peck;flying;fisico;80;100;20;0;rival;1;0;no;si;;no;;;;;;no;;;;;
submission;Sumisión;Submission;fighting;fisico;80;80;25;0;rival;1;0;no;si;;no;;;;;;no;retroceso;retroceso:25;;;
low_kick;Patada Baja;Low Kick;fighting;fisico;1;100;20;0;rival;1;0;no;si;;no;;20+20*paso(peso_rival,10)+20*paso(peso_rival,25)+20*paso(peso_rival,50)+20*paso(peso_rival,100)+20*paso(peso_rival,200);;;;no;;;;;
counter;Contraataque;Counter;fighting;fisico;0;100;20;-5;rival;1;0;no;si;devolver_fisico;no;;;;;;no;no_metronomo;;;;
seismic_toss;Sísmico;Seismic Toss;fighting;fisico;0;100;20;0;rival;1;0;no;si;nivel;no;;;;;;no;;;;;
strength;Fuerza;Strength;normal;fisico;80;100;15;0;rival;1;0;no;si;;no;;;;;;no;;;;;
absorb;Absorber;Absorb;grass;especial;20;100;25;0;rival;1;0;no;no;;no;;;;;;no;;drenar:50;;;
mega_drain;Megaagotar;Mega Drain;grass;especial;40;100;15;0;rival;1;0;no;no;;no;;;;;;no;;drenar:50;;;
leech_seed;Drenadoras;Leech Seed;grass;estado;0;90;10;0;rival;1;0;no;no;;no;;;;;;no;;estado:leech_seed;reiniciar_etapas;;
growth;Desarrollo;Growth;normal;estado;0;nunca;40;0;propio;1;0;no;no;;no;;;;;;no;;stat_propio:attack:+1|stat_propio:sp_attack:+1;stat_propio:sp_attack:+1;;
razor_leaf;Hoja Afilada;Razor Leaf;grass;fisico;55;95;25;0;rivales;1;1;no;no;;no;;;;;;no;corte;;;;
solar_beam;Rayo Solar;Solar Beam;grass;especial;120;100;10;0;rival;1;0;carga;no;;no;x0,5 [si clima=rain] | x0,5 [si clima=hail] | x0,5 [si clima=sandstorm];;;;;no;;;;;
poison_powder;Polvo Veneno;Poison Powder;poison;estado;0;75;35;0;rival;1;0;no;no;;no;;;;;;no;polvo;estado:poison;;;
stun_spore;Paralizador;Stun Spore;grass;estado;0;75;30;0;rival;1;0;no;no;;no;;;;;;no;polvo;estado:paralysis;;;
sleep_powder;Somnífero;Sleep Powder;grass;estado;0;75;15;0;rival;1;0;no;no;;no;;;;;;no;polvo;estado:sleep;stat_propio:sp_defense:+1;;
petal_dance;Danza Pétalo;Petal Dance;grass;especial;120;100;10;0;rival;1;0;no;si;;no;;;;;;no;danza;desenfreno:3:confusion;;;
string_shot;Disparo Demora;String Shot;bug;estado;0;95;40;0;rivales;1;0;no;no;;no;;;;;;no;;stat:speed:-2;;;
dragon_rage;Furia Dragón;Dragon Rage;dragon;especial;0;100;10;0;rival;1;0;no;no;fijo:40;no;;;;;;no;;;;;
fire_spin;Giro Fuego;Fire Spin;fire;especial;35;85;15;0;rival;1;0;no;no;;no;;;;;;no;;estado:trapped;;;
thunder_shock;Impactrueno;Thunder Shock;electric;especial;40;100;30;0;rival;1;0;no;no;;no;;;;;;no;;estado:paralysis@10;;;
thunderbolt;Rayo;Thunderbolt;electric;especial;95;100;15;0;rival;1;0;no;no;;no;;;;;;no;;estado:paralysis@10;;;
thunder_wave;Onda Trueno;Thunder Wave;electric;estado;0;100;20;0;rival;1;0;no;no;;si;;;;;;no;;estado:paralysis;stat_propio:sp_defense:+1;;
thunder;Trueno;Thunder;electric;especial;120;70;10;0;rival;1;0;no;no;;no;;;;;;no;;estado:paralysis@30;;;
rock_throw;Lanzarrocas;Rock Throw;rock;fisico;50;90;15;0;rival;1;0;no;no;;no;;;;;;no;;;;;
earthquake;Terremoto;Earthquake;ground;fisico;100;100;10;0;todos;1;0;no;no;;no;;;;;;no;;;;;
fissure;Fisura;Fissure;ground;fisico;0;30;5;0;rival;1;0;no;no;ko;no;;;;;;no;;;;;
dig;Excavar;Dig;ground;fisico;80;100;10;0;rival;1;0;carga;si;;no;;;;;;no;semiinvulnerable;;;;
toxic;Tóxico;Toxic;poison;estado;0;90;10;0;rival;1;0;no;no;;no;;;;;;no;;estado:toxic;stat_propio:defense:+1;;
confusion;Confusión;Confusion;psychic;especial;50;100;25;0;rival;1;0;no;no;;no;;;;;;no;;estado:confusion@10;;;
psychic;Psíquico;Psychic;psychic;especial;90;100;10;0;rival;1;0;no;no;;no;;;;;;no;;stat:sp_defense:-1@10;;;
hypnosis;Hipnosis;Hypnosis;psychic;estado;0;60;20;0;rival;1;0;no;no;;no;;;;;;no;;estado:sleep;;;
meditate;Meditación;Meditate;psychic;estado;0;nunca;40;0;propio;1;0;no;no;;no;;;;;;no;;stat_propio:attack:+1;;;
agility;Agilidad;Agility;psychic;estado;0;nunca;30;0;propio;1;0;no;no;;no;;;;;;no;;stat_propio:speed:+2;reiniciar_etapas;;
quick_attack;Ataque Rápido;Quick Attack;normal;fisico;40;100;30;1;rival;1;0;no;si;;no;;;;;;no;;;;;
rage;Furia;Rage;normal;fisico;20;100;20;0;rival;1;0;no;si;;no;;;;;;no;;furia;;;
teleport;Teletransporte;Teleport;psychic;estado;0;nunca;20;0;propio;1;0;no;no;;no;;;;;;no;;teletransporte;;;
night_shade;Tinieblas;Night Shade;ghost;especial;0;100;15;0;rival;1;0;no;no;nivel;no;;;;;;no;;;;;
mimic;Mimético;Mimic;normal;estado;0;nunca;10;0;rival;1;0;no;no;;no;;;;;;no;no_metronomo;mimetico;;;
screech;Chirrido;Screech;normal;estado;0;85;40;0;rival;1;0;no;no;;no;;;;;;no;sonido;stat:defense:-2;;;
double_team;Doble Equipo;Double Team;normal;estado;0;nunca;15;0;propio;1;0;no;no;;no;;;;;;no;;stat_propio:evasion:+1;;;
recover;Recuperación;Recover;normal;estado;0;nunca;5;0;propio;1;0;no;no;;no;;;;;;no;;curar:50;reiniciar_etapas;;
harden;Fortaleza;Harden;normal;estado;0;nunca;30;0;propio;1;0;no;no;;no;;;;;;no;;stat_propio:defense:+1;;;
minimize;Reducción;Minimize;normal;estado;0;nunca;20;0;propio;1;0;no;no;;no;;;;;;no;;stat_propio:evasion:+2;;;
smokescreen;Pantalla de Humo;Smokescreen;normal;estado;0;100;20;0;rival;1;0;no;no;;no;;;;;;no;;stat:accuracy:-1;;;
confuse_ray;Rayo Confuso;Confuse Ray;ghost;estado;0;100;10;0;rival;1;0;no;no;;no;;;;;;no;;estado:confusion;;;
withdraw;Refugio;Withdraw;water;estado;0;nunca;40;0;propio;1;0;no;no;;no;;;;;;no;;stat_propio:defense:+1;;;
defense_curl;Rizo Defensa;Defense Curl;normal;estado;0;nunca;40;0;propio;1;0;no;no;;no;;;;;;no;;stat_propio:defense:+1;;;
barrier;Barrera;Barrier;psychic;estado;0;nunca;30;0;propio;1;0;no;no;;no;;;;;;no;;stat_propio:defense:+2;;;
light_screen;Pantalla de Luz;Light Screen;psychic;estado;0;nunca;30;0;propio;1;0;no;no;;no;;;;;;no;;lado:light_screen;stat_propio:sp_defense:+1;;
haze;Niebla;Haze;ice;estado;0;nunca;30;0;todos;1;0;no;no;;no;;;;;;no;;reiniciar_etapas|reiniciar_etapas_rival;curar:100;;
reflect;Reflejo;Reflect;psychic;estado;0;nunca;20;0;propio;1;0;no;no;;no;;;;;;no;;lado:reflect;stat_propio:defense:+1;;
focus_energy;Foco Energía;Focus Energy;normal;estado;0;nunca;30;0;propio;1;0;no;no;;no;;;;;;no;;foco;;;
bide;Venganza;Bide;normal;fisico;0;nunca;10;1;propio;1;0;no;si;venganza;no;;;;;;no;;;;;
metronome;Metrónomo;Metronome;normal;estado;0;nunca;10;0;propio;1;0;no;no;;no;;;;;;no;no_metronomo;metronomo;;;
mirror_move;Espejo;Mirror Move;flying;estado;0;nunca;20;0;rival;1;0;no;no;;no;;;;;;no;;espejo;;;
self_destruct;Autodestrucción;Self-Destruct;normal;fisico;200;100;5;0;todos;1;0;no;no;;no;;;;;;no;explosion;debilitarse;;;
egg_bomb;Bomba Huevo;Egg Bomb;normal;fisico;100;75;10;0;rival;1;0;no;no;;no;;;;;;no;bomba;;;;
lick;Lengüetazo;Lick;ghost;fisico;20;100;30;0;rival;1;0;no;si;;no;;;;;;no;;estado:paralysis@30;;;
smog;Polución;Smog;poison;especial;20;70;20;0;rival;1;0;no;no;;no;;;;;;no;;estado:poison@40;;;
sludge;Residuos;Sludge;poison;especial;65;100;20;0;rival;1;0;no;no;;no;;;;;;no;;estado:poison@30;;;
bone_club;Hueso Palo;Bone Club;ground;fisico;65;85;20;0;rival;1;0;no;no;;no;;;;;;no;;amedrentar@10;;;
fire_blast;Llamarada;Fire Blast;fire;especial;120;85;5;0;rival;1;0;no;no;;no;;;;;;no;;estado:burn@10;;;
waterfall;Cascada;Waterfall;water;fisico;80;100;15;0;rival;1;0;no;si;;no;;;;;;no;;amedrentar@20;;;
clamp;Tenaza;Clamp;water;fisico;35;85;15;0;rival;1;0;no;si;;no;;;;;;no;;estado:trapped;;;
swift;Meteoros;Swift;normal;especial;60;nunca;20;0;rivales;1;0;no;no;;no;;;;;;no;;;;;
skull_bash;Cabezazo;Skull Bash;normal;fisico;100;100;15;0;rival;1;0;carga;si;;no;;;;;;no;;;;;
spike_cannon;Clavo Cañón;Spike Cannon;normal;fisico;20;100;15;0;rival;2-5;0;no;no;;no;;;;;;no;;;;;
constrict;Restricción;Constrict;normal;fisico;10;100;35;0;rival;1;0;no;si;;no;;;;;;no;;stat:speed:-1@10;;;
amnesia;Amnesia;Amnesia;psychic;estado;0;nunca;20;0;propio;1;0;no;no;;no;;;;;;no;;stat_propio:sp_defense:+2;reiniciar_etapas;;
kinesis;Kinético;Kinesis;psychic;estado;0;80;15;0;rival;1;0;no;no;;no;;;;;;no;;stat:accuracy:-1;;;
soft_boiled;Ovocuración;Soft-Boiled;normal;estado;0;nunca;5;0;propio;1;0;no;no;;no;;;;;;no;;curar:50;reiniciar_etapas;;
high_jump_kick;Patada Salto Alta;High Jump Kick;fighting;fisico;130;90;10;0;rival;1;0;no;si;;no;;;;;;no;retroceso;;;;
glare;Deslumbrar;Glare;normal;estado;0;90;30;0;rival;1;0;no;no;;no;;;;;;no;;estado:paralysis;;;
dream_eater;Comesueños;Dream Eater;psychic;especial;100;100;15;0;rival;1;0;no;no;;no;;;rival.estado=sleep;;;no;;drenar:50;;;
poison_gas;Gas Venenoso;Poison Gas;poison;estado;0;80;40;0;rivales;1;0;no;no;;no;;;;;;no;;estado:poison;;;
barrage;Bombardeo;Barrage;normal;fisico;15;85;20;0;rival;2-5;0;no;no;;no;;;;;;no;bomba;;;;
leech_life;Chupavidas;Leech Life;bug;fisico;20;100;15;0;rival;1;0;no;si;;no;;;;;;no;;drenar:50;;;
lovely_kiss;Beso Amoroso;Lovely Kiss;normal;estado;0;75;10;0;rival;1;0;no;no;;no;;;;;;no;;estado:sleep;;;
sky_attack;Ataque Aéreo;Sky Attack;flying;fisico;140;90;5;0;rival;1;1;carga;no;;no;;;;;;no;;amedrentar@30;;;
transform;Transformación;Transform;normal;estado;0;nunca;10;0;rival;1;0;no;no;;no;;;;;;no;no_metronomo;transformarse;;;
bubble;Burbuja;Bubble;water;especial;20;100;30;0;rivales;1;0;no;no;;no;;;;;;no;;stat:speed:-1@10;;;
dizzy_punch;Puño Mareo;Dizzy Punch;normal;fisico;70;100;10;0;rival;1;0;no;si;;no;;;;;;no;puño;estado:confusion@20;;;
spore;Espora;Spore;grass;estado;0;100;15;0;rival;1;0;no;no;;no;;;;;;no;polvo;estado:sleep;stat_propio:sp_defense:+1;;
flash;Destello;Flash;normal;estado;0;100;20;0;rival;1;0;no;no;;no;;;;;;no;;stat:accuracy:-1;;;
psywave;Psicoonda;Psywave;psychic;especial;0;80;15;0;rival;1;0;no;no;nivel;no;;;;;;no;;;;;
splash;Salpicadura;Splash;normal;estado;0;nunca;40;0;propio;1;0;no;no;;no;;;;;;no;;;stat_propio:attack:+3;;
acid_armor;Armadura Ácida;Acid Armor;poison;estado;0;nunca;40;0;propio;1;0;no;no;;no;;;;;;no;;stat_propio:defense:+2;;;
crabhammer;Martillazo;Crabhammer;water;fisico;90;90;10;0;rival;1;1;no;si;;no;;;;;;no;;;;;
explosion;Explosión;Explosion;normal;fisico;250;100;5;0;todos;1;0;no;no;;no;;;;;;no;explosion;debilitarse;;;
fury_swipes;Golpes Furia;Fury Swipes;normal;fisico;18;80;15;0;rival;2-5;0;no;si;;no;;;;;;no;;;;;
bonemerang;Huesomerang;Bonemerang;ground;fisico;50;90;10;0;rival;2;0;no;no;;no;;;;;;no;;;;;
rest;Descanso;Rest;psychic;estado;0;nunca;5;0;propio;1;0;no;no;;no;;;;;;no;;curar_estado|curar:100|estado_propio:sleep;reiniciar_etapas;;
rock_slide;Avalancha;Rock Slide;rock;fisico;75;90;10;0;rivales;1;0;no;no;;no;;;;;;no;;amedrentar@30;;;
hyper_fang;Hipercolmillo;Hyper Fang;normal;fisico;80;90;15;0;rival;1;0;no;si;;no;;;;;;no;mordisco;amedrentar@10;;;
sharpen;Afilar;Sharpen;normal;estado;0;nunca;30;0;propio;1;0;no;no;;no;;;;;;no;;stat_propio:attack:+1;;;
conversion;Conversión;Conversion;normal;estado;0;nunca;30;0;propio;1;0;no;no;;no;;;;;;no;;cambiar_tipo;stat_propio:attack:+1 | stat_propio:defense:+1 | stat_propio:sp_attack:+1 | stat_propio:sp_defense:+1 | stat_propio:speed:+1;;
tri_attack;Triataque;Tri Attack;normal;especial;80;100;10;0;rival;1;0;no;no;;no;;;;;;no;;estado:burn@6,67|estado:paralysis@6,67|estado:freeze@6,67;;;
super_fang;Superdiente;Super Fang;normal;fisico;0;90;10;0;rival;1;0;no;si;mitad;no;;;;;;no;;;;;
slash;Cuchillada;Slash;normal;fisico;70;100;20;0;rival;1;1;no;si;;no;;;;;;no;corte;;;;
substitute;Sustituto;Substitute;normal;estado;0;nunca;10;0;propio;1;0;no;no;;no;;;;;;no;;sustituto;reiniciar_etapas;;
sketch;Esquema;Sketch;normal;estado;0;nunca;1;0;rival;1;0;no;no;;no;;;;;;no;no_metronomo;mimetico;;;
triple_kick;Triple Patada;Triple Kick;fighting;fisico;10;90;10;0;rival;3;0;no;si;;no;;;;;;no;;;;;
thief;Ladrón;Thief;dark;fisico;40;100;10;0;rival;1;0;no;si;;no;;;;;;no;no_metronomo;robar_objeto;;;
spider_web;Telaraña;Spider Web;bug;estado;0;nunca;10;0;rival;1;0;no;no;;no;;;;;;no;;estado:cant_escape;;;
mind_reader;Telépata;Mind Reader;normal;estado;0;nunca;5;0;rival;1;0;no;no;;no;;;;;;no;;estado_propio:lock_on;;;
nightmare;Pesadilla;Nightmare;ghost;estado;0;100;15;0;rival;1;0;no;no;;no;;;rival.estado=sleep;;;no;;estado:nightmare;;;
flame_wheel;Rueda Fuego;Flame Wheel;fire;fisico;60;100;25;0;rival;1;0;no;si;;no;;;;;;no;;estado:burn@10;;;
snore;Ronquido;Snore;normal;especial;40;100;15;0;rival;1;0;no;no;;no;;;propio.estado=sleep;;;no;sonido|dormido;amedrentar@30;;;
curse;Maldición;Curse;ghost;estado;0;nunca;10;0;rival;1;0;no;no;;no;;;;;;no;;retroceso_ps:50 [si propio.tipo=ghost]|estado:curse [si propio.tipo=ghost]|stat_propio:attack:+1 [si !propio.tipo=ghost]|stat_propio:defense:+1 [si !propio.tipo=ghost]|stat_propio:speed:-1 [si !propio.tipo=ghost];;;
flail;Azote;Flail;normal;fisico;1;100;15;0;rival;1;0;no;si;;no;;20+20*paso(-vida,-68.75)+40*paso(-vida,-35.42)+20*paso(-vida,-20.83)+50*paso(-vida,-10.42)+50*paso(-vida,-4.17);;;;no;;;;;
conversion_2;Conversión 2;Conversion 2;normal;estado;0;nunca;30;0;rival;1;0;no;no;;no;;;;;;no;;;;;
aeroblast;Aerochorro;Aeroblast;flying;especial;100;95;5;0;rival;1;1;no;no;;no;;;;;;no;;;;;
cotton_spore;Esporagodón;Cotton Spore;grass;estado;0;100;40;0;rivales;1;0;no;no;;no;;;;;;no;polvo;stat:speed:-2;;;
reversal;Inversión;Reversal;fighting;fisico;1;100;15;0;rival;1;0;no;si;;no;;20+20*paso(-vida,-68.75)+40*paso(-vida,-35.42)+20*paso(-vida,-20.83)+50*paso(-vida,-10.42)+50*paso(-vida,-4.17);;;;no;;;;;
spite;Rencor;Spite;ghost;estado;0;100;10;0;rival;1;0;no;no;;no;;;;;;no;;;;;
powder_snow;Nieve Polvo;Powder Snow;ice;especial;40;100;25;0;rivales;1;0;no;no;;no;;;;;;no;;estado:freeze@10;;;
protect;Protección;Protect;normal;estado;0;nunca;10;4;propio;1;0;no;no;;no;;;;;;no;no_metronomo;estado_propio:protect;reiniciar_etapas;;
mach_punch;Ultrapuño;Mach Punch;fighting;fisico;40;100;30;1;rival;1;0;no;si;;no;;;;;;no;puño;;;;
scary_face;Cara Susto;Scary Face;normal;estado;0;100;10;0;rival;1;0;no;no;;no;;;;;;no;;stat:speed:-2;;;
feint_attack;Finta;Feint Attack;dark;fisico;60;nunca;20;0;rival;1;0;no;si;;no;;;;;;no;;;;;
sweet_kiss;Beso Dulce;Sweet Kiss;normal;estado;0;75;10;0;rival;1;0;no;no;;no;;;;;;no;;estado:confusion;;;
belly_drum;Tambor;Belly Drum;normal;estado;0;nunca;10;0;propio;1;0;no;no;;no;;;;;;no;;retroceso_ps:50|stat_propio:attack:+6;curar:100;;
sludge_bomb;Bomba Lodo;Sludge Bomb;poison;especial;90;100;10;0;rival;1;0;no;no;;no;;;;;;no;bomba;estado:poison@30;;;
mud_slap;Bofetón Lodo;Mud-Slap;ground;especial;20;100;10;0;rival;1;0;no;no;;no;;;;;;no;;stat:accuracy:-1;;;
octazooka;Pulpocañón;Octazooka;water;especial;65;85;10;0;rival;1;0;no;no;;no;;;;;;no;bomba;stat:accuracy:-1@50;;;
spikes;Púas;Spikes;ground;estado;0;nunca;20;0;rivales;1;0;no;no;;no;;;;;;no;;trampa:spikes;stat_propio:defense:+1;;
zap_cannon;Electrocañón;Zap Cannon;electric;especial;120;50;5;0;rival;1;0;no;no;;no;;;;;;no;bomba;estado:paralysis;;;
foresight;Profecía;Foresight;normal;estado;0;nunca;40;0;rival;1;0;no;no;;no;;;;;;no;;estado:identified;;;
destiny_bond;Mismo Destino;Destiny Bond;ghost;estado;0;nunca;5;0;propio;1;0;no;no;;no;;;;;;no;no_metronomo;estado_propio:destiny_bond;;;
perish_song;Canto Mortal;Perish Song;normal;estado;0;nunca;5;0;todos;1;0;no;no;;no;;;;;;no;sonido;estado:perish_song|estado_propio:perish_song;;;
icy_wind;Viento Hielo;Icy Wind;ice;especial;55;95;15;0;rivales;1;0;no;no;;no;;;;;;no;;stat:speed:-1;;;
detect;Detección;Detect;fighting;estado;0;nunca;5;4;propio;1;0;no;no;;no;;;;;;no;no_metronomo;estado_propio:protect;reiniciar_etapas;;
bone_rush;Ataque Óseo;Bone Rush;ground;fisico;25;90;10;0;rival;2-5;0;no;no;;no;;;;;;no;;;;;
lock_on;Fijar Blanco;Lock-On;normal;estado;0;nunca;5;0;rival;1;0;no;no;;no;;;;;;no;;estado_propio:lock_on;;;
outrage;Enfado;Outrage;dragon;fisico;120;100;10;0;rival;1;0;no;si;;no;;;;;;no;;desenfreno:3:confusion;;;
sandstorm;Tormenta de Arena;Sandstorm;rock;estado;0;nunca;10;0;todos;1;0;no;no;;no;;;;;;no;;clima:sandstorm;;;
giga_drain;Gigadrenado;Giga Drain;grass;especial;75;100;10;0;rival;1;0;no;no;;no;;;;;;no;;drenar:50;;;
endure;Aguante;Endure;normal;estado;0;nunca;10;4;propio;1;0;no;no;;no;;;;;;no;no_metronomo;estado_propio:endure;;;
charm;Encanto;Charm;normal;estado;0;100;20;0;rival;1;0;no;no;;no;;;;;;no;;stat:attack:-2;;;
rollout;Rodar;Rollout;rock;fisico;30;90;20;0;rival;1;0;no;si;;no;;30*pow(2,min(seguidos,4));;;;no;;;;;
false_swipe;Falso Tortazo;False Swipe;normal;fisico;40;100;40;0;rival;1;0;no;si;;no;;;;;;no;;;;;
swagger;Fanfarronear;Swagger;normal;estado;0;90;15;0;rival;1;0;no;no;;no;;;;;;no;;estado:confusion|stat:attack:+2;;;
milk_drink;Batido;Milk Drink;normal;estado;0;nunca;5;0;propio;1;0;no;no;;no;;;;;;no;;curar:50;;;
spark;Chispa;Spark;electric;fisico;65;100;20;0;rival;1;0;no;si;;no;;;;;;no;;estado:paralysis@30;;;
fury_cutter;Corte Furia;Fury Cutter;bug;fisico;20;95;20;0;rival;1;0;no;si;;no;;10*pow(2,min(seguidos,4));;;;no;corte;;;;
steel_wing;Ala de Acero;Steel Wing;steel;fisico;70;90;25;0;rival;1;0;no;si;;no;;;;;;no;;stat_propio:defense:+1@10;;;
mean_look;Mal de Ojo;Mean Look;normal;estado;0;nunca;5;0;rival;1;0;no;no;;no;;;;;;no;;estado:cant_escape;;;
attract;Atracción;Attract;normal;estado;0;100;15;0;rival;1;0;no;no;;no;;;;;;no;;estado:infatuation;;;
sleep_talk;Sonámbulo;Sleep Talk;normal;estado;0;nunca;10;0;propio;1;0;no;no;;no;;;propio.estado=sleep;;;no;dormido|no_sonambulo|no_metronomo;sonambulo;;;
heal_bell;Cascabel Cura;Heal Bell;normal;estado;0;nunca;5;0;todos;1;0;no;no;;no;;;;;;no;sonido;curar_equipo;curar:100;;
return;Retribución;Return;normal;fisico;1;100;20;0;rival;1;0;no;si;;no;;amistad*10/25;;;;no;;;;;
present;Presente;Present;normal;fisico;40;90;15;0;rival;1;0;no;no;;no;;;;;;no;;;;;
frustration;Frustración;Frustration;normal;fisico;1;100;20;0;rival;1;0;no;si;;no;;(255-amistad)*10/25;;;;no;;;;;
safeguard;Velo Sagrado;Safeguard;normal;estado;0;nunca;25;0;propio;1;0;no;no;;no;;;;;;no;;lado:safeguard;;;
pain_split;Divide Dolor;Pain Split;normal;estado;0;nunca;20;0;rival;1;0;no;no;;no;;;;;;no;;dividir_dolor;;;
sacred_fire;Fuego Sagrado;Sacred Fire;fire;fisico;100;95;5;0;rival;1;0;no;no;;no;;;;;;no;;estado:burn@50;;;
magnitude;Magnitud;Magnitude;ground;fisico;1;100;30;0;todos;1;0;no;no;;no;;10+20*paso(azar,5)+20*paso(azar,15)+20*paso(azar,35)+20*paso(azar,65)+20*paso(azar,85)+40*paso(azar,95);;;;no;;;;;
dynamic_punch;Puño Dinámico;Dynamic Punch;fighting;fisico;100;50;5;0;rival;1;0;no;si;;no;;;;;;no;puño;estado:confusion;;;
megahorn;Megacuerno;Megahorn;bug;fisico;120;85;10;0;rival;1;0;no;si;;no;;;;;;no;;;;;
dragon_breath;Dragoaliento;Dragon Breath;dragon;especial;60;100;20;0;rival;1;0;no;no;;no;;;;;;no;;estado:paralysis@30;;;
baton_pass;Relevo;Baton Pass;normal;estado;0;nunca;40;0;propio;1;0;no;no;;no;;;;;;no;;relevo;;;
encore;Otra Vez;Encore;normal;estado;0;100;5;0;rival;1;0;no;no;;no;;;;;;no;;otra_vez:3;stat_propio:speed:+1;;
pursuit;Persecución;Pursuit;dark;fisico;40;100;20;0;rival;1;0;no;si;;no;;;;;;no;;;;;
rapid_spin;Giro Rápido;Rapid Spin;normal;fisico;20;100;40;0;rival;1;0;no;si;;no;;;;;;no;;quitar_trampas;;;
sweet_scent;Dulce Aroma;Sweet Scent;normal;estado;0;100;20;0;rivales;1;0;no;no;;no;;;;;;no;;stat:evasion:-2;;;
iron_tail;Cola Férrea;Iron Tail;steel;fisico;100;75;15;0;rival;1;0;no;si;;no;;;;;;no;;stat:defense:-1@30;;;
metal_claw;Garra Metal;Metal Claw;steel;fisico;50;95;35;0;rival;1;0;no;si;;no;;;;;;no;;stat_propio:attack:+1@10;;;
vital_throw;Llave Vital;Vital Throw;fighting;fisico;70;nunca;10;-1;rival;1;0;no;si;;no;;;;;;no;;;;;
morning_sun;Sol Matinal;Morning Sun;normal;estado;0;nunca;5;0;propio;1;0;no;no;;no;;;;;;no;;curar:50;reiniciar_etapas;;
synthesis;Fotosíntesis;Synthesis;grass;estado;0;nunca;5;0;propio;1;0;no;no;;no;;;;;;no;;curar:50;reiniciar_etapas;;
moonlight;Luz Lunar;Moonlight;normal;estado;0;nunca;5;0;propio;1;0;no;no;;no;;;;;;no;;curar:50;reiniciar_etapas;;
hidden_power;Poder Oculto;Hidden Power;normal;especial;1;100;15;0;rival;1;0;no;no;;no;;;;;;no;;;;;
cross_chop;Tajo Cruzado;Cross Chop;fighting;fisico;100;80;5;0;rival;1;1;no;si;;no;;;;;;no;;;;;
twister;Ciclón;Twister;dragon;especial;40;100;20;0;rivales;1;0;no;no;;no;;;;;;no;;amedrentar@20;;;
rain_dance;Danza Lluvia;Rain Dance;water;estado;0;nunca;5;0;todos;1;0;no;no;;no;;;;;;no;;clima:rain;;;
sunny_day;Día Soleado;Sunny Day;fire;estado;0;nunca;5;0;todos;1;0;no;no;;no;;;;;;no;;clima:sun;;;
crunch;Triturar;Crunch;dark;fisico;80;100;15;0;rival;1;0;no;si;;no;;;;;;no;mordisco;stat:defense:-1@20;;;
mirror_coat;Manto Espejo;Mirror Coat;psychic;especial;0;100;20;-5;rival;1;0;no;no;devolver_especial;no;;;;;;no;no_metronomo;;;;
psych_up;Autosugestión;Psych Up;normal;estado;0;nunca;10;0;rival;1;0;no;no;;no;;;;;;no;;copiar_etapas;;;
extreme_speed;Velocidad Extrema;Extreme Speed;normal;fisico;80;100;5;2;rival;1;0;no;si;;no;;;;;;no;;;;;
ancient_power;Poder Pasado;Ancient Power;rock;especial;60;100;5;0;rival;1;0;no;no;;no;;;;;;no;;stat_propio:attack:+1@10|stat_propio:defense:+1@10|stat_propio:sp_attack:+1@10|stat_propio:sp_defense:+1@10|stat_propio:speed:+1@10;;;
shadow_ball;Bola Sombra;Shadow Ball;ghost;especial;80;100;15;0;rival;1;0;no;no;;no;;;;;;no;bomba;stat:sp_defense:-1@20;;;
future_sight;Premonición;Future Sight;psychic;especial;100;100;10;0;rival;1;0;no;no;;no;;;;;;no;;premonicion:3;;;
rock_smash;Golpe Roca;Rock Smash;fighting;fisico;40;100;15;0;rival;1;0;no;si;;no;;;;;;no;;stat:defense:-1@50;;;
whirlpool;Torbellino;Whirlpool;water;especial;35;85;15;0;rival;1;0;no;no;;no;;;;;;no;;estado:trapped;;;
beat_up;Paliza;Beat Up;dark;fisico;10;100;10;0;rival;6;0;no;no;;no;;;;;;no;;;;;
fake_out;Sorpresa;Fake Out;normal;fisico;40;100;10;3;rival;1;0;no;si;;no;;;propio.turnos_campo<1;;;no;;amedrentar;;;
uproar;Alboroto;Uproar;normal;especial;90;100;10;0;rival;1;0;no;no;;no;;;;;;no;sonido;desenfreno:3;;;
stockpile;Reserva;Stockpile;normal;estado;0;nunca;20;0;propio;1;0;no;no;;no;;;;;;no;;reserva|stat_propio:defense:+1|stat_propio:sp_defense:+1;;;
spit_up;Escupir;Spit Up;normal;especial;1;100;10;0;rival;1;0;no;no;;no;;100*reserva;propio.reserva>0;;;no;;usar_reserva;;;
swallow;Tragar;Swallow;normal;estado;0;nunca;10;0;propio;1;0;no;no;;no;;;propio.reserva>0;;;no;;usar_reserva:curar;;;
heat_wave;Onda Ígnea;Heat Wave;fire;especial;100;90;10;0;rivales;1;0;no;no;;no;;;;;;no;;estado:burn@10;;;
hail;Granizo;Hail;ice;estado;0;nunca;10;0;todos;1;0;no;no;;no;;;;;;no;;clima:hail;;;
torment;Tormento;Torment;dark;estado;0;100;15;0;rival;1;0;no;no;;no;;;;;;no;;estado:torment;;;
flatter;Camelo;Flatter;dark;estado;0;100;15;0;rival;1;0;no;no;;no;;;;;;no;;estado:confusion|stat:sp_attack:+1;;;
will_o_wisp;Fuego Fatuo;Will-O-Wisp;fire;estado;0;75;15;0;rival;1;0;no;no;;no;;;;;;no;;estado:burn;stat_propio:attack:+1;;
memento;Legado;Memento;dark;estado;0;100;10;0;rival;1;0;no;no;;no;;;;;;no;;stat:attack:-2|stat:sp_attack:-2|debilitarse;;;
facade;Fachada;Facade;normal;fisico;70;100;20;0;rival;1;0;no;si;;no;x2 [si propio.estado];;;;;no;;;;;
focus_punch;Puño Certero;Focus Punch;fighting;fisico;150;100;20;-3;rival;1;0;no;si;;no;;;!propio.dañado;;;no;puño|no_metronomo;;;;
smelling_salts;Estímulo;Smelling Salts;normal;fisico;60;100;10;0;rival;1;0;no;si;;no;x2 [si rival.estado=paralysis];;;;;no;;curar_estado_rival:paralysis [si rival.estado=paralysis];;;
follow_me;Señuelo;Follow Me;normal;estado;0;nunca;20;3;propio;1;0;no;no;;no;;;;;;no;no_metronomo;;;;
nature_power;Adaptación;Nature Power;normal;estado;0;nunca;20;0;rival;1;0;no;no;;no;;;;;;no;;usar:tri_attack;;;
charge;Carga;Charge;electric;estado;0;nunca;20;0;propio;1;0;no;no;;no;;;;;;no;;estado_propio:charge|stat_propio:sp_defense:+1;;;
taunt;Mofa;Taunt;dark;estado;0;100;20;0;rival;1;0;no;no;;no;;;;;;no;;estado:taunt;stat_propio:attack:+1;;
helping_hand;Refuerzo;Helping Hand;normal;estado;0;nunca;20;5;aliado;1;0;no;no;;no;;;;;;no;no_metronomo;;;;
trick;Truco;Trick;psychic;estado;0;100;10;0;rival;1;0;no;no;;no;;;;;;no;no_metronomo;cambiar_objetos;;;
role_play;Imitación;Role Play;psychic;estado;0;nunca;10;0;rival;1;0;no;no;;no;;;;;;no;;copiar_habilidad;;;
wish;Deseo;Wish;normal;estado;0;nunca;10;0;propio;1;0;no;no;;no;;;;;;no;;deseo:2:50;stat_propio:sp_defense:+1;;
assist;Ayuda;Assist;normal;estado;0;nunca;20;0;propio;1;0;no;no;;no;;;;;;no;no_metronomo;ayuda;;;
ingrain;Arraigo;Ingrain;grass;estado;0;nunca;20;0;propio;1;0;no;no;;no;;;;;;no;;estado_propio:ingrain;;;
superpower;Fuerza Bruta;Superpower;fighting;fisico;120;100;5;0;rival;1;0;no;si;;no;;;;;;no;;stat_propio:attack:-1|stat_propio:defense:-1;;;
magic_coat;Capa Mágica;Magic Coat;psychic;estado;0;nunca;15;4;propio;1;0;no;no;;no;;;;;;no;;estado_propio:magic_coat;;;
recycle;Reciclaje;Recycle;normal;estado;0;nunca;10;0;propio;1;0;no;no;;no;;;;;;no;;reciclar;;;
revenge;Desquite;Revenge;fighting;fisico;60;100;10;-4;rival;1;0;no;si;;no;x2 [si propio.dañado];;;;;no;;;;;
brick_break;Demolición;Brick Break;fighting;fisico;75;100;15;0;rival;1;0;no;si;;no;;;;;;no;;quitar_lado;;;
yawn;Bostezo;Yawn;normal;estado;0;nunca;10;0;rival;1;0;no;no;;no;;;;;;no;;estado:drowsy;;;
knock_off;Desarme;Knock Off;dark;fisico;20;100;20;0;rival;1;0;no;si;;no;;;;;;no;;quitar_objeto;;;
endeavor;Esfuerzo;Endeavor;normal;fisico;0;100;5;0;rival;1;0;no;si;esfuerzo;no;;;;;;no;;;;;
eruption;Estallido;Eruption;fire;especial;150;100;5;0;rivales;1;0;no;no;;no;;max(1,150*vida/100);;;;no;;;;;
skill_swap;Intercambio;Skill Swap;psychic;estado;0;nunca;10;0;rival;1;0;no;no;;no;;;;;;no;;cambiar_habilidades;;;
imprison;Sellar;Imprison;psychic;estado;0;nunca;10;0;propio;1;0;no;no;;no;;;;;;no;;estado_propio:imprison;;;
refresh;Alivio;Refresh;normal;estado;0;nunca;20;0;propio;1;0;no;no;;no;;;;;;no;;curar_estado;;;
grudge;Rabia;Grudge;ghost;estado;0;nunca;5;0;propio;1;0;no;no;;no;;;;;;no;;estado_propio:grudge;;;
snatch;Robo;Snatch;dark;estado;0;nunca;10;4;propio;1;0;no;no;;no;;;;;;no;no_metronomo;estado_propio:snatch;;;
secret_power;Daño Secreto;Secret Power;normal;fisico;70;100;20;0;rival;1;0;no;no;;no;;;;;;no;;estado:paralysis@30;;;
dive;Buceo;Dive;water;fisico;80;100;10;0;rival;1;0;carga;si;;no;;;;;;no;semiinvulnerable;;;;
arm_thrust;Empujón;Arm Thrust;fighting;fisico;15;100;20;0;rival;2-5;0;no;si;;no;;;;;;no;;;;;
camouflage;Camuflaje;Camouflage;normal;estado;0;nunca;20;0;propio;1;0;no;no;;no;;;;;;no;;cambiar_tipo:normal;;;
tail_glow;Luminicola;Tail Glow;bug;estado;0;nunca;20;0;propio;1;0;no;no;;no;;;;;;no;;stat_propio:sp_attack:+3;;;
luster_purge;Resplandor;Luster Purge;psychic;especial;95;100;5;0;rival;1;0;no;no;;no;;;;;;no;;stat:sp_defense:-1@50;;;
mist_ball;Bola Neblina;Mist Ball;psychic;especial;70;100;5;0;rival;1;0;no;no;;no;;;;;;no;bomba;stat:sp_attack:-1@50;;;
feather_dance;Danza Pluma;Feather Dance;flying;estado;0;100;15;0;rival;1;0;no;no;;no;;;;;;no;danza;stat:attack:-2;;;
teeter_dance;Danza Caos;Teeter Dance;normal;estado;0;100;20;0;todos;1;0;no;no;;no;;;;;;no;danza;estado:confusion;;;
blaze_kick;Patada Ígnea;Blaze Kick;fire;fisico;85;90;10;0;rival;1;1;no;si;;no;;;;;;no;;estado:burn@10;;;
mud_sport;Chapoteo Lodo;Mud Sport;ground;estado;0;nunca;15;0;todos;1;0;no;no;;no;;;;;;no;;lado:mud_sport;;;
ice_ball;Bola Hielo;Ice Ball;ice;fisico;30;90;20;0;rival;1;0;no;si;;no;;30*pow(2,min(seguidos,4));;;;no;bomba;;;;
needle_arm;Brazo Pincho;Needle Arm;grass;fisico;60;100;15;0;rival;1;0;no;si;;no;;;;;;no;;amedrentar@30;;;
slack_off;Relajo;Slack Off;normal;estado;0;nunca;5;0;propio;1;0;no;no;;no;;;;;;no;;curar:50;reiniciar_etapas;;
hyper_voice;Vozarrón;Hyper Voice;normal;especial;90;100;10;0;rivales;1;0;no;no;;no;;;;;;no;sonido;;;;
poison_fang;Colmillo Veneno;Poison Fang;poison;fisico;50;100;15;0;rival;1;0;no;si;;no;;;;;;no;mordisco;estado:poison@50;;;
crush_claw;Garra Brutal;Crush Claw;normal;fisico;75;95;10;0;rival;1;0;no;si;;no;;;;;;no;;stat:defense:-1@50;;;
blast_burn;Anillo Ígneo;Blast Burn;fire;especial;150;90;5;0;rival;1;0;recarga;no;;no;;;;;;no;;;;;
hydro_cannon;Hidrocañón;Hydro Cannon;water;especial;150;90;5;0;rival;1;0;recarga;no;;no;;;;;;no;;;;;
meteor_mash;Puño Meteoro;Meteor Mash;steel;fisico;100;85;10;0;rival;1;0;no;si;;no;;;;;;no;puño;stat_propio:attack:+1@20;;;
astonish;Impresionar;Astonish;ghost;fisico;30;100;15;0;rival;1;0;no;si;;no;;;;;;no;;amedrentar@30;;;
weather_ball;Meteorobola;Weather Ball;normal;especial;50;100;10;0;rival;1;0;no;no;;no;x2 [si clima=rain] | x2 [si clima=sun] | x2 [si clima=hail] | x2 [si clima=sandstorm];;;;;no;bomba;;;rain:water|sun:fire|hail:ice|sandstorm:rock;
aromatherapy;Aromaterapia;Aromatherapy;grass;estado;0;nunca;5;0;todos;1;0;no;no;;no;;;;;;no;;curar_equipo;curar:100;;
fake_tears;Llanto Falso;Fake Tears;dark;estado;0;100;20;0;rival;1;0;no;no;;no;;;;;;no;;stat:sp_defense:-2;;;
air_cutter;Aire Afilado;Air Cutter;flying;especial;55;95;25;0;rivales;1;1;no;no;;no;;;;;;no;corte;;;;
overheat;Sofoco;Overheat;fire;especial;140;90;5;0;rival;1;0;no;no;;no;;;;;;no;;stat_propio:sp_attack:-2;;;
odor_sleuth;Rastreo;Odor Sleuth;normal;estado;0;nunca;40;0;rival;1;0;no;no;;no;;;;;;no;;estado:identified;;;
rock_tomb;Tumba Rocas;Rock Tomb;rock;fisico;50;80;10;0;rival;1;0;no;no;;no;;;;;;no;;stat:speed:-1;;;
silver_wind;Viento Plata;Silver Wind;bug;especial;60;100;5;0;rival;1;0;no;no;;no;;;;;;no;;stat_propio:attack:+1@10|stat_propio:defense:+1@10|stat_propio:sp_attack:+1@10|stat_propio:sp_defense:+1@10|stat_propio:speed:+1@10;;;
metal_sound;Eco Metálico;Metal Sound;steel;estado;0;85;40;0;rival;1;0;no;no;;no;;;;;;no;sonido;stat:sp_defense:-2;;;
grass_whistle;Silbato;Grass Whistle;grass;estado;0;55;15;0;rival;1;0;no;no;;no;;;;;;no;sonido;estado:sleep;;;
tickle;Cosquillas;Tickle;normal;estado;0;100;20;0;rival;1;0;no;no;;no;;;;;;no;;stat:attack:-1|stat:defense:-1;;;
cosmic_power;Masa Cósmica;Cosmic Power;psychic;estado;0;nunca;20;0;propio;1;0;no;no;;no;;;;;;no;;stat_propio:defense:+1|stat_propio:sp_defense:+1;;;
water_spout;Salpicar;Water Spout;water;especial;150;100;5;0;rivales;1;0;no;no;;no;;max(1,150*vida/100);;;;no;;;;;
signal_beam;Rayo Señal;Signal Beam;bug;especial;75;100;15;0;rival;1;0;no;no;;no;;;;;;no;;estado:confusion@10;;;
shadow_punch;Puño Sombra;Shadow Punch;ghost;fisico;60;nunca;20;0;rival;1;0;no;si;;no;;;;;;no;puño;;;;
extrasensory;Paranormal;Extrasensory;psychic;especial;80;100;30;0;rival;1;0;no;no;;no;;;;;;no;;amedrentar@10;;;
sky_uppercut;Gancho Alto;Sky Uppercut;fighting;fisico;85;90;15;0;rival;1;0;no;si;;no;;;;;;no;puño;;;;
sand_tomb;Bucle Arena;Sand Tomb;ground;fisico;35;85;15;0;rival;1;0;no;no;;no;;;;;;no;;estado:trapped;;;
sheer_cold;Frío Polar;Sheer Cold;ice;especial;0;30;5;0;rival;1;0;no;no;ko;no;;;;;;no;;;;;
muddy_water;Agua Lodosa;Muddy Water;water;especial;95;85;10;0;rivales;1;0;no;no;;no;;;;;;no;;stat:accuracy:-1@30;;;
bullet_seed;Semilladora;Bullet Seed;grass;fisico;25;100;30;0;rival;2-5;0;no;no;;no;;;;;;no;bomba;;;;
aerial_ace;Golpe Aéreo;Aerial Ace;flying;fisico;60;nunca;20;0;rival;1;0;no;si;;no;;;;;;no;corte;;;;
icicle_spear;Carámbano;Icicle Spear;ice;fisico;25;100;30;0;rival;2-5;0;no;no;;no;;;;;;no;;;;;
iron_defense;Defensa Férrea;Iron Defense;steel;estado;0;nunca;15;0;propio;1;0;no;no;;no;;;;;;no;;stat_propio:defense:+2;reiniciar_etapas;;
block;Bloqueo;Block;normal;estado;0;nunca;5;0;rival;1;0;no;no;;no;;;;;;no;;estado:cant_escape;;;
howl;Aullido;Howl;normal;estado;0;nunca;40;0;todos;1;0;no;no;;no;;;;;;no;sonido;stat:attack:+1;;;
dragon_claw;Garra Dragón;Dragon Claw;dragon;fisico;80;100;15;0;rival;1;0;no;si;;no;;;;;;no;;;;;
frenzy_plant;Planta Feroz;Frenzy Plant;grass;especial;150;90;5;0;rival;1;0;recarga;no;;no;;;;;;no;;;;;
bulk_up;Corpulencia;Bulk Up;fighting;estado;0;nunca;20;0;propio;1;0;no;no;;no;;;;;;no;;stat_propio:attack:+1|stat_propio:defense:+1;stat_propio:attack:+1;;
bounce;Bote;Bounce;flying;fisico;85;85;5;0;rival;1;0;carga;si;;no;;;;;;no;semiinvulnerable;estado:paralysis@30;;;
mud_shot;Disparo Lodo;Mud Shot;ground;especial;55;95;15;0;rival;1;0;no;no;;no;;;;;;no;;stat:speed:-1;;;
poison_tail;Cola Veneno;Poison Tail;poison;fisico;50;100;25;0;rival;1;1;no;si;;no;;;;;;no;;estado:poison@10;;;
covet;Antojo;Covet;normal;fisico;60;100;40;0;rival;1;0;no;si;;no;;;;;;no;no_metronomo;robar_objeto;;;
volt_tackle;Placaje Eléctrico;Volt Tackle;electric;fisico;120;100;15;0;rival;1;0;no;si;;no;;;;;;no;retroceso;estado:paralysis@10|retroceso:33;;;
magical_leaf;Hoja Mágica;Magical Leaf;grass;especial;60;nunca;20;0;rival;1;0;no;no;;no;;;;;;no;;;;;
water_sport;Hidrochorro;Water Sport;water;estado;0;nunca;15;0;todos;1;0;no;no;;no;;;;;;no;;lado:water_sport;;;
calm_mind;Paz Mental;Calm Mind;psychic;estado;0;nunca;20;0;propio;1;0;no;no;;no;;;;;;no;;stat_propio:sp_attack:+1|stat_propio:sp_defense:+1;reiniciar_etapas;;
leaf_blade;Hoja Aguda;Leaf Blade;grass;fisico;90;100;15;0;rival;1;1;no;si;;no;;;;;;no;corte;;;;
dragon_dance;Danza Dragón;Dragon Dance;dragon;estado;0;nunca;20;0;propio;1;0;no;no;;no;;;;;;no;danza;stat_propio:attack:+1|stat_propio:speed:+1;reiniciar_etapas;;
rock_blast;Pedrada;Rock Blast;rock;fisico;25;90;10;0;rival;2-5;0;no;no;;no;;;;;;no;bomba;;;;
shock_wave;Onda Voltio;Shock Wave;electric;especial;60;nunca;20;0;rival;1;0;no;no;;no;;;;;;no;;;;;
water_pulse;Hidropulso;Water Pulse;water;especial;60;100;20;0;rival;1;0;no;no;;no;;;;;;no;pulso;estado:confusion@20;;;
doom_desire;Deseo Oculto;Doom Desire;steel;especial;140;100;5;0;rival;1;0;no;no;;no;;;;;;no;;premonicion:3;;;
psycho_boost;Psicoataque;Psycho Boost;psychic;especial;140;90;5;0;rival;1;0;no;no;;no;;;;;;no;;stat_propio:sp_attack:-2;;;
roost;Respiro;Roost;flying;estado;0;nunca;5;0;propio;1;0;no;no;;no;;;;;;no;;curar:50|estado_propio:roost;reiniciar_etapas;;
gravity;Gravedad;Gravity;psychic;estado;0;nunca;5;0;todos;1;0;no;no;;no;;;;;;no;;lado:gravity;;;
miracle_eye;Gran Ojo;Miracle Eye;psychic;estado;0;nunca;40;0;rival;1;0;no;no;;no;;;;;;no;;estado:miracle_eye;;;
wake_up_slap;Espabila;Wake-Up Slap;fighting;fisico;60;100;10;0;rival;1;0;no;si;;no;x2 [si rival.estado=sleep];;;;;no;;curar_estado_rival:sleep [si rival.estado=sleep];;;
hammer_arm;Machada;Hammer Arm;fighting;fisico;100;90;10;0;rival;1;0;no;si;;no;;;;;;no;puño;stat_propio:speed:-1;;;
gyro_ball;Giro Bola;Gyro Ball;steel;fisico;1;100;5;0;rival;1;0;no;si;;no;;min(150,1+25*velocidad_rival/max(1,velocidad));;;;no;bomba;;;;
healing_wish;Deseo Cura;Healing Wish;psychic;estado;0;nunca;10;0;propio;1;0;no;no;;no;;;;;;no;;deseo_cura|debilitarse;;;
brine;Salmuera;Brine;water;especial;65;100;10;0;rival;1;0;no;no;;no;x2 [si rival.vida<=50];;;;;no;;;;;
natural_gift;Don Natural;Natural Gift;normal;fisico;60;100;15;0;rival;1;0;no;no;;no;;;;;;no;;;;;
feint;Amago;Feint;normal;fisico;30;100;10;2;rival;1;0;no;no;;no;;;;;;no;rompe_proteccion|no_metronomo;;;;
pluck;Picoteo;Pluck;flying;fisico;60;100;20;0;rival;1;0;no;si;;no;;;;;;no;;comer_baya;;;
tailwind;Viento Afín;Tailwind;flying;estado;0;nunca;30;0;propio;1;0;no;no;;no;;;;;;no;;lado:tailwind;foco:2;;
acupressure;Acupresión;Acupressure;normal;estado;0;nunca;30;0;propio;1;0;no;no;;no;;;;;;no;;stat_al_azar:2;;;
metal_burst;Represión Metal;Metal Burst;steel;fisico;0;100;10;0;rival;1;0;no;no;devolver:150;no;;;;;;no;;;;;
u_turn;Ida y Vuelta;U-turn;bug;fisico;70;100;20;0;rival;1;0;no;si;;no;;;;;;no;;cambio_propio;;;
close_combat;A Bocajarro;Close Combat;fighting;fisico;120;100;5;0;rival;1;0;no;si;;no;;;;;;no;;stat_propio:defense:-1|stat_propio:sp_defense:-1;;;
payback;Vendetta;Payback;dark;fisico;50;100;10;0;rival;1;0;no;si;;no;x2 [si rival.ya_actuo];;;;;no;;;;;
assurance;Buena Baza;Assurance;dark;fisico;50;100;10;0;rival;1;0;no;si;;no;x2 [si rival.dañado];;;;;no;;;;;
embargo;Embargo;Embargo;dark;estado;0;100;15;0;rival;1;0;no;no;;no;;;;;;no;;estado:embargo;;;
fling;Lanzamiento;Fling;dark;fisico;40;100;10;0;rival;1;0;no;no;;no;;;;;;no;;;;;
psycho_shift;Psicocambio;Psycho Shift;psychic;estado;0;90;10;0;rival;1;0;no;no;;no;;;;;;no;;pasar_estado;;;
trump_card;As Oculto;Trump Card;normal;especial;1;nunca;5;0;rival;1;0;no;si;;no;;40+10*paso(-pp,-3)+10*paso(-pp,-2)+20*paso(-pp,-1)+120*paso(-pp,0);;;;no;;;;;
heal_block;Anticura;Heal Block;psychic;estado;0;100;15;0;rivales;1;0;no;no;;no;;;;;;no;;estado:heal_block;;;
wring_out;Estrujón;Wring Out;normal;especial;1;100;5;0;rival;1;0;no;si;;no;;1+120*vida_rival/100;;;;no;;;;;
power_trick;Truco Fuerza;Power Trick;psychic;estado;0;nunca;10;0;propio;1;0;no;no;;no;;;;;;no;;cambiar_stats:attack,defense;;;
gastro_acid;Bilis;Gastro Acid;poison;estado;0;100;10;0;rival;1;0;no;no;;no;;;;;;no;;estado:gastro_acid;;;
lucky_chant;Conjuro;Lucky Chant;normal;estado;0;nunca;30;0;propio;1;0;no;no;;no;;;;;;no;;lado:lucky_chant;;;
me_first;Yo Primero;Me First;normal;estado;0;nunca;20;0;rival;1;0;no;no;;no;;;;;;no;no_metronomo;yo_primero;;;
copycat;Copión;Copycat;normal;estado;0;nunca;20;0;propio;1;0;no;no;;no;;;;;;no;no_metronomo;espejo;;;
power_swap;Cambiafuerza;Power Swap;psychic;estado;0;nunca;10;0;rival;1;0;no;no;;no;;;;;;no;;intercambiar_etapas:attack,sp_attack;;;
guard_swap;Cambiadefensa;Guard Swap;psychic;estado;0;nunca;10;0;rival;1;0;no;no;;no;;;;;;no;;intercambiar_etapas:defense,sp_defense;;;
punishment;Castigo;Punishment;dark;fisico;1;100;5;0;rival;1;0;no;si;;no;;min(200,60+20*subidas_rival);;;;no;;;;;
last_resort;Última Baza;Last Resort;normal;fisico;140;100;5;0;rival;1;0;no;si;;no;;;propio.uso_todos;;;no;;;;;
worry_seed;Abatidoras;Worry Seed;grass;estado;0;100;10;0;rival;1;0;no;no;;no;;;;;;no;;poner_habilidad:insomnia;;;
sucker_punch;Golpe Bajo;Sucker Punch;dark;fisico;80;100;5;1;rival;1;0;no;si;;no;;;rival.va_a_atacar & !rival.ya_actuo;;;no;;;;;
toxic_spikes;Púas Tóxicas;Toxic Spikes;poison;estado;0;nunca;20;0;rivales;1;0;no;no;;no;;;;;;no;;trampa:toxic_spikes;stat_propio:defense:+1;;
heart_swap;Cambiaalmas;Heart Swap;psychic;estado;0;nunca;10;0;rival;1;0;no;no;;no;;;;;;no;;intercambiar_etapas;;;
aqua_ring;Acua Aro;Aqua Ring;water;estado;0;nunca;20;0;propio;1;0;no;no;;no;;;;;;no;;estado_propio:aqua_ring;;;
magnet_rise;Levitón;Magnet Rise;electric;estado;0;nunca;10;0;propio;1;0;no;no;;no;;;;;;no;;estado_propio:magnet_rise;;;
flare_blitz;Envite Ígneo;Flare Blitz;fire;fisico;120;100;15;0;rival;1;0;no;si;;no;;;;;;no;retroceso;estado:burn@10|retroceso:33;;;
force_palm;Palmeo;Force Palm;fighting;fisico;60;100;10;0;rival;1;0;no;si;;no;;;;;;no;;estado:paralysis@30;;;
aura_sphere;Esfera Aural;Aura Sphere;fighting;especial;90;nunca;20;0;rival;1;0;no;no;;no;;;;;;no;pulso|bomba;;;;
rock_polish;Pulimento;Rock Polish;rock;estado;0;nunca;20;0;propio;1;0;no;no;;no;;;;;;no;;stat_propio:speed:+2;reiniciar_etapas;;
poison_jab;Puya Nociva;Poison Jab;poison;fisico;80;100;20;0;rival;1;0;no;si;;no;;;;;;no;;estado:poison@30;;;
dark_pulse;Pulso Umbrío;Dark Pulse;dark;especial;80;100;15;0;rival;1;0;no;no;;no;;;;;;no;pulso;amedrentar@20;;;
night_slash;Tajo Umbrío;Night Slash;dark;fisico;70;100;15;0;rival;1;1;no;si;;no;;;;;;no;corte;;;;
aqua_tail;Acua Cola;Aqua Tail;water;fisico;90;90;10;0;rival;1;0;no;si;;no;;;;;;no;;;;;
seed_bomb;Bomba Germen;Seed Bomb;grass;fisico;80;100;15;0;rival;1;0;no;no;;no;;;;;;no;bomba;;;;
air_slash;Tajo Aéreo;Air Slash;flying;especial;75;95;20;0;rival;1;0;no;no;;no;;;;;;no;corte;amedrentar@30;;;
x_scissor;Tijera X;X-Scissor;bug;fisico;80;100;15;0;rival;1;0;no;si;;no;;;;;;no;corte;;;;
bug_buzz;Zumbido;Bug Buzz;bug;especial;90;100;10;0;rival;1;0;no;no;;no;;;;;;no;sonido;stat:sp_defense:-1@10;;;
dragon_pulse;Pulso Dragón;Dragon Pulse;dragon;especial;90;100;10;0;rival;1;0;no;no;;no;;;;;;no;pulso;;;;
dragon_rush;Carga Dragón;Dragon Rush;dragon;fisico;100;75;10;0;rival;1;0;no;si;;no;;;;;;no;;amedrentar@20;;;
power_gem;Joya de Luz;Power Gem;rock;especial;70;100;20;0;rival;1;0;no;no;;no;;;;;;no;;;;;
drain_punch;Puño Drenaje;Drain Punch;fighting;fisico;75;100;10;0;rival;1;0;no;si;;no;;;;;;no;puño;drenar:50;;;
vacuum_wave;Onda Vacío;Vacuum Wave;fighting;especial;40;100;30;1;rival;1;0;no;no;;no;;;;;;no;;;;;
focus_blast;Onda Certera;Focus Blast;fighting;especial;120;70;5;0;rival;1;0;no;no;;no;;;;;;no;bomba;stat:sp_defense:-1@10;;;
energy_ball;Energibola;Energy Ball;grass;especial;80;100;10;0;rival;1;0;no;no;;no;;;;;;no;bomba;stat:sp_defense:-1@10;;;
brave_bird;Pájaro Osado;Brave Bird;flying;fisico;120;100;15;0;rival;1;0;no;si;;no;;;;;;no;retroceso;retroceso:33;;;
earth_power;Tierra Viva;Earth Power;ground;especial;90;100;10;0;rival;1;0;no;no;;no;;;;;;no;;stat:sp_defense:-1@10;;;
switcheroo;Trapicheo;Switcheroo;dark;estado;0;100;10;0;rival;1;0;no;no;;no;;;;;;no;no_metronomo;cambiar_objetos;;;
giga_impact;Gigaimpacto;Giga Impact;normal;fisico;150;90;5;0;rival;1;0;recarga;si;;no;;;;;;no;;;;;
nasty_plot;Maquinación;Nasty Plot;dark;estado;0;nunca;20;0;propio;1;0;no;no;;no;;;;;;no;;stat_propio:sp_attack:+2;reiniciar_etapas;;
bullet_punch;Puño Bala;Bullet Punch;steel;fisico;40;100;30;1;rival;1;0;no;si;;no;;;;;;no;puño;;;;
avalanche;Alud;Avalanche;ice;fisico;60;100;10;-4;rival;1;0;no;si;;no;x2 [si propio.dañado];;;;;no;;;;;
ice_shard;Esquirla Helada;Ice Shard;ice;fisico;40;100;30;1;rival;1;0;no;no;;no;;;;;;no;;;;;
shadow_claw;Garra Umbría;Shadow Claw;ghost;fisico;70;100;15;0;rival;1;1;no;si;;no;;;;;;no;;;;;
thunder_fang;Colmillo Rayo;Thunder Fang;electric;fisico;65;95;15;0;rival;1;0;no;si;;no;;;;;;no;mordisco;estado:paralysis@10|amedrentar@10;;;
ice_fang;Colmillo Hielo;Ice Fang;ice;fisico;65;95;15;0;rival;1;0;no;si;;no;;;;;;no;mordisco;estado:freeze@10|amedrentar@10;;;
fire_fang;Colmillo Ígneo;Fire Fang;fire;fisico;65;95;15;0;rival;1;0;no;si;;no;;;;;;no;mordisco;estado:burn@10|amedrentar@10;;;
shadow_sneak;Sombra Vil;Shadow Sneak;ghost;fisico;40;100;30;1;rival;1;0;no;si;;no;;;;;;no;;;;;
mud_bomb;Bomba Fango;Mud Bomb;ground;especial;65;85;10;0;rival;1;0;no;no;;no;;;;;;no;bomba;stat:accuracy:-1@30;;;
psycho_cut;Psicocorte;Psycho Cut;psychic;fisico;70;100;20;0;rival;1;1;no;no;;no;;;;;;no;corte;;;;
zen_headbutt;Cabezazo Zen;Zen Headbutt;psychic;fisico;80;90;15;0;rival;1;0;no;si;;no;;;;;;no;;amedrentar@20;;;
mirror_shot;Disparo Espejo;Mirror Shot;steel;especial;65;85;10;0;rival;1;0;no;no;;no;;;;;;no;;stat:accuracy:-1@30;;;
flash_cannon;Cañón Resplandor;Flash Cannon;steel;especial;80;100;10;0;rival;1;0;no;no;;no;;;;;;no;;stat:sp_defense:-1@10;;;
rock_climb;Treparrocas;Rock Climb;normal;fisico;90;85;20;0;rival;1;0;no;si;;no;;;;;;no;;estado:confusion@20;;;
defog;Despejar;Defog;flying;estado;0;nunca;15;0;rival;1;0;no;no;;no;;;;;;no;;stat:evasion:-1|quitar_trampas_rival|quitar_lado:reflect:light_screen:safeguard:mist;stat_propio:accuracy:+1;;
trick_room;Espacio Raro;Trick Room;psychic;estado;0;nunca;5;-7;todos;1;0;no;no;;no;;;;;;no;;lado:trick_room;stat_propio:accuracy:+1;;
draco_meteor;Cometa Draco;Draco Meteor;dragon;especial;140;90;5;0;rival;1;0;no;no;;no;;;;;;no;;stat_propio:sp_attack:-2;;;
discharge;Chispazo;Discharge;electric;especial;80;100;15;0;todos;1;0;no;no;;no;;;;;;no;;estado:paralysis@30;;;
lava_plume;Humareda;Lava Plume;fire;especial;80;100;15;0;todos;1;0;no;no;;no;;;;;;no;;estado:burn@30;;;
leaf_storm;Lluevehojas;Leaf Storm;grass;especial;140;90;5;0;rival;1;0;no;no;;no;;;;;;no;;stat_propio:sp_attack:-2;;;
power_whip;Latigazo;Power Whip;grass;fisico;120;85;10;0;rival;1;0;no;si;;no;;;;;;no;;;;;
rock_wrecker;Romperrocas;Rock Wrecker;rock;fisico;150;90;5;0;rival;1;0;recarga;no;;no;;;;;;no;bomba;;;;
cross_poison;Veneno X;Cross Poison;poison;fisico;70;100;20;0;rival;1;1;no;si;;no;;;;;;no;corte;estado:poison@10;;;
gunk_shot;Lanzamugre;Gunk Shot;poison;fisico;120;70;5;0;rival;1;0;no;no;;no;;;;;;no;;estado:poison@30;;;
iron_head;Cabeza de Hierro;Iron Head;steel;fisico;80;100;15;0;rival;1;0;no;si;;no;;;;;;no;;amedrentar@30;;;
magnet_bomb;Bomba Imán;Magnet Bomb;steel;fisico;60;nunca;20;0;rival;1;0;no;no;;no;;;;;;no;bomba;;;;
stone_edge;Roca Afilada;Stone Edge;rock;fisico;100;80;5;0;rival;1;1;no;no;;no;;;;;;no;;;;;
captivate;Seducción;Captivate;normal;estado;0;100;20;0;rivales;1;0;no;no;;no;;;;;;no;;stat:sp_attack:-2;;;
stealth_rock;Trampa Rocas;Stealth Rock;rock;estado;0;nunca;20;0;rivales;1;0;no;no;;no;;;;;;no;;trampa:stealth_rock;stat_propio:defense:+1;;
grass_knot;Hierba Lazo;Grass Knot;grass;especial;1;100;20;0;rival;1;0;no;si;;no;;20+20*paso(peso_rival,10)+20*paso(peso_rival,25)+20*paso(peso_rival,50)+20*paso(peso_rival,100)+20*paso(peso_rival,200);;;;no;;;;;
chatter;Cháchara;Chatter;flying;especial;60;100;20;0;rival;1;0;no;no;;no;;;;;;no;sonido|no_metronomo;estado:confusion;;;
judgment;Sentencia;Judgment;normal;especial;100;100;10;0;rival;1;0;no;no;;no;;;;;;no;;;;;
bug_bite;Picadura;Bug Bite;bug;fisico;60;100;20;0;rival;1;0;no;si;;no;;;;;;no;;comer_baya;;;
charge_beam;Rayo Carga;Charge Beam;electric;especial;50;90;10;0;rival;1;0;no;no;;no;;;;;;no;;stat_propio:sp_attack:+1@70;;;
wood_hammer;Mazazo;Wood Hammer;grass;fisico;120;100;15;0;rival;1;0;no;si;;no;;;;;;no;retroceso;retroceso:33;;;
aqua_jet;Acua Jet;Aqua Jet;water;fisico;40;100;20;1;rival;1;0;no;si;;no;;;;;;no;;;;;
attack_order;Al Ataque;Attack Order;bug;fisico;90;100;15;0;rival;1;1;no;no;;no;;;;;;no;;;;;
defend_order;A Defender;Defend Order;bug;estado;0;nunca;10;0;propio;1;0;no;no;;no;;;;;;no;;stat_propio:defense:+1|stat_propio:sp_defense:+1;;;
heal_order;Auxilio;Heal Order;bug;estado;0;nunca;10;0;propio;1;0;no;no;;no;;;;;;no;;curar:50;;;
head_smash;Testarazo;Head Smash;rock;fisico;150;80;5;0;rival;1;0;no;si;;no;;;;;;no;retroceso;retroceso:50;;;
double_hit;Doble Golpe;Double Hit;normal;fisico;35;90;10;0;rival;2;0;no;si;;no;;;;;;no;;;;;
roar_of_time;Distorsión;Roar of Time;dragon;especial;150;90;5;0;rival;1;0;recarga;no;;no;;;;;;no;;;;;
spacial_rend;Corte Vacío;Spacial Rend;dragon;especial;100;95;5;0;rival;1;1;no;no;;no;;;;;;no;;;;;
lunar_dance;Danza Lunar;Lunar Dance;psychic;estado;0;nunca;10;0;propio;1;0;no;no;;no;;;;;;no;danza;deseo_cura|debilitarse;;;
crush_grip;Agarrón;Crush Grip;normal;fisico;1;100;5;0;rival;1;0;no;si;;no;;1+120*vida_rival/100;;;;no;;;;;
magma_storm;Lluvia Ígnea;Magma Storm;fire;especial;120;75;5;0;rival;1;0;no;no;;no;;;;;;no;;estado:trapped;;;
dark_void;Brecha Negra;Dark Void;dark;estado;0;80;10;0;rivales;1;0;no;no;;no;;;;;;no;;estado:sleep;;;
seed_flare;Fulgor Semilla;Seed Flare;grass;especial;120;85;5;0;rival;1;0;no;no;;no;;;;;;no;;stat:sp_defense:-2@40;;;
ominous_wind;Viento Aciago;Ominous Wind;ghost;especial;60;100;5;0;rival;1;0;no;no;;no;;;;;;no;;stat_propio:attack:+1@10|stat_propio:defense:+1@10|stat_propio:sp_attack:+1@10|stat_propio:sp_defense:+1@10|stat_propio:speed:+1@10;;;
shadow_force;Golpe Umbrío;Shadow Force;ghost;fisico;120;100;5;0;rival;1;0;carga;si;;no;;;;;;no;semiinvulnerable|rompe_proteccion;;;;
hone_claws;Afilagarras;Hone Claws;dark;estado;0;nunca;15;0;propio;1;0;no;no;;no;;;;;;no;;stat_propio:attack:+1|stat_propio:accuracy:+1;stat_propio:attack:+1;;
wide_guard;Vasta Guardia;Wide Guard;rock;estado;0;nunca;10;3;propio;1;0;no;no;;no;;;;;;no;no_metronomo;;;;
guard_split;Isoguardia;Guard Split;psychic;estado;0;nunca;10;0;rival;1;0;no;no;;no;;;;;;no;;;;;
power_split;Isofuerza;Power Split;psychic;estado;0;nunca;10;0;rival;1;0;no;no;;no;;;;;;no;;;;;
wonder_room;Zona Extraña;Wonder Room;psychic;estado;0;nunca;10;-7;todos;1;0;no;no;;no;;;;;;no;;lado:wonder_room;;;
psyshock;Psicocarga;Psyshock;psychic;especial;80;100;10;0;rival;1;0;no;no;;no;;;;;defense;no;;;;;
venoshock;Carga Tóxica;Venoshock;poison;especial;65;100;10;0;rival;1;0;no;no;;no;x2 [si rival.estado=poison] | x2 [si rival.estado=toxic];;;;;no;;;;;
autotomize;Aligerar;Autotomize;steel;estado;0;nunca;15;0;propio;1;0;no;no;;no;;;;;;no;;stat_propio:speed:+2;;;
rage_powder;Polvo Ira;Rage Powder;bug;estado;0;nunca;20;3;propio;1;0;no;no;;no;;;;;;no;polvo|no_metronomo;;;;
telekinesis;Telequinesis;Telekinesis;psychic;estado;0;nunca;15;0;rival;1;0;no;no;;no;;;;;;no;;;;;
magic_room;Zona Mágica;Magic Room;psychic;estado;0;nunca;10;-7;todos;1;0;no;no;;no;;;;;;no;;lado:magic_room;;;
smack_down;Antiaéreo;Smack Down;rock;fisico;50;100;15;0;rival;1;0;no;no;;no;;;;;;no;;estado:smacked_down;;;
storm_throw;Llave Corsé;Storm Throw;fighting;fisico;40;100;10;0;rival;1;6;no;si;;no;;;;;;no;;;;;
flame_burst;Pirotecnia;Flame Burst;fire;especial;70;100;15;0;rival;1;0;no;no;;no;;;;;;no;;;;;
sludge_wave;Onda Tóxica;Sludge Wave;poison;especial;95;100;10;0;todos;1;0;no;no;;no;;;;;;no;;estado:poison@10;;;
quiver_dance;Danza Aleteo;Quiver Dance;bug;estado;0;nunca;20;0;propio;1;0;no;no;;no;;;;;;no;danza;stat_propio:sp_attack:+1|stat_propio:sp_defense:+1|stat_propio:speed:+1;reiniciar_etapas;;
heavy_slam;Cuerpo Pesado;Heavy Slam;steel;fisico;1;100;10;0;rival;1;0;no;si;;no;;40+20*paso(peso/max(0.1,peso_rival),2)+20*paso(peso/max(0.1,peso_rival),3)+20*paso(peso/max(0.1,peso_rival),4)+20*paso(peso/max(0.1,peso_rival),5);;;;no;;;;;
synchronoise;Sincrorruido;Synchronoise;psychic;especial;70;100;15;0;todos;1;0;no;no;;no;;;;;;no;;;;;
electro_ball;Bola Voltio;Electro Ball;electric;especial;1;100;10;0;rival;1;0;no;no;;no;;40+20*paso(velocidad/max(1,velocidad_rival),1)+20*paso(velocidad/max(1,velocidad_rival),2)+40*paso(velocidad/max(1,velocidad_rival),3)+30*paso(velocidad/max(1,velocidad_rival),4);;;;no;bomba;;;;
soak;Empapar;Soak;water;estado;0;100;20;0;rival;1;0;no;no;;no;;;;;;no;;cambiar_tipo_rival:water;stat_propio:sp_attack:+1;;
flame_charge;Nitrocarga;Flame Charge;fire;fisico;50;100;20;0;rival;1;0;no;si;;no;;;;;;no;;stat_propio:speed:+1;;;
coil;Enrosque;Coil;poison;estado;0;nunca;20;0;propio;1;0;no;no;;no;;;;;;no;;stat_propio:attack:+1|stat_propio:defense:+1|stat_propio:accuracy:+1;reiniciar_etapas;;
low_sweep;Puntapié;Low Sweep;fighting;fisico;60;100;20;0;rival;1;0;no;si;;no;;;;;;no;;stat:speed:-1;;;
acid_spray;Bomba Ácida;Acid Spray;poison;especial;40;100;20;0;rival;1;0;no;no;;no;;;;;;no;bomba;stat:sp_defense:-2;;;
foul_play;Juego Sucio;Foul Play;dark;fisico;95;100;15;0;rival;1;0;no;si;;no;;;;attack;;si;;;;;
simple_beam;Onda Simple;Simple Beam;normal;estado;0;100;15;0;rival;1;0;no;no;;no;;;;;;no;;poner_habilidad:simple;;;
entrainment;Danza Amiga;Entrainment;normal;estado;0;100;15;0;rival;1;0;no;no;;no;;;;;;no;;dar_habilidad;;;
after_you;Cede Paso;After You;normal;estado;0;nunca;15;0;rival;1;0;no;no;;no;;;;;;no;no_metronomo;;;;
round;Canon;Round;normal;especial;60;100;15;0;rival;1;0;no;no;;no;;;;;;no;sonido;;;;
echoed_voice;Eco Voz;Echoed Voice;normal;especial;40;100;15;0;rival;1;0;no;no;;no;;40*(1+min(seguidos,4));;;;no;sonido;;;;
chip_away;Guardia Baja;Chip Away;normal;fisico;70;100;20;0;rival;1;0;no;si;;no;;;;;;no;ignora_etapas;;;;
clear_smog;Niebla Clara;Clear Smog;poison;especial;50;nunca;15;0;rival;1;0;no;no;;no;;;;;;no;;reiniciar_etapas_rival;;;
stored_power;Poder Reserva;Stored Power;psychic;especial;20;100;10;0;rival;1;0;no;no;;no;;20+20*subidas;;;;no;;;;;
quick_guard;Anticipo;Quick Guard;fighting;estado;0;nunca;15;3;propio;1;0;no;no;;no;;;;;;no;no_metronomo;;;;
ally_switch;Cambio de Banda;Ally Switch;psychic;estado;0;nunca;15;2;propio;1;0;no;no;;no;;;;;;no;no_metronomo;;;;
scald;Escaldar;Scald;water;especial;80;100;15;0;rival;1;0;no;no;;no;;;;;;no;;estado:burn@30;;;
shell_smash;Rompecoraza;Shell Smash;normal;estado;0;nunca;15;0;propio;1;0;no;no;;no;;;;;;no;;stat_propio:defense:-1|stat_propio:sp_defense:-1|stat_propio:attack:+2|stat_propio:sp_attack:+2|stat_propio:speed:+2;reiniciar_etapas;;
heal_pulse;Pulso Cura;Heal Pulse;psychic;estado;0;nunca;10;0;rival;1;0;no;no;;no;;;;;;no;pulso;curar_rival:50;;;
hex;Infortunio;Hex;ghost;especial;50;100;10;0;rival;1;0;no;no;;no;x2 [si rival.estado];;;;;no;;;;;
sky_drop;Caída Libre;Sky Drop;flying;fisico;60;100;10;0;rival;1;0;carga;si;;no;;;;;;no;semiinvulnerable;;;;
shift_gear;Cambio de Marcha;Shift Gear;steel;estado;0;nunca;10;0;propio;1;0;no;no;;no;;;;;;no;;stat_propio:attack:+1|stat_propio:speed:+2;reiniciar_etapas;;
circle_throw;Llave Giro;Circle Throw;fighting;fisico;60;90;10;-6;rival;1;0;no;si;;no;;;;;;no;;forzar_cambio;;;
incinerate;Calcinación;Incinerate;fire;especial;30;100;15;0;rivales;1;0;no;no;;no;;;;;;no;;;;;
quash;Último Lugar;Quash;dark;estado;0;100;15;0;rival;1;0;no;no;;no;;;;;;no;no_metronomo;;;;
acrobatics;Acróbata;Acrobatics;flying;fisico;55;100;15;0;rival;1;0;no;si;;no;x2 [si !propio.objeto];;;;;no;;;;;
reflect_type;Clonatipo;Reflect Type;normal;estado;0;nunca;15;0;rival;1;0;no;no;;no;;;;;;no;;copiar_tipos;;;
retaliate;Represalia;Retaliate;normal;fisico;70;100;5;0;rival;1;0;no;si;;no;;;;;;no;;;;;
final_gambit;Sacrificio;Final Gambit;fighting;especial;0;100;5;0;rival;1;0;no;no;ps_propios;no;;;;;;no;;debilitarse;;;
bestow;Ofrenda;Bestow;normal;estado;0;nunca;15;0;rival;1;0;no;no;;no;;;;;;no;no_metronomo;dar_objeto;;;
inferno;Infierno;Inferno;fire;especial;100;50;5;0;rival;1;0;no;no;;no;;;;;;no;;estado:burn;;;
water_pledge;Voto Agua;Water Pledge;water;especial;50;100;10;0;rival;1;0;no;no;;no;;;;;;no;;;;;
fire_pledge;Voto Fuego;Fire Pledge;fire;especial;50;100;10;0;rival;1;0;no;no;;no;;;;;;no;;;;;
grass_pledge;Voto Planta;Grass Pledge;grass;especial;50;100;10;0;rival;1;0;no;no;;no;;;;;;no;;;;;
volt_switch;Voltiocambio;Volt Switch;electric;especial;70;100;20;0;rival;1;0;no;no;;no;;;;;;no;;cambio_propio;;;
struggle_bug;Estoicismo;Struggle Bug;bug;especial;30;100;20;0;rivales;1;0;no;no;;no;;;;;;no;;stat:sp_attack:-1;;;
bulldoze;Terratemblor;Bulldoze;ground;fisico;60;100;20;0;todos;1;0;no;no;;no;;;;;;no;;stat:speed:-1;;;
frost_breath;Vaho Gélido;Frost Breath;ice;especial;40;90;10;0;rival;1;6;no;no;;no;;;;;;no;;;;;
dragon_tail;Cola Dragón;Dragon Tail;dragon;fisico;60;90;10;-6;rival;1;0;no;si;;no;;;;;;no;;forzar_cambio;;;
work_up;Avivar;Work Up;normal;estado;0;nunca;30;0;propio;1;0;no;no;;no;;;;;;no;;stat_propio:attack:+1|stat_propio:sp_attack:+1;stat_propio:attack:+1;;
electroweb;Electrotela;Electroweb;electric;especial;55;95;15;0;rivales;1;0;no;no;;no;;;;;;no;;stat:speed:-1;;;
wild_charge;Voltio Cruel;Wild Charge;electric;fisico;90;100;15;0;rival;1;0;no;si;;no;;;;;;no;retroceso;retroceso:25;;;
drill_run;Taladradora;Drill Run;ground;fisico;80;95;10;0;rival;1;1;no;si;;no;;;;;;no;;;;;
dual_chop;Golpe Bis;Dual Chop;dragon;fisico;40;90;15;0;rival;2;0;no;si;;no;;;;;;no;;;;;
heart_stamp;Arrumaco;Heart Stamp;psychic;fisico;60;100;25;0;rival;1;0;no;si;;no;;;;;;no;;amedrentar@30;;;
horn_leech;Asta Drenaje;Horn Leech;grass;fisico;75;100;10;0;rival;1;0;no;si;;no;;;;;;no;;drenar:50;;;
sacred_sword;Espada Santa;Sacred Sword;fighting;fisico;90;100;20;0;rival;1;0;no;si;;no;;;;;;no;corte|ignora_etapas;;;;
razor_shell;Concha Filo;Razor Shell;water;fisico;75;95;10;0;rival;1;0;no;si;;no;;;;;;no;corte;stat:defense:-1@50;;;
heat_crash;Golpe Calor;Heat Crash;fire;fisico;1;100;10;0;rival;1;0;no;si;;no;;40+20*paso(peso/max(0.1,peso_rival),2)+20*paso(peso/max(0.1,peso_rival),3)+20*paso(peso/max(0.1,peso_rival),4)+20*paso(peso/max(0.1,peso_rival),5);;;;no;;;;;
leaf_tornado;Ciclón de Hojas;Leaf Tornado;grass;especial;65;90;10;0;rival;1;0;no;no;;no;;;;;;no;;stat:accuracy:-1@50;;;
steamroller;Rodillo de Púas;Steamroller;bug;fisico;65;100;20;0;rival;1;0;no;si;;no;;;;;;no;;amedrentar@30;;;
cotton_guard;Rizo Algodón;Cotton Guard;grass;estado;0;nunca;10;0;propio;1;0;no;no;;no;;;;;;no;;stat_propio:defense:+3;reiniciar_etapas;;
night_daze;Pulso Noche;Night Daze;dark;especial;85;95;10;0;rival;1;0;no;no;;no;;;;;;no;;stat:accuracy:-1@40;;;
psystrike;Onda Mental;Psystrike;psychic;especial;100;100;10;0;rival;1;0;no;no;;no;;;;;defense;no;;;;;
tail_slap;Plumerazo;Tail Slap;normal;fisico;25;85;10;0;rival;2-5;0;no;si;;no;;;;;;no;;;;;
hurricane;Vendaval;Hurricane;flying;especial;120;70;10;0;rival;1;0;no;no;;no;;;;;;no;;estado:confusion@30;;;
head_charge;Ariete;Head Charge;normal;fisico;120;100;15;0;rival;1;0;no;si;;no;;;;;;no;retroceso;retroceso:25;;;
gear_grind;Rueda Doble;Gear Grind;steel;fisico;50;85;15;0;rival;2;0;no;si;;no;;;;;;no;;;;;
searing_shot;Bomba Ígnea;Searing Shot;fire;especial;100;100;5;0;todos;1;0;no;no;;no;;;;;;no;bomba;estado:burn@30;;;
techno_blast;Tecno Shock;Techno Blast;normal;especial;85;100;5;0;rival;1;0;no;no;;no;;;;;;no;;;;;
relic_song;Canto Arcaico;Relic Song;normal;especial;75;100;10;0;rivales;1;0;no;no;;no;;;;;;no;sonido;estado:sleep@10;;;
secret_sword;Sable Místico;Secret Sword;fighting;especial;85;100;10;0;rival;1;0;no;no;;no;;;;;defense;no;corte;;;;
glaciate;Mundo Gélido;Glaciate;ice;especial;65;95;10;0;rivales;1;0;no;no;;no;;;;;;no;;stat:speed:-1;;;
bolt_strike;Ataque Fulgor;Bolt Strike;electric;fisico;130;85;5;0;rival;1;0;no;si;;no;;;;;;no;;estado:paralysis@20;;;
blue_flare;Llama Azul;Blue Flare;fire;especial;130;85;5;0;rival;1;0;no;no;;no;;;;;;no;;estado:burn@20;;;
fiery_dance;Danza Llama;Fiery Dance;fire;especial;80;100;10;0;rival;1;0;no;no;;no;;;;;;no;danza;stat_propio:sp_attack:+1@50;;;
freeze_shock;Rayo Gélido;Freeze Shock;ice;fisico;140;90;5;0;rival;1;0;carga;no;;no;;;;;;no;;estado:paralysis@30;;;
ice_burn;Llama Gélida;Ice Burn;ice;especial;140;90;5;0;rival;1;0;carga;no;;no;;;;;;no;;estado:burn@30;;;
snarl;Alarido;Snarl;dark;especial;55;95;15;0;rivales;1;0;no;no;;no;;;;;;no;sonido;stat:sp_attack:-1;;;
icicle_crash;Chuzos;Icicle Crash;ice;fisico;85;90;10;0;rival;1;0;no;no;;no;;;;;;no;;amedrentar@30;;;
v_create;V de Fuego;V-create;fire;fisico;180;95;5;0;rival;1;0;no;si;;no;;;;;;no;;stat_propio:defense:-1|stat_propio:sp_defense:-1|stat_propio:speed:-1;;;
fusion_flare;Llama Fusión;Fusion Flare;fire;especial;100;100;5;0;rival;1;0;no;no;;no;;;;;;no;;;;;
fusion_bolt;Rayo Fusión;Fusion Bolt;electric;fisico;100;100;5;0;rival;1;0;no;no;;no;;;;;;no;;;;;
