id;nombre;nombre_en;sube;baja;porcentaje
adamant;Firme;;attack;sp_attack;10
bashful;Tímida;;sp_attack;sp_attack;10
bold;Osada;;defense;attack;10
brave;Audaz;;attack;speed;10
calm;Serena;;sp_defense;attack;10
careful;Cauta;;sp_defense;sp_attack;10
docile;Dócil;;defense;defense;10
gentle;Amable;;sp_defense;defense;10
hardy;Fuerte;;attack;attack;10
hasty;Activa;;speed;defense;10
impish;Agitada;;defense;sp_attack;10
jolly;Alegre;;speed;sp_attack;10
lax;Floja;;defense;sp_defense;10
lonely;Huraña;;attack;defense;10
mild;Afable;;sp_attack;defense;10
modest;Modesta;;sp_attack;attack;10
naive;Ingenua;;speed;sp_defense;10
naughty;Pícara;;attack;sp_defense;10
quiet;Mansa;;sp_attack;speed;10
quirky;Rara;;sp_defense;sp_defense;10
rash;Alocada;;sp_attack;sp_defense;10
relaxed;Plácida;;defense;speed;10
sassy;Grosera;;sp_defense;speed;10
serious;Seria;;speed;speed;10
timid;Miedosa;;speed;attack;10
